"","target","metric","Method","value","finetuning"
"1","Crizotinib","pearson_corr","GNN_finetuned",0.339766680589153,"With Fine Tuning"
"2","Crizotinib","pearson_corr","GNN_finetuned",0.410400567602482,"With Fine Tuning"
"3","Crizotinib","pearson_corr","GNN_finetuned",0.282739896751245,"With Fine Tuning"
"4","Crizotinib","pearson_corr","GNN_finetuned",0.257475513702513,"With Fine Tuning"
"5","Crizotinib","pearson_corr","GNN_finetuned",0.434569382533474,"With Fine Tuning"
"6","Crizotinib","pearson_corr","GNN_finetuned",0.238059406584531,"With Fine Tuning"
"7","Crizotinib","pearson_corr","GNN_finetuned",0.367797574684803,"With Fine Tuning"
"8","Crizotinib","pearson_corr","GNN_finetuned",0.258546861274114,"With Fine Tuning"
"9","Crizotinib","pearson_corr","GNN_finetuned",0.288252012606225,"With Fine Tuning"
"10","Crizotinib","pearson_corr","GNN_finetuned",0.320756209999668,"With Fine Tuning"
"11","Crizotinib","pearson_corr","GNN_finetuned",0.38165558893666,"With Fine Tuning"
"12","Crizotinib","pearson_corr","GNN_finetuned",0.286306056851981,"With Fine Tuning"
"13","Crizotinib","pearson_corr","GNN_finetuned",0.315914859707461,"With Fine Tuning"
"14","Crizotinib","pearson_corr","GNN_finetuned",0.368550629239784,"With Fine Tuning"
"15","Crizotinib","pearson_corr","GNN_finetuned",0.43278962111286,"With Fine Tuning"
"16","Crizotinib","pearson_corr","GNN_finetuned",0.191724731496346,"With Fine Tuning"
"17","Crizotinib","pearson_corr","GNN_finetuned",0.282180712319039,"With Fine Tuning"
"18","Crizotinib","pearson_corr","GNN_finetuned",0.263663842380915,"With Fine Tuning"
"19","Crizotinib","pearson_corr","GNN_finetuned",0.306414484340072,"With Fine Tuning"
"20","Crizotinib","pearson_corr","GNN_finetuned",0.347364582633533,"With Fine Tuning"
"21","Crizotinib","pearson_corr","GNN_finetuned",0.230110412807576,"With Fine Tuning"
"22","Crizotinib","pearson_corr","GNN_finetuned",0.316370718502248,"With Fine Tuning"
"23","Crizotinib","pearson_corr","GNN_finetuned",0.126786524853898,"With Fine Tuning"
"24","Crizotinib","pearson_corr","GNN_finetuned",0.393810124820175,"With Fine Tuning"
"25","Crizotinib","pearson_corr","GNN_finetuned",0.282980570909094,"With Fine Tuning"
"26","Crizotinib","pearson_corr","GNN_finetuned",0.398046160487157,"With Fine Tuning"
"27","Crizotinib","pearson_corr","GNN_finetuned",0.387079489860316,"With Fine Tuning"
"28","Crizotinib","pearson_corr","GNN_finetuned",0.334956868332924,"With Fine Tuning"
"29","Crizotinib","pearson_corr","GNN_finetuned",0.332200593559689,"With Fine Tuning"
"30","Crizotinib","pearson_corr","GNN_finetuned",0.293443702368447,"With Fine Tuning"
"31","Crizotinib","pearson_corr","GNN_finetuned",0.227995033155285,"With Fine Tuning"
"32","Crizotinib","pearson_corr","GNN_finetuned",0.256522002702607,"With Fine Tuning"
"33","Crizotinib","pearson_corr","GNN_finetuned",0.257721311065917,"With Fine Tuning"
"34","Crizotinib","pearson_corr","GNN_finetuned",0.359509036069978,"With Fine Tuning"
"35","Crizotinib","pearson_corr","GNN_finetuned",0.23461811774896,"With Fine Tuning"
"36","Crizotinib","pearson_corr","GNN_finetuned",0.373552983920155,"With Fine Tuning"
"37","Crizotinib","pearson_corr","GNN_finetuned",0.171578165852532,"With Fine Tuning"
"38","Crizotinib","pearson_corr","GNN_finetuned",0.242042995679001,"With Fine Tuning"
"39","Crizotinib","pearson_corr","GNN_finetuned",0.35986379443493,"With Fine Tuning"
"40","Crizotinib","pearson_corr","GNN_finetuned",0.364912857495307,"With Fine Tuning"
"41","Crizotinib","pearson_corr","GNN_finetuned",0.380080497182775,"With Fine Tuning"
"42","Crizotinib","pearson_corr","GNN_finetuned",0.327101603467069,"With Fine Tuning"
"43","Crizotinib","pearson_corr","GNN_finetuned",0.316545943322293,"With Fine Tuning"
"44","Crizotinib","pearson_corr","GNN_finetuned",0.460756334488076,"With Fine Tuning"
"45","Crizotinib","pearson_corr","GNN_finetuned",0.230721092769845,"With Fine Tuning"
"46","Crizotinib","pearson_corr","GNN_finetuned",0.438160269114588,"With Fine Tuning"
"47","Crizotinib","pearson_corr","GNN_finetuned",0.451760493715344,"With Fine Tuning"
"48","Crizotinib","pearson_corr","GNN_finetuned",0.416904366574018,"With Fine Tuning"
"49","Crizotinib","pearson_corr","GNN_finetuned",0.371309619570884,"With Fine Tuning"
"50","Crizotinib","pearson_corr","GNN_finetuned",0.392686615524406,"With Fine Tuning"
"51","Crizotinib","pearson_corr","GNN_finetuned",0.347275577509649,"With Fine Tuning"
"52","Crizotinib","pearson_corr","GNN_finetuned",0.221763719766884,"With Fine Tuning"
"53","Crizotinib","pearson_corr","GNN_finetuned",0.336495994161836,"With Fine Tuning"
"54","Crizotinib","pearson_corr","GNN_finetuned",0.461946306650766,"With Fine Tuning"
"55","Crizotinib","pearson_corr","GNN_finetuned",0.378928936437138,"With Fine Tuning"
"56","Crizotinib","pearson_corr","GNN_finetuned",0.454484175983258,"With Fine Tuning"
"57","Crizotinib","pearson_corr","GNN_finetuned",0.296979252453791,"With Fine Tuning"
"58","Crizotinib","pearson_corr","GNN_finetuned",0.320961964618801,"With Fine Tuning"
"59","Crizotinib","pearson_corr","GNN_finetuned",0.37321623348523,"With Fine Tuning"
"60","Crizotinib","pearson_corr","GNN_finetuned",0.334318352215942,"With Fine Tuning"
"61","Crizotinib","pearson_corr","GNN_finetuned",0.21872599270841,"With Fine Tuning"
"62","Crizotinib","pearson_corr","GNN_finetuned",0.310032719295203,"With Fine Tuning"
"63","Crizotinib","pearson_corr","GNN_finetuned",0.185980193496231,"With Fine Tuning"
"64","Crizotinib","pearson_corr","GNN_finetuned",0.330297402182465,"With Fine Tuning"
"65","Crizotinib","pearson_corr","GNN_finetuned",0.455968242160275,"With Fine Tuning"
"66","Crizotinib","pearson_corr","GNN_finetuned",0.44600428396995,"With Fine Tuning"
"67","Crizotinib","pearson_corr","GNN_finetuned",0.335160956572414,"With Fine Tuning"
"68","Crizotinib","pearson_corr","GNN_finetuned",0.14795415529066,"With Fine Tuning"
"69","Crizotinib","pearson_corr","GNN_finetuned",0.370300718005534,"With Fine Tuning"
"70","Crizotinib","pearson_corr","GNN_finetuned",0.344116241609639,"With Fine Tuning"
"71","Crizotinib","pearson_corr","GNN_finetuned",0.555944265773967,"With Fine Tuning"
"72","Crizotinib","pearson_corr","GNN_finetuned",0.23018669041799,"With Fine Tuning"
"73","Crizotinib","pearson_corr","GNN_finetuned",0.426956210102642,"With Fine Tuning"
"74","Crizotinib","pearson_corr","GNN_finetuned",0.25991905791899,"With Fine Tuning"
"75","Crizotinib","pearson_corr","GNN_finetuned",0.217822652432109,"With Fine Tuning"
"76","Crizotinib","pearson_corr","GNN_finetuned",0.333463573122455,"With Fine Tuning"
"77","Crizotinib","pearson_corr","GNN_finetuned",0.296666829208127,"With Fine Tuning"
"78","Crizotinib","pearson_corr","GNN_finetuned",0.379365527676443,"With Fine Tuning"
"79","Crizotinib","pearson_corr","GNN_finetuned",0.397627053592895,"With Fine Tuning"
"80","Crizotinib","pearson_corr","GNN_finetuned",0.192026431375197,"With Fine Tuning"
"81","Crizotinib","pearson_corr","GNN_finetuned",0.309658527103378,"With Fine Tuning"
"82","Crizotinib","pearson_corr","GNN_finetuned",0.22953549336682,"With Fine Tuning"
"83","Crizotinib","pearson_corr","GNN_finetuned",0.410753324327387,"With Fine Tuning"
"84","Crizotinib","pearson_corr","GNN_finetuned",0.299462680841486,"With Fine Tuning"
"85","Crizotinib","pearson_corr","GNN_finetuned",0.194192054363759,"With Fine Tuning"
"86","Crizotinib","pearson_corr","GNN_finetuned",0.416581429161816,"With Fine Tuning"
"87","Crizotinib","pearson_corr","GNN_finetuned",0.333139175327365,"With Fine Tuning"
"88","Crizotinib","pearson_corr","GNN_finetuned",0.453429309930582,"With Fine Tuning"
"89","Crizotinib","pearson_corr","GNN_finetuned",0.286885851364309,"With Fine Tuning"
"90","Crizotinib","pearson_corr","GNN_finetuned",0.324452495839344,"With Fine Tuning"
"91","Crizotinib","pearson_corr","GNN_finetuned",0.47568160722253,"With Fine Tuning"
"92","Crizotinib","pearson_corr","GNN_finetuned",0.219890557945106,"With Fine Tuning"
"93","Crizotinib","pearson_corr","GNN_finetuned",0.225406530922156,"With Fine Tuning"
"94","Crizotinib","pearson_corr","GNN_finetuned",0.401323638614486,"With Fine Tuning"
"95","Crizotinib","pearson_corr","GNN_finetuned",0.275719148666442,"With Fine Tuning"
"96","Crizotinib","pearson_corr","GNN_finetuned",0.244930500495445,"With Fine Tuning"
"97","Crizotinib","pearson_corr","GNN_finetuned",0.219668730799796,"With Fine Tuning"
"98","Crizotinib","pearson_corr","GNN_finetuned",0.223271051629328,"With Fine Tuning"
"99","Crizotinib","pearson_corr","GNN_finetuned",0.340310304147801,"With Fine Tuning"
"100","Crizotinib","pearson_corr","GNN_finetuned",0.383979183846275,"With Fine Tuning"
"101","Crizotinib","pearson_corr","DirectPred",0.295573297762883,"No Fine Tuning"
"102","Crizotinib","pearson_corr","DirectPred",0.212426363921976,"No Fine Tuning"
"103","Crizotinib","pearson_corr","DirectPred",0.148905874719904,"No Fine Tuning"
"104","Crizotinib","pearson_corr","DirectPred",0.18565700421458,"No Fine Tuning"
"105","Crizotinib","pearson_corr","DirectPred",0.24888420123732,"No Fine Tuning"
"106","Crizotinib","pearson_corr","DirectPred",0.130879838329679,"No Fine Tuning"
"107","Crizotinib","pearson_corr","DirectPred",0.289332112506907,"No Fine Tuning"
"108","Crizotinib","pearson_corr","DirectPred",0.142213058491137,"No Fine Tuning"
"109","Crizotinib","pearson_corr","DirectPred",0.205236468736775,"No Fine Tuning"
"110","Crizotinib","pearson_corr","DirectPred",0.263921484875326,"No Fine Tuning"
"111","Crizotinib","pearson_corr","DirectPred",0.240893904767381,"No Fine Tuning"
"112","Crizotinib","pearson_corr","DirectPred",0.133758778927531,"No Fine Tuning"
"113","Crizotinib","pearson_corr","DirectPred",0.182645888783838,"No Fine Tuning"
"114","Crizotinib","pearson_corr","DirectPred",0.26680100384736,"No Fine Tuning"
"115","Crizotinib","pearson_corr","DirectPred",0.287762486786614,"No Fine Tuning"
"116","Crizotinib","pearson_corr","DirectPred",0.0629652475946283,"No Fine Tuning"
"117","Crizotinib","pearson_corr","DirectPred",0.202859728054897,"No Fine Tuning"
"118","Crizotinib","pearson_corr","DirectPred",0.176451956073299,"No Fine Tuning"
"119","Crizotinib","pearson_corr","DirectPred",0.179891076312701,"No Fine Tuning"
"120","Crizotinib","pearson_corr","DirectPred",0.159721066994703,"No Fine Tuning"
"121","Crizotinib","pearson_corr","DirectPred",0.146956467168338,"No Fine Tuning"
"122","Crizotinib","pearson_corr","DirectPred",0.205133613243669,"No Fine Tuning"
"123","Crizotinib","pearson_corr","DirectPred",0.0977135975951412,"No Fine Tuning"
"124","Crizotinib","pearson_corr","DirectPred",0.225357221704314,"No Fine Tuning"
"125","Crizotinib","pearson_corr","DirectPred",0.149214742123022,"No Fine Tuning"
"126","Crizotinib","pearson_corr","DirectPred",0.198562803247419,"No Fine Tuning"
"127","Crizotinib","pearson_corr","DirectPred",0.209458400796009,"No Fine Tuning"
"128","Crizotinib","pearson_corr","DirectPred",0.186054246508102,"No Fine Tuning"
"129","Crizotinib","pearson_corr","DirectPred",0.154317141019653,"No Fine Tuning"
"130","Crizotinib","pearson_corr","DirectPred",0.176339261349981,"No Fine Tuning"
"131","Crizotinib","pearson_corr","DirectPred",0.136568472843821,"No Fine Tuning"
"132","Crizotinib","pearson_corr","DirectPred",0.159803997664065,"No Fine Tuning"
"133","Crizotinib","pearson_corr","DirectPred",0.0907071845582936,"No Fine Tuning"
"134","Crizotinib","pearson_corr","DirectPred",0.208061750947163,"No Fine Tuning"
"135","Crizotinib","pearson_corr","DirectPred",0.114426339813197,"No Fine Tuning"
"136","Crizotinib","pearson_corr","DirectPred",0.206343245431688,"No Fine Tuning"
"137","Crizotinib","pearson_corr","DirectPred",0.0687013958294536,"No Fine Tuning"
"138","Crizotinib","pearson_corr","DirectPred",0.114986485451312,"No Fine Tuning"
"139","Crizotinib","pearson_corr","DirectPred",0.262780892675007,"No Fine Tuning"
"140","Crizotinib","pearson_corr","DirectPred",0.189821691576872,"No Fine Tuning"
"141","Crizotinib","pearson_corr","DirectPred",0.242131792853029,"No Fine Tuning"
"142","Crizotinib","pearson_corr","DirectPred",0.185601976654315,"No Fine Tuning"
"143","Crizotinib","pearson_corr","DirectPred",0.197042551996003,"No Fine Tuning"
"144","Crizotinib","pearson_corr","DirectPred",0.272209644562013,"No Fine Tuning"
"145","Crizotinib","pearson_corr","DirectPred",0.0977664957323155,"No Fine Tuning"
"146","Crizotinib","pearson_corr","DirectPred",0.295921720896252,"No Fine Tuning"
"147","Crizotinib","pearson_corr","DirectPred",0.24997851645056,"No Fine Tuning"
"148","Crizotinib","pearson_corr","DirectPred",0.255558906628325,"No Fine Tuning"
"149","Crizotinib","pearson_corr","DirectPred",0.241774463277031,"No Fine Tuning"
"150","Crizotinib","pearson_corr","DirectPred",0.224033908435936,"No Fine Tuning"
"151","Crizotinib","pearson_corr","DirectPred",0.185054942237183,"No Fine Tuning"
"152","Crizotinib","pearson_corr","DirectPred",0.154485250219174,"No Fine Tuning"
"153","Crizotinib","pearson_corr","DirectPred",0.185722396507284,"No Fine Tuning"
"154","Crizotinib","pearson_corr","DirectPred",0.251228543089625,"No Fine Tuning"
"155","Crizotinib","pearson_corr","DirectPred",0.218183636094325,"No Fine Tuning"
"156","Crizotinib","pearson_corr","DirectPred",0.221640357258635,"No Fine Tuning"
"157","Crizotinib","pearson_corr","DirectPred",0.184848790474321,"No Fine Tuning"
"158","Crizotinib","pearson_corr","DirectPred",0.176804304114183,"No Fine Tuning"
"159","Crizotinib","pearson_corr","DirectPred",0.249064562876739,"No Fine Tuning"
"160","Crizotinib","pearson_corr","DirectPred",0.228896582290976,"No Fine Tuning"
"161","Crizotinib","pearson_corr","DirectPred",0.152034298331566,"No Fine Tuning"
"162","Crizotinib","pearson_corr","DirectPred",0.15150527528397,"No Fine Tuning"
"163","Crizotinib","pearson_corr","DirectPred",0.0695458626270612,"No Fine Tuning"
"164","Crizotinib","pearson_corr","DirectPred",0.22390769553721,"No Fine Tuning"
"165","Crizotinib","pearson_corr","DirectPred",0.250130576719888,"No Fine Tuning"
"166","Crizotinib","pearson_corr","DirectPred",0.318361388558186,"No Fine Tuning"
"167","Crizotinib","pearson_corr","DirectPred",0.166375210152236,"No Fine Tuning"
"168","Crizotinib","pearson_corr","DirectPred",0.106333656770515,"No Fine Tuning"
"169","Crizotinib","pearson_corr","DirectPred",0.225493025895232,"No Fine Tuning"
"170","Crizotinib","pearson_corr","DirectPred",0.221000013758893,"No Fine Tuning"
"171","Crizotinib","pearson_corr","DirectPred",0.352216474844082,"No Fine Tuning"
"172","Crizotinib","pearson_corr","DirectPred",0.17494086029254,"No Fine Tuning"
"173","Crizotinib","pearson_corr","DirectPred",0.269598207865894,"No Fine Tuning"
"174","Crizotinib","pearson_corr","DirectPred",0.161199793195873,"No Fine Tuning"
"175","Crizotinib","pearson_corr","DirectPred",0.0789659610209292,"No Fine Tuning"
"176","Crizotinib","pearson_corr","DirectPred",0.215337919381705,"No Fine Tuning"
"177","Crizotinib","pearson_corr","DirectPred",0.183549109546312,"No Fine Tuning"
"178","Crizotinib","pearson_corr","DirectPred",0.299967633369855,"No Fine Tuning"
"179","Crizotinib","pearson_corr","DirectPred",0.281998950233435,"No Fine Tuning"
"180","Crizotinib","pearson_corr","DirectPred",0.0796151473720255,"No Fine Tuning"
"181","Crizotinib","pearson_corr","DirectPred",0.17926178655876,"No Fine Tuning"
"182","Crizotinib","pearson_corr","DirectPred",0.124142676925958,"No Fine Tuning"
"183","Crizotinib","pearson_corr","DirectPred",0.172688166683428,"No Fine Tuning"
"184","Crizotinib","pearson_corr","DirectPred",0.18285922499093,"No Fine Tuning"
"185","Crizotinib","pearson_corr","DirectPred",0.102243248180364,"No Fine Tuning"
"186","Crizotinib","pearson_corr","DirectPred",0.304548673492671,"No Fine Tuning"
"187","Crizotinib","pearson_corr","DirectPred",0.186083003970845,"No Fine Tuning"
"188","Crizotinib","pearson_corr","DirectPred",0.326056808502536,"No Fine Tuning"
"189","Crizotinib","pearson_corr","DirectPred",0.206411744905333,"No Fine Tuning"
"190","Crizotinib","pearson_corr","DirectPred",0.179641122868303,"No Fine Tuning"
"191","Crizotinib","pearson_corr","DirectPred",0.29599223803351,"No Fine Tuning"
"192","Crizotinib","pearson_corr","DirectPred",0.131073769329487,"No Fine Tuning"
"193","Crizotinib","pearson_corr","DirectPred",0.118182059310863,"No Fine Tuning"
"194","Crizotinib","pearson_corr","DirectPred",0.288547315189144,"No Fine Tuning"
"195","Crizotinib","pearson_corr","DirectPred",0.146004423536644,"No Fine Tuning"
"196","Crizotinib","pearson_corr","DirectPred",0.0955194931764579,"No Fine Tuning"
"197","Crizotinib","pearson_corr","DirectPred",0.159077340295627,"No Fine Tuning"
"198","Crizotinib","pearson_corr","DirectPred",0.129459936185971,"No Fine Tuning"
"199","Crizotinib","pearson_corr","DirectPred",0.199173837502798,"No Fine Tuning"
"200","Crizotinib","pearson_corr","DirectPred",0.247401335469729,"No Fine Tuning"
"201","Crizotinib","pearson_corr","GNN",0.316617248086839,"No Fine Tuning"
"202","Crizotinib","pearson_corr","GNN",0.4184548236358,"No Fine Tuning"
"203","Crizotinib","pearson_corr","GNN",0.209653038644621,"No Fine Tuning"
"204","Crizotinib","pearson_corr","GNN",0.219218350253792,"No Fine Tuning"
"205","Crizotinib","pearson_corr","GNN",0.440561041845002,"No Fine Tuning"
"206","Crizotinib","pearson_corr","GNN",0.289723698497626,"No Fine Tuning"
"207","Crizotinib","pearson_corr","GNN",0.34754521246256,"No Fine Tuning"
"208","Crizotinib","pearson_corr","GNN",0.158216933545843,"No Fine Tuning"
"209","Crizotinib","pearson_corr","GNN",0.295441822443865,"No Fine Tuning"
"210","Crizotinib","pearson_corr","GNN",0.245674542625138,"No Fine Tuning"
"211","Crizotinib","pearson_corr","GNN",0.346339407799853,"No Fine Tuning"
"212","Crizotinib","pearson_corr","GNN",0.269147239838427,"No Fine Tuning"
"213","Crizotinib","pearson_corr","GNN",0.296101960217006,"No Fine Tuning"
"214","Crizotinib","pearson_corr","GNN",0.326012109715544,"No Fine Tuning"
"215","Crizotinib","pearson_corr","GNN",0.443526551583842,"No Fine Tuning"
"216","Crizotinib","pearson_corr","GNN",0.140116113246595,"No Fine Tuning"
"217","Crizotinib","pearson_corr","GNN",0.235388092616434,"No Fine Tuning"
"218","Crizotinib","pearson_corr","GNN",0.170031426716471,"No Fine Tuning"
"219","Crizotinib","pearson_corr","GNN",0.311052651503411,"No Fine Tuning"
"220","Crizotinib","pearson_corr","GNN",0.26460582394429,"No Fine Tuning"
"221","Crizotinib","pearson_corr","GNN",0.197724754486187,"No Fine Tuning"
"222","Crizotinib","pearson_corr","GNN",0.263565309836023,"No Fine Tuning"
"223","Crizotinib","pearson_corr","GNN",0.156972033702275,"No Fine Tuning"
"224","Crizotinib","pearson_corr","GNN",0.348582223280959,"No Fine Tuning"
"225","Crizotinib","pearson_corr","GNN",0.245531738275873,"No Fine Tuning"
"226","Crizotinib","pearson_corr","GNN",0.364647824390437,"No Fine Tuning"
"227","Crizotinib","pearson_corr","GNN",0.38798438002252,"No Fine Tuning"
"228","Crizotinib","pearson_corr","GNN",0.30288112203325,"No Fine Tuning"
"229","Crizotinib","pearson_corr","GNN",0.327934726985067,"No Fine Tuning"
"230","Crizotinib","pearson_corr","GNN",0.226311631163376,"No Fine Tuning"
"231","Crizotinib","pearson_corr","GNN",0.163106589391432,"No Fine Tuning"
"232","Crizotinib","pearson_corr","GNN",0.197752448484306,"No Fine Tuning"
"233","Crizotinib","pearson_corr","GNN",0.199947869054206,"No Fine Tuning"
"234","Crizotinib","pearson_corr","GNN",0.335527296252939,"No Fine Tuning"
"235","Crizotinib","pearson_corr","GNN",0.165998371029879,"No Fine Tuning"
"236","Crizotinib","pearson_corr","GNN",0.324155546265839,"No Fine Tuning"
"237","Crizotinib","pearson_corr","GNN",0.0978121295594878,"No Fine Tuning"
"238","Crizotinib","pearson_corr","GNN",0.233214777262252,"No Fine Tuning"
"239","Crizotinib","pearson_corr","GNN",0.338355523864768,"No Fine Tuning"
"240","Crizotinib","pearson_corr","GNN",0.336819083336272,"No Fine Tuning"
"241","Crizotinib","pearson_corr","GNN",0.375390065844926,"No Fine Tuning"
"242","Crizotinib","pearson_corr","GNN",0.311272323221159,"No Fine Tuning"
"243","Crizotinib","pearson_corr","GNN",0.247499392496909,"No Fine Tuning"
"244","Crizotinib","pearson_corr","GNN",0.402524173381632,"No Fine Tuning"
"245","Crizotinib","pearson_corr","GNN",0.220987656829558,"No Fine Tuning"
"246","Crizotinib","pearson_corr","GNN",0.44996100533809,"No Fine Tuning"
"247","Crizotinib","pearson_corr","GNN",0.423469262999655,"No Fine Tuning"
"248","Crizotinib","pearson_corr","GNN",0.374979424985276,"No Fine Tuning"
"249","Crizotinib","pearson_corr","GNN",0.306476518382309,"No Fine Tuning"
"250","Crizotinib","pearson_corr","GNN",0.311534463886575,"No Fine Tuning"
"251","Crizotinib","pearson_corr","GNN",0.265595041512626,"No Fine Tuning"
"252","Crizotinib","pearson_corr","GNN",0.233246258178662,"No Fine Tuning"
"253","Crizotinib","pearson_corr","GNN",0.251277705714447,"No Fine Tuning"
"254","Crizotinib","pearson_corr","GNN",0.40141556660503,"No Fine Tuning"
"255","Crizotinib","pearson_corr","GNN",0.384962188507597,"No Fine Tuning"
"256","Crizotinib","pearson_corr","GNN",0.390649912597439,"No Fine Tuning"
"257","Crizotinib","pearson_corr","GNN",0.260231506163578,"No Fine Tuning"
"258","Crizotinib","pearson_corr","GNN",0.259707562266049,"No Fine Tuning"
"259","Crizotinib","pearson_corr","GNN",0.349480912983025,"No Fine Tuning"
"260","Crizotinib","pearson_corr","GNN",0.299892680236585,"No Fine Tuning"
"261","Crizotinib","pearson_corr","GNN",0.175902601843857,"No Fine Tuning"
"262","Crizotinib","pearson_corr","GNN",0.23402017378854,"No Fine Tuning"
"263","Crizotinib","pearson_corr","GNN",0.213253576785691,"No Fine Tuning"
"264","Crizotinib","pearson_corr","GNN",0.309785658167318,"No Fine Tuning"
"265","Crizotinib","pearson_corr","GNN",0.430835084693018,"No Fine Tuning"
"266","Crizotinib","pearson_corr","GNN",0.413299867556633,"No Fine Tuning"
"267","Crizotinib","pearson_corr","GNN",0.304363641210092,"No Fine Tuning"
"268","Crizotinib","pearson_corr","GNN",0.141213989126859,"No Fine Tuning"
"269","Crizotinib","pearson_corr","GNN",0.316383577297509,"No Fine Tuning"
"270","Crizotinib","pearson_corr","GNN",0.31372417654515,"No Fine Tuning"
"271","Crizotinib","pearson_corr","GNN",0.521890396132296,"No Fine Tuning"
"272","Crizotinib","pearson_corr","GNN",0.195654998546617,"No Fine Tuning"
"273","Crizotinib","pearson_corr","GNN",0.411816186242579,"No Fine Tuning"
"274","Crizotinib","pearson_corr","GNN",0.236906343316782,"No Fine Tuning"
"275","Crizotinib","pearson_corr","GNN",0.152873270668387,"No Fine Tuning"
"276","Crizotinib","pearson_corr","GNN",0.281052635750574,"No Fine Tuning"
"277","Crizotinib","pearson_corr","GNN",0.307745197808051,"No Fine Tuning"
"278","Crizotinib","pearson_corr","GNN",0.344758837607445,"No Fine Tuning"
"279","Crizotinib","pearson_corr","GNN",0.317064383637378,"No Fine Tuning"
"280","Crizotinib","pearson_corr","GNN",0.151644682735602,"No Fine Tuning"
"281","Crizotinib","pearson_corr","GNN",0.290048975395649,"No Fine Tuning"
"282","Crizotinib","pearson_corr","GNN",0.234022915149924,"No Fine Tuning"
"283","Crizotinib","pearson_corr","GNN",0.369585300080761,"No Fine Tuning"
"284","Crizotinib","pearson_corr","GNN",0.252371269679004,"No Fine Tuning"
"285","Crizotinib","pearson_corr","GNN",0.108112677215036,"No Fine Tuning"
"286","Crizotinib","pearson_corr","GNN",0.408570978924635,"No Fine Tuning"
"287","Crizotinib","pearson_corr","GNN",0.306594888596147,"No Fine Tuning"
"288","Crizotinib","pearson_corr","GNN",0.424834327698742,"No Fine Tuning"
"289","Crizotinib","pearson_corr","GNN",0.295956648364446,"No Fine Tuning"
"290","Crizotinib","pearson_corr","GNN",0.321742243560832,"No Fine Tuning"
"291","Crizotinib","pearson_corr","GNN",0.467776667929434,"No Fine Tuning"
"292","Crizotinib","pearson_corr","GNN",0.184082851495752,"No Fine Tuning"
"293","Crizotinib","pearson_corr","GNN",0.220050310067655,"No Fine Tuning"
"294","Crizotinib","pearson_corr","GNN",0.411901296968349,"No Fine Tuning"
"295","Crizotinib","pearson_corr","GNN",0.189907071654094,"No Fine Tuning"
"296","Crizotinib","pearson_corr","GNN",0.193241347779035,"No Fine Tuning"
"297","Crizotinib","pearson_corr","GNN",0.174624961633541,"No Fine Tuning"
"298","Crizotinib","pearson_corr","GNN",0.254302652897553,"No Fine Tuning"
"299","Crizotinib","pearson_corr","GNN",0.245647517497361,"No Fine Tuning"
"300","Crizotinib","pearson_corr","GNN",0.335282515371105,"No Fine Tuning"
"301","Crizotinib","pearson_corr","RandomForest",0.225178087084518,"No Fine Tuning"
"302","Crizotinib","pearson_corr","RandomForest",0.195205415964693,"No Fine Tuning"
"303","Crizotinib","pearson_corr","RandomForest",0.150505684966958,"No Fine Tuning"
"304","Crizotinib","pearson_corr","RandomForest",0.148810010591315,"No Fine Tuning"
"305","Crizotinib","pearson_corr","RandomForest",0.17088118123159,"No Fine Tuning"
"306","Crizotinib","pearson_corr","RandomForest",0.164335579392112,"No Fine Tuning"
"307","Crizotinib","pearson_corr","RandomForest",0.16383707033292,"No Fine Tuning"
"308","Crizotinib","pearson_corr","RandomForest",0.109049002565825,"No Fine Tuning"
"309","Crizotinib","pearson_corr","RandomForest",0.159007173303546,"No Fine Tuning"
"310","Crizotinib","pearson_corr","RandomForest",0.229024382532551,"No Fine Tuning"
"311","Crizotinib","pearson_corr","RandomForest",0.294614787885468,"No Fine Tuning"
"312","Crizotinib","pearson_corr","RandomForest",0.101468444837914,"No Fine Tuning"
"313","Crizotinib","pearson_corr","RandomForest",0.0947529491958697,"No Fine Tuning"
"314","Crizotinib","pearson_corr","RandomForest",0.125506582405603,"No Fine Tuning"
"315","Crizotinib","pearson_corr","RandomForest",0.233288328923536,"No Fine Tuning"
"316","Crizotinib","pearson_corr","RandomForest",0.0545616457560882,"No Fine Tuning"
"317","Crizotinib","pearson_corr","RandomForest",0.20675965761903,"No Fine Tuning"
"318","Crizotinib","pearson_corr","RandomForest",0.124205117729906,"No Fine Tuning"
"319","Crizotinib","pearson_corr","RandomForest",0.0759101423374808,"No Fine Tuning"
"320","Crizotinib","pearson_corr","RandomForest",0.127449468481119,"No Fine Tuning"
"321","Crizotinib","pearson_corr","RandomForest",0.127223862106567,"No Fine Tuning"
"322","Crizotinib","pearson_corr","RandomForest",0.203294754814822,"No Fine Tuning"
"323","Crizotinib","pearson_corr","RandomForest",0.0961699692332482,"No Fine Tuning"
"324","Crizotinib","pearson_corr","RandomForest",0.069287347377648,"No Fine Tuning"
"325","Crizotinib","pearson_corr","RandomForest",0.0819108831049317,"No Fine Tuning"
"326","Crizotinib","pearson_corr","RandomForest",0.0940431397374487,"No Fine Tuning"
"327","Crizotinib","pearson_corr","RandomForest",0.100402477700842,"No Fine Tuning"
"328","Crizotinib","pearson_corr","RandomForest",0.14461511765595,"No Fine Tuning"
"329","Crizotinib","pearson_corr","RandomForest",0.103121617152434,"No Fine Tuning"
"330","Crizotinib","pearson_corr","RandomForest",0.16003550337918,"No Fine Tuning"
"331","Crizotinib","pearson_corr","RandomForest",0.146928623810507,"No Fine Tuning"
"332","Crizotinib","pearson_corr","RandomForest",0.102574825416213,"No Fine Tuning"
"333","Crizotinib","pearson_corr","RandomForest",0.077987673602791,"No Fine Tuning"
"334","Crizotinib","pearson_corr","RandomForest",0.217606496887234,"No Fine Tuning"
"335","Crizotinib","pearson_corr","RandomForest",0.0654917850035947,"No Fine Tuning"
"336","Crizotinib","pearson_corr","RandomForest",0.116599013217308,"No Fine Tuning"
"337","Crizotinib","pearson_corr","RandomForest",0.0931042020865147,"No Fine Tuning"
"338","Crizotinib","pearson_corr","RandomForest",0.0726132330987678,"No Fine Tuning"
"339","Crizotinib","pearson_corr","RandomForest",0.14682460038312,"No Fine Tuning"
"340","Crizotinib","pearson_corr","RandomForest",0.153470761867059,"No Fine Tuning"
"341","Crizotinib","pearson_corr","RandomForest",0.0910184818994327,"No Fine Tuning"
"342","Crizotinib","pearson_corr","RandomForest",0.161165152496623,"No Fine Tuning"
"343","Crizotinib","pearson_corr","RandomForest",0.154110314145863,"No Fine Tuning"
"344","Crizotinib","pearson_corr","RandomForest",0.152967706014949,"No Fine Tuning"
"345","Crizotinib","pearson_corr","RandomForest",0.0906120039348148,"No Fine Tuning"
"346","Crizotinib","pearson_corr","RandomForest",0.0255075818944622,"No Fine Tuning"
"347","Crizotinib","pearson_corr","RandomForest",0.236161139555377,"No Fine Tuning"
"348","Crizotinib","pearson_corr","RandomForest",0.184351934267058,"No Fine Tuning"
"349","Crizotinib","pearson_corr","RandomForest",0.251605490657843,"No Fine Tuning"
"350","Crizotinib","pearson_corr","RandomForest",0.189085901475143,"No Fine Tuning"
"351","Crizotinib","pearson_corr","RandomForest",0.232386561767825,"No Fine Tuning"
"352","Crizotinib","pearson_corr","RandomForest",0.0396790214041072,"No Fine Tuning"
"353","Crizotinib","pearson_corr","RandomForest",0.190499865505246,"No Fine Tuning"
"354","Crizotinib","pearson_corr","RandomForest",0.193364079904376,"No Fine Tuning"
"355","Crizotinib","pearson_corr","RandomForest",0.12438312325134,"No Fine Tuning"
"356","Crizotinib","pearson_corr","RandomForest",0.228275314195517,"No Fine Tuning"
"357","Crizotinib","pearson_corr","RandomForest",0.138866977251877,"No Fine Tuning"
"358","Crizotinib","pearson_corr","RandomForest",0.147671816733869,"No Fine Tuning"
"359","Crizotinib","pearson_corr","RandomForest",0.150998784969333,"No Fine Tuning"
"360","Crizotinib","pearson_corr","RandomForest",0.253346850570799,"No Fine Tuning"
"361","Crizotinib","pearson_corr","RandomForest",0.209196557871982,"No Fine Tuning"
"362","Crizotinib","pearson_corr","RandomForest",0.163739190404032,"No Fine Tuning"
"363","Crizotinib","pearson_corr","RandomForest",0.117887186620059,"No Fine Tuning"
"364","Crizotinib","pearson_corr","RandomForest",0.147814722971221,"No Fine Tuning"
"365","Crizotinib","pearson_corr","RandomForest",0.285434801672089,"No Fine Tuning"
"366","Crizotinib","pearson_corr","RandomForest",0.18513742139357,"No Fine Tuning"
"367","Crizotinib","pearson_corr","RandomForest",0.234154345714359,"No Fine Tuning"
"368","Crizotinib","pearson_corr","RandomForest",0.139988973542483,"No Fine Tuning"
"369","Crizotinib","pearson_corr","RandomForest",0.190620659762018,"No Fine Tuning"
"370","Crizotinib","pearson_corr","RandomForest",0.278441552542955,"No Fine Tuning"
"371","Crizotinib","pearson_corr","RandomForest",0.202267807497763,"No Fine Tuning"
"372","Crizotinib","pearson_corr","RandomForest",0.122170719478226,"No Fine Tuning"
"373","Crizotinib","pearson_corr","RandomForest",0.155109299656687,"No Fine Tuning"
"374","Crizotinib","pearson_corr","RandomForest",0.207777697488532,"No Fine Tuning"
"375","Crizotinib","pearson_corr","RandomForest",0.0777156271672454,"No Fine Tuning"
"376","Crizotinib","pearson_corr","RandomForest",0.120845817636583,"No Fine Tuning"
"377","Crizotinib","pearson_corr","RandomForest",0.133352085827159,"No Fine Tuning"
"378","Crizotinib","pearson_corr","RandomForest",0.106435643738805,"No Fine Tuning"
"379","Crizotinib","pearson_corr","RandomForest",0.219989901538895,"No Fine Tuning"
"380","Crizotinib","pearson_corr","RandomForest",0.110905532304414,"No Fine Tuning"
"381","Crizotinib","pearson_corr","RandomForest",0.179347600096508,"No Fine Tuning"
"382","Crizotinib","pearson_corr","RandomForest",0.0530297098569511,"No Fine Tuning"
"383","Crizotinib","pearson_corr","RandomForest",0.262580441352224,"No Fine Tuning"
"384","Crizotinib","pearson_corr","RandomForest",0.171119133371641,"No Fine Tuning"
"385","Crizotinib","pearson_corr","RandomForest",0.0777158415235294,"No Fine Tuning"
"386","Crizotinib","pearson_corr","RandomForest",0.091586488931156,"No Fine Tuning"
"387","Crizotinib","pearson_corr","RandomForest",0.134109822038525,"No Fine Tuning"
"388","Crizotinib","pearson_corr","RandomForest",0.186089105802461,"No Fine Tuning"
"389","Crizotinib","pearson_corr","RandomForest",0.0808638963030424,"No Fine Tuning"
"390","Crizotinib","pearson_corr","RandomForest",0.0915358639517493,"No Fine Tuning"
"391","Crizotinib","pearson_corr","RandomForest",0.276397864747332,"No Fine Tuning"
"392","Crizotinib","pearson_corr","RandomForest",0.0546480353496423,"No Fine Tuning"
"393","Crizotinib","pearson_corr","RandomForest",0.06620037966758,"No Fine Tuning"
"394","Crizotinib","pearson_corr","RandomForest",0.154262064892575,"No Fine Tuning"
"395","Crizotinib","pearson_corr","RandomForest",0.145132700834238,"No Fine Tuning"
"396","Crizotinib","pearson_corr","RandomForest",0.145989726515618,"No Fine Tuning"
"397","Crizotinib","pearson_corr","RandomForest",0.0887438099285019,"No Fine Tuning"
"398","Crizotinib","pearson_corr","RandomForest",0.0938876926641149,"No Fine Tuning"
"399","Crizotinib","pearson_corr","RandomForest",0.208663171846076,"No Fine Tuning"
"400","Crizotinib","pearson_corr","RandomForest",0.161909793938606,"No Fine Tuning"
"401","Crizotinib","pearson_corr","SVM",0.318941016362902,"No Fine Tuning"
"402","Crizotinib","pearson_corr","SVM",0.352551755011447,"No Fine Tuning"
"403","Crizotinib","pearson_corr","SVM",0.123752057188654,"No Fine Tuning"
"404","Crizotinib","pearson_corr","SVM",0.226111123558605,"No Fine Tuning"
"405","Crizotinib","pearson_corr","SVM",0.218590965708329,"No Fine Tuning"
"406","Crizotinib","pearson_corr","SVM",0.251324986649243,"No Fine Tuning"
"407","Crizotinib","pearson_corr","SVM",0.19666666354658,"No Fine Tuning"
"408","Crizotinib","pearson_corr","SVM",0.171682133468241,"No Fine Tuning"
"409","Crizotinib","pearson_corr","SVM",0.208297161590234,"No Fine Tuning"
"410","Crizotinib","pearson_corr","SVM",0.160548195758491,"No Fine Tuning"
"411","Crizotinib","pearson_corr","SVM",0.278143994046217,"No Fine Tuning"
"412","Crizotinib","pearson_corr","SVM",0.210319890307056,"No Fine Tuning"
"413","Crizotinib","pearson_corr","SVM",0.123595395062813,"No Fine Tuning"
"414","Crizotinib","pearson_corr","SVM",0.240509377446104,"No Fine Tuning"
"415","Crizotinib","pearson_corr","SVM",0.272885940040458,"No Fine Tuning"
"416","Crizotinib","pearson_corr","SVM",0.0437399690457837,"No Fine Tuning"
"417","Crizotinib","pearson_corr","SVM",0.237886319716015,"No Fine Tuning"
"418","Crizotinib","pearson_corr","SVM",0.146944714794681,"No Fine Tuning"
"419","Crizotinib","pearson_corr","SVM",0.286330421557723,"No Fine Tuning"
"420","Crizotinib","pearson_corr","SVM",0.313379150290598,"No Fine Tuning"
"421","Crizotinib","pearson_corr","SVM",0.230038282322869,"No Fine Tuning"
"422","Crizotinib","pearson_corr","SVM",0.0999963850517508,"No Fine Tuning"
"423","Crizotinib","pearson_corr","SVM",0.0722945358604905,"No Fine Tuning"
"424","Crizotinib","pearson_corr","SVM",0.237834915056656,"No Fine Tuning"
"425","Crizotinib","pearson_corr","SVM",0.243404159759214,"No Fine Tuning"
"426","Crizotinib","pearson_corr","SVM",0.337545465615287,"No Fine Tuning"
"427","Crizotinib","pearson_corr","SVM",0.165700174888373,"No Fine Tuning"
"428","Crizotinib","pearson_corr","SVM",0.234145003447508,"No Fine Tuning"
"429","Crizotinib","pearson_corr","SVM",0.301177036684775,"No Fine Tuning"
"430","Crizotinib","pearson_corr","SVM",0.222642022934782,"No Fine Tuning"
"431","Crizotinib","pearson_corr","SVM",0.114511240896718,"No Fine Tuning"
"432","Crizotinib","pearson_corr","SVM",0.231168830501174,"No Fine Tuning"
"433","Crizotinib","pearson_corr","SVM",0.251064300697878,"No Fine Tuning"
"434","Crizotinib","pearson_corr","SVM",0.301051147633985,"No Fine Tuning"
"435","Crizotinib","pearson_corr","SVM",0.154722155901543,"No Fine Tuning"
"436","Crizotinib","pearson_corr","SVM",0.213135564865583,"No Fine Tuning"
"437","Crizotinib","pearson_corr","SVM",0.0880399678267565,"No Fine Tuning"
"438","Crizotinib","pearson_corr","SVM",0.262609594369875,"No Fine Tuning"
"439","Crizotinib","pearson_corr","SVM",0.297760542058041,"No Fine Tuning"
"440","Crizotinib","pearson_corr","SVM",0.190770803471844,"No Fine Tuning"
"441","Crizotinib","pearson_corr","SVM",0.33141953447814,"No Fine Tuning"
"442","Crizotinib","pearson_corr","SVM",0.18941944819849,"No Fine Tuning"
"443","Crizotinib","pearson_corr","SVM",0.253609634985714,"No Fine Tuning"
"444","Crizotinib","pearson_corr","SVM",0.326316114146458,"No Fine Tuning"
"445","Crizotinib","pearson_corr","SVM",0.148208940894732,"No Fine Tuning"
"446","Crizotinib","pearson_corr","SVM",0.341884231345519,"No Fine Tuning"
"447","Crizotinib","pearson_corr","SVM",0.356837163176594,"No Fine Tuning"
"448","Crizotinib","pearson_corr","SVM",0.235632534187358,"No Fine Tuning"
"449","Crizotinib","pearson_corr","SVM",0.182257505527994,"No Fine Tuning"
"450","Crizotinib","pearson_corr","SVM",0.260079984511511,"No Fine Tuning"
"451","Crizotinib","pearson_corr","SVM",0.187963080732325,"No Fine Tuning"
"452","Crizotinib","pearson_corr","SVM",0.207132538429425,"No Fine Tuning"
"453","Crizotinib","pearson_corr","SVM",0.232305257395768,"No Fine Tuning"
"454","Crizotinib","pearson_corr","SVM",0.299436936723511,"No Fine Tuning"
"455","Crizotinib","pearson_corr","SVM",0.224377583214182,"No Fine Tuning"
"456","Crizotinib","pearson_corr","SVM",0.296695189526132,"No Fine Tuning"
"457","Crizotinib","pearson_corr","SVM",0.235783084220224,"No Fine Tuning"
"458","Crizotinib","pearson_corr","SVM",0.208021387322732,"No Fine Tuning"
"459","Crizotinib","pearson_corr","SVM",0.167104894394947,"No Fine Tuning"
"460","Crizotinib","pearson_corr","SVM",0.196842480365218,"No Fine Tuning"
"461","Crizotinib","pearson_corr","SVM",0.0459555386228358,"No Fine Tuning"
"462","Crizotinib","pearson_corr","SVM",0.198018760408189,"No Fine Tuning"
"463","Crizotinib","pearson_corr","SVM",0.146259278043522,"No Fine Tuning"
"464","Crizotinib","pearson_corr","SVM",0.15434667186679,"No Fine Tuning"
"465","Crizotinib","pearson_corr","SVM",0.257805919399003,"No Fine Tuning"
"466","Crizotinib","pearson_corr","SVM",0.333737339682549,"No Fine Tuning"
"467","Crizotinib","pearson_corr","SVM",0.245054924685194,"No Fine Tuning"
"468","Crizotinib","pearson_corr","SVM",0.135643236341804,"No Fine Tuning"
"469","Crizotinib","pearson_corr","SVM",0.265294554672229,"No Fine Tuning"
"470","Crizotinib","pearson_corr","SVM",0.208914172286258,"No Fine Tuning"
"471","Crizotinib","pearson_corr","SVM",0.31353345875826,"No Fine Tuning"
"472","Crizotinib","pearson_corr","SVM",0.094956930630776,"No Fine Tuning"
"473","Crizotinib","pearson_corr","SVM",0.276066603078615,"No Fine Tuning"
"474","Crizotinib","pearson_corr","SVM",0.228460688568494,"No Fine Tuning"
"475","Crizotinib","pearson_corr","SVM",0.133896132468947,"No Fine Tuning"
"476","Crizotinib","pearson_corr","SVM",0.181127767957345,"No Fine Tuning"
"477","Crizotinib","pearson_corr","SVM",0.160328330404413,"No Fine Tuning"
"478","Crizotinib","pearson_corr","SVM",0.303098855303699,"No Fine Tuning"
"479","Crizotinib","pearson_corr","SVM",0.261101239893755,"No Fine Tuning"
"480","Crizotinib","pearson_corr","SVM",0.110667882919337,"No Fine Tuning"
"481","Crizotinib","pearson_corr","SVM",0.350939333022898,"No Fine Tuning"
"482","Crizotinib","pearson_corr","SVM",0.242012799519216,"No Fine Tuning"
"483","Crizotinib","pearson_corr","SVM",0.246514083656278,"No Fine Tuning"
"484","Crizotinib","pearson_corr","SVM",0.20919089939013,"No Fine Tuning"
"485","Crizotinib","pearson_corr","SVM",0.181912933322956,"No Fine Tuning"
"486","Crizotinib","pearson_corr","SVM",0.289248301966946,"No Fine Tuning"
"487","Crizotinib","pearson_corr","SVM",0.193586174744282,"No Fine Tuning"
"488","Crizotinib","pearson_corr","SVM",0.222579617375698,"No Fine Tuning"
"489","Crizotinib","pearson_corr","SVM",0.257685570550344,"No Fine Tuning"
"490","Crizotinib","pearson_corr","SVM",0.29269731596714,"No Fine Tuning"
"491","Crizotinib","pearson_corr","SVM",0.24574904368652,"No Fine Tuning"
"492","Crizotinib","pearson_corr","SVM",0.111017038085337,"No Fine Tuning"
"493","Crizotinib","pearson_corr","SVM",0.134406624361177,"No Fine Tuning"
"494","Crizotinib","pearson_corr","SVM",0.226767083782296,"No Fine Tuning"
"495","Crizotinib","pearson_corr","SVM",0.199313505272512,"No Fine Tuning"
"496","Crizotinib","pearson_corr","SVM",0.277707085959512,"No Fine Tuning"
"497","Crizotinib","pearson_corr","SVM",0.146224695853675,"No Fine Tuning"
"498","Crizotinib","pearson_corr","SVM",0.328331463260831,"No Fine Tuning"
"499","Crizotinib","pearson_corr","SVM",0.283389558895972,"No Fine Tuning"
"500","Crizotinib","pearson_corr","SVM",0.260365420110537,"No Fine Tuning"
"501","Crizotinib","pearson_corr","XGBoost",0.179245022365746,"No Fine Tuning"
"502","Crizotinib","pearson_corr","XGBoost",0.172486245014031,"No Fine Tuning"
"503","Crizotinib","pearson_corr","XGBoost",0.248102437786855,"No Fine Tuning"
"504","Crizotinib","pearson_corr","XGBoost",0.124354556050523,"No Fine Tuning"
"505","Crizotinib","pearson_corr","XGBoost",0.152013663387873,"No Fine Tuning"
"506","Crizotinib","pearson_corr","XGBoost",0.298282932312853,"No Fine Tuning"
"507","Crizotinib","pearson_corr","XGBoost",0.157991561924263,"No Fine Tuning"
"508","Crizotinib","pearson_corr","XGBoost",0.0622329587299913,"No Fine Tuning"
"509","Crizotinib","pearson_corr","XGBoost",0.314267873641237,"No Fine Tuning"
"510","Crizotinib","pearson_corr","XGBoost",0.314754313963275,"No Fine Tuning"
"511","Crizotinib","pearson_corr","XGBoost",0.362040205907143,"No Fine Tuning"
"512","Crizotinib","pearson_corr","XGBoost",0.176896944734902,"No Fine Tuning"
"513","Crizotinib","pearson_corr","XGBoost",0.196379047988359,"No Fine Tuning"
"514","Crizotinib","pearson_corr","XGBoost",0.0916098769179326,"No Fine Tuning"
"515","Crizotinib","pearson_corr","XGBoost",0.218521082516933,"No Fine Tuning"
"516","Crizotinib","pearson_corr","XGBoost",0.159331095238058,"No Fine Tuning"
"517","Crizotinib","pearson_corr","XGBoost",0.213452228406265,"No Fine Tuning"
"518","Crizotinib","pearson_corr","XGBoost",0.15704524250869,"No Fine Tuning"
"519","Crizotinib","pearson_corr","XGBoost",0.194951694923859,"No Fine Tuning"
"520","Crizotinib","pearson_corr","XGBoost",0.0756654464969216,"No Fine Tuning"
"521","Crizotinib","pearson_corr","XGBoost",0.220167605649609,"No Fine Tuning"
"522","Crizotinib","pearson_corr","XGBoost",0.333830103949547,"No Fine Tuning"
"523","Crizotinib","pearson_corr","XGBoost",0.219193193144472,"No Fine Tuning"
"524","Crizotinib","pearson_corr","XGBoost",0.077962920173206,"No Fine Tuning"
"525","Crizotinib","pearson_corr","XGBoost",0.184969108943879,"No Fine Tuning"
"526","Crizotinib","pearson_corr","XGBoost",0.0202521152243903,"No Fine Tuning"
"527","Crizotinib","pearson_corr","XGBoost",0.211547088013006,"No Fine Tuning"
"528","Crizotinib","pearson_corr","XGBoost",0.132942727625589,"No Fine Tuning"
"529","Crizotinib","pearson_corr","XGBoost",0.272421605216723,"No Fine Tuning"
"530","Crizotinib","pearson_corr","XGBoost",0.358871298110355,"No Fine Tuning"
"531","Crizotinib","pearson_corr","XGBoost",0.266002314811406,"No Fine Tuning"
"532","Crizotinib","pearson_corr","XGBoost",0.25858997390318,"No Fine Tuning"
"533","Crizotinib","pearson_corr","XGBoost",0.0341848119575531,"No Fine Tuning"
"534","Crizotinib","pearson_corr","XGBoost",0.305002716718093,"No Fine Tuning"
"535","Crizotinib","pearson_corr","XGBoost",0.174010536815815,"No Fine Tuning"
"536","Crizotinib","pearson_corr","XGBoost",0.209984550979374,"No Fine Tuning"
"537","Crizotinib","pearson_corr","XGBoost",0.276824337546036,"No Fine Tuning"
"538","Crizotinib","pearson_corr","XGBoost",0.0327658015167616,"No Fine Tuning"
"539","Crizotinib","pearson_corr","XGBoost",0.144125745970776,"No Fine Tuning"
"540","Crizotinib","pearson_corr","XGBoost",0.280529908322437,"No Fine Tuning"
"541","Crizotinib","pearson_corr","XGBoost",0.0136527575971696,"No Fine Tuning"
"542","Crizotinib","pearson_corr","XGBoost",0.307815779184861,"No Fine Tuning"
"543","Crizotinib","pearson_corr","XGBoost",0.14579558659297,"No Fine Tuning"
"544","Crizotinib","pearson_corr","XGBoost",0.191783184013409,"No Fine Tuning"
"545","Crizotinib","pearson_corr","XGBoost",0.202681708073385,"No Fine Tuning"
"546","Crizotinib","pearson_corr","XGBoost",0.0309696713063567,"No Fine Tuning"
"547","Crizotinib","pearson_corr","XGBoost",0.269687170476075,"No Fine Tuning"
"548","Crizotinib","pearson_corr","XGBoost",0.36421676182375,"No Fine Tuning"
"549","Crizotinib","pearson_corr","XGBoost",0.320336670852254,"No Fine Tuning"
"550","Crizotinib","pearson_corr","XGBoost",0.290951397484016,"No Fine Tuning"
"551","Crizotinib","pearson_corr","XGBoost",0.225834724913951,"No Fine Tuning"
"552","Crizotinib","pearson_corr","XGBoost",-0.00584307952586082,"No Fine Tuning"
"553","Crizotinib","pearson_corr","XGBoost",0.29768352961156,"No Fine Tuning"
"554","Crizotinib","pearson_corr","XGBoost",0.296373825956465,"No Fine Tuning"
"555","Crizotinib","pearson_corr","XGBoost",0.378263663838813,"No Fine Tuning"
"556","Crizotinib","pearson_corr","XGBoost",0.257169248768111,"No Fine Tuning"
"557","Crizotinib","pearson_corr","XGBoost",0.0954748375488888,"No Fine Tuning"
"558","Crizotinib","pearson_corr","XGBoost",0.138304081968998,"No Fine Tuning"
"559","Crizotinib","pearson_corr","XGBoost",0.18422103525599,"No Fine Tuning"
"560","Crizotinib","pearson_corr","XGBoost",0.248070515182639,"No Fine Tuning"
"561","Crizotinib","pearson_corr","XGBoost",0.253601606382669,"No Fine Tuning"
"562","Crizotinib","pearson_corr","XGBoost",0.211785282579975,"No Fine Tuning"
"563","Crizotinib","pearson_corr","XGBoost",0.180337669503488,"No Fine Tuning"
"564","Crizotinib","pearson_corr","XGBoost",0.331169604564948,"No Fine Tuning"
"565","Crizotinib","pearson_corr","XGBoost",0.420190415489914,"No Fine Tuning"
"566","Crizotinib","pearson_corr","XGBoost",0.186267477204584,"No Fine Tuning"
"567","Crizotinib","pearson_corr","XGBoost",0.262127026598537,"No Fine Tuning"
"568","Crizotinib","pearson_corr","XGBoost",0.113127252390676,"No Fine Tuning"
"569","Crizotinib","pearson_corr","XGBoost",0.355959989064,"No Fine Tuning"
"570","Crizotinib","pearson_corr","XGBoost",0.334892392322964,"No Fine Tuning"
"571","Crizotinib","pearson_corr","XGBoost",0.337652873906496,"No Fine Tuning"
"572","Crizotinib","pearson_corr","XGBoost",0.0868509625733013,"No Fine Tuning"
"573","Crizotinib","pearson_corr","XGBoost",0.109993124917298,"No Fine Tuning"
"574","Crizotinib","pearson_corr","XGBoost",0.227278411305808,"No Fine Tuning"
"575","Crizotinib","pearson_corr","XGBoost",0.0911700302783894,"No Fine Tuning"
"576","Crizotinib","pearson_corr","XGBoost",0.259684696003531,"No Fine Tuning"
"577","Crizotinib","pearson_corr","XGBoost",0.213012667221268,"No Fine Tuning"
"578","Crizotinib","pearson_corr","XGBoost",0.0522578421851209,"No Fine Tuning"
"579","Crizotinib","pearson_corr","XGBoost",0.150671363680489,"No Fine Tuning"
"580","Crizotinib","pearson_corr","XGBoost",0.122069454456903,"No Fine Tuning"
"581","Crizotinib","pearson_corr","XGBoost",0.213284816088704,"No Fine Tuning"
"582","Crizotinib","pearson_corr","XGBoost",0.0311168906487394,"No Fine Tuning"
"583","Crizotinib","pearson_corr","XGBoost",0.344487057030892,"No Fine Tuning"
"584","Crizotinib","pearson_corr","XGBoost",0.274556084485421,"No Fine Tuning"
"585","Crizotinib","pearson_corr","XGBoost",0.106666680027085,"No Fine Tuning"
"586","Crizotinib","pearson_corr","XGBoost",0.0695451010273553,"No Fine Tuning"
"587","Crizotinib","pearson_corr","XGBoost",0.122620206583922,"No Fine Tuning"
"588","Crizotinib","pearson_corr","XGBoost",0.325025549622913,"No Fine Tuning"
"589","Crizotinib","pearson_corr","XGBoost",0.0393934084004908,"No Fine Tuning"
"590","Crizotinib","pearson_corr","XGBoost",0.276169971721384,"No Fine Tuning"
"591","Crizotinib","pearson_corr","XGBoost",0.412576125724616,"No Fine Tuning"
"592","Crizotinib","pearson_corr","XGBoost",0.0791860976437771,"No Fine Tuning"
"593","Crizotinib","pearson_corr","XGBoost",0.183800729014465,"No Fine Tuning"
"594","Crizotinib","pearson_corr","XGBoost",0.346805982616416,"No Fine Tuning"
"595","Crizotinib","pearson_corr","XGBoost",0.182201156914817,"No Fine Tuning"
"596","Crizotinib","pearson_corr","XGBoost",0.140433644597278,"No Fine Tuning"
"597","Crizotinib","pearson_corr","XGBoost",0.237184624645651,"No Fine Tuning"
"598","Crizotinib","pearson_corr","XGBoost",0.150206968150113,"No Fine Tuning"
"599","Crizotinib","pearson_corr","XGBoost",0.24368740221614,"No Fine Tuning"
"600","Crizotinib","pearson_corr","XGBoost",0.151744235694549,"No Fine Tuning"
"601","Crizotinib","pearson_corr","SupervisedVAE",0.516033563713331,"No Fine Tuning"
"602","Crizotinib","pearson_corr","SupervisedVAE",0.480344459697929,"No Fine Tuning"
"603","Crizotinib","pearson_corr","SupervisedVAE",0.35314758901799,"No Fine Tuning"
"604","Crizotinib","pearson_corr","SupervisedVAE",0.335224519700632,"No Fine Tuning"
"605","Crizotinib","pearson_corr","SupervisedVAE",0.398365599563905,"No Fine Tuning"
"606","Crizotinib","pearson_corr","SupervisedVAE",0.445363614013954,"No Fine Tuning"
"607","Crizotinib","pearson_corr","SupervisedVAE",0.383689121338105,"No Fine Tuning"
"608","Crizotinib","pearson_corr","SupervisedVAE",0.252135816798094,"No Fine Tuning"
"609","Crizotinib","pearson_corr","SupervisedVAE",0.449058846478338,"No Fine Tuning"
"610","Crizotinib","pearson_corr","SupervisedVAE",0.389903974973444,"No Fine Tuning"
"611","Crizotinib","pearson_corr","SupervisedVAE",0.459726930219241,"No Fine Tuning"
"612","Crizotinib","pearson_corr","SupervisedVAE",0.342303453057015,"No Fine Tuning"
"613","Crizotinib","pearson_corr","SupervisedVAE",0.393259603136202,"No Fine Tuning"
"614","Crizotinib","pearson_corr","SupervisedVAE",0.453971020785097,"No Fine Tuning"
"615","Crizotinib","pearson_corr","SupervisedVAE",0.441001380080475,"No Fine Tuning"
"616","Crizotinib","pearson_corr","SupervisedVAE",0.222674327287888,"No Fine Tuning"
"617","Crizotinib","pearson_corr","SupervisedVAE",0.401087013750019,"No Fine Tuning"
"618","Crizotinib","pearson_corr","SupervisedVAE",0.366990659982099,"No Fine Tuning"
"619","Crizotinib","pearson_corr","SupervisedVAE",0.368050974483326,"No Fine Tuning"
"620","Crizotinib","pearson_corr","SupervisedVAE",0.409815731225551,"No Fine Tuning"
"621","Crizotinib","pearson_corr","SupervisedVAE",0.351083622512725,"No Fine Tuning"
"622","Crizotinib","pearson_corr","SupervisedVAE",0.38840882009301,"No Fine Tuning"
"623","Crizotinib","pearson_corr","SupervisedVAE",0.262463954159658,"No Fine Tuning"
"624","Crizotinib","pearson_corr","SupervisedVAE",0.414179150451219,"No Fine Tuning"
"625","Crizotinib","pearson_corr","SupervisedVAE",0.408695879238226,"No Fine Tuning"
"626","Crizotinib","pearson_corr","SupervisedVAE",0.477052660383317,"No Fine Tuning"
"627","Crizotinib","pearson_corr","SupervisedVAE",0.309185360241382,"No Fine Tuning"
"628","Crizotinib","pearson_corr","SupervisedVAE",0.411263011943312,"No Fine Tuning"
"629","Crizotinib","pearson_corr","SupervisedVAE",0.442009985510615,"No Fine Tuning"
"630","Crizotinib","pearson_corr","SupervisedVAE",0.380755824300735,"No Fine Tuning"
"631","Crizotinib","pearson_corr","SupervisedVAE",0.303978668539783,"No Fine Tuning"
"632","Crizotinib","pearson_corr","SupervisedVAE",0.367038335137863,"No Fine Tuning"
"633","Crizotinib","pearson_corr","SupervisedVAE",0.306019162859653,"No Fine Tuning"
"634","Crizotinib","pearson_corr","SupervisedVAE",0.465936036217015,"No Fine Tuning"
"635","Crizotinib","pearson_corr","SupervisedVAE",0.331169832480098,"No Fine Tuning"
"636","Crizotinib","pearson_corr","SupervisedVAE",0.393916413117585,"No Fine Tuning"
"637","Crizotinib","pearson_corr","SupervisedVAE",0.354702066748331,"No Fine Tuning"
"638","Crizotinib","pearson_corr","SupervisedVAE",0.293427456256122,"No Fine Tuning"
"639","Crizotinib","pearson_corr","SupervisedVAE",0.438443513672595,"No Fine Tuning"
"640","Crizotinib","pearson_corr","SupervisedVAE",0.475239658165065,"No Fine Tuning"
"641","Crizotinib","pearson_corr","SupervisedVAE",0.460427705292262,"No Fine Tuning"
"642","Crizotinib","pearson_corr","SupervisedVAE",0.33878676107243,"No Fine Tuning"
"643","Crizotinib","pearson_corr","SupervisedVAE",0.443243093481987,"No Fine Tuning"
"644","Crizotinib","pearson_corr","SupervisedVAE",0.462566981269237,"No Fine Tuning"
"645","Crizotinib","pearson_corr","SupervisedVAE",0.318424022033456,"No Fine Tuning"
"646","Crizotinib","pearson_corr","SupervisedVAE",0.434511564496066,"No Fine Tuning"
"647","Crizotinib","pearson_corr","SupervisedVAE",0.505435429985602,"No Fine Tuning"
"648","Crizotinib","pearson_corr","SupervisedVAE",0.415284088612724,"No Fine Tuning"
"649","Crizotinib","pearson_corr","SupervisedVAE",0.419253709023466,"No Fine Tuning"
"650","Crizotinib","pearson_corr","SupervisedVAE",0.483990622593838,"No Fine Tuning"
"651","Crizotinib","pearson_corr","SupervisedVAE",0.394991088511073,"No Fine Tuning"
"652","Crizotinib","pearson_corr","SupervisedVAE",0.273927039290118,"No Fine Tuning"
"653","Crizotinib","pearson_corr","SupervisedVAE",0.393779442687764,"No Fine Tuning"
"654","Crizotinib","pearson_corr","SupervisedVAE",0.536495894853552,"No Fine Tuning"
"655","Crizotinib","pearson_corr","SupervisedVAE",0.426660382911622,"No Fine Tuning"
"656","Crizotinib","pearson_corr","SupervisedVAE",0.482341409024026,"No Fine Tuning"
"657","Crizotinib","pearson_corr","SupervisedVAE",0.42246657687271,"No Fine Tuning"
"658","Crizotinib","pearson_corr","SupervisedVAE",0.40138158564565,"No Fine Tuning"
"659","Crizotinib","pearson_corr","SupervisedVAE",0.359709382145198,"No Fine Tuning"
"660","Crizotinib","pearson_corr","SupervisedVAE",0.44560483500278,"No Fine Tuning"
"661","Crizotinib","pearson_corr","SupervisedVAE",0.306132652239045,"No Fine Tuning"
"662","Crizotinib","pearson_corr","SupervisedVAE",0.324876282565809,"No Fine Tuning"
"663","Crizotinib","pearson_corr","SupervisedVAE",0.31528893083357,"No Fine Tuning"
"664","Crizotinib","pearson_corr","SupervisedVAE",0.386204560154378,"No Fine Tuning"
"665","Crizotinib","pearson_corr","SupervisedVAE",0.466777935164763,"No Fine Tuning"
"666","Crizotinib","pearson_corr","SupervisedVAE",0.482628055272772,"No Fine Tuning"
"667","Crizotinib","pearson_corr","SupervisedVAE",0.452048463170241,"No Fine Tuning"
"668","Crizotinib","pearson_corr","SupervisedVAE",0.227672561916316,"No Fine Tuning"
"669","Crizotinib","pearson_corr","SupervisedVAE",0.509351583549897,"No Fine Tuning"
"670","Crizotinib","pearson_corr","SupervisedVAE",0.447550013154625,"No Fine Tuning"
"671","Crizotinib","pearson_corr","SupervisedVAE",0.568269432992071,"No Fine Tuning"
"672","Crizotinib","pearson_corr","SupervisedVAE",0.278198832125063,"No Fine Tuning"
"673","Crizotinib","pearson_corr","SupervisedVAE",0.465903015221883,"No Fine Tuning"
"674","Crizotinib","pearson_corr","SupervisedVAE",0.364911741134727,"No Fine Tuning"
"675","Crizotinib","pearson_corr","SupervisedVAE",0.344492591407508,"No Fine Tuning"
"676","Crizotinib","pearson_corr","SupervisedVAE",0.409003474974413,"No Fine Tuning"
"677","Crizotinib","pearson_corr","SupervisedVAE",0.402027254565368,"No Fine Tuning"
"678","Crizotinib","pearson_corr","SupervisedVAE",0.402642218450491,"No Fine Tuning"
"679","Crizotinib","pearson_corr","SupervisedVAE",0.459060651890523,"No Fine Tuning"
"680","Crizotinib","pearson_corr","SupervisedVAE",0.237591205000221,"No Fine Tuning"
"681","Crizotinib","pearson_corr","SupervisedVAE",0.391655024095703,"No Fine Tuning"
"682","Crizotinib","pearson_corr","SupervisedVAE",0.303110181676056,"No Fine Tuning"
"683","Crizotinib","pearson_corr","SupervisedVAE",0.474583081902024,"No Fine Tuning"
"684","Crizotinib","pearson_corr","SupervisedVAE",0.391885733781265,"No Fine Tuning"
"685","Crizotinib","pearson_corr","SupervisedVAE",0.338782220335267,"No Fine Tuning"
"686","Crizotinib","pearson_corr","SupervisedVAE",0.424049216384736,"No Fine Tuning"
"687","Crizotinib","pearson_corr","SupervisedVAE",0.400235359843356,"No Fine Tuning"
"688","Crizotinib","pearson_corr","SupervisedVAE",0.483793717899201,"No Fine Tuning"
"689","Crizotinib","pearson_corr","SupervisedVAE",0.369619584871558,"No Fine Tuning"
"690","Crizotinib","pearson_corr","SupervisedVAE",0.440903618499363,"No Fine Tuning"
"691","Crizotinib","pearson_corr","SupervisedVAE",0.507644840693233,"No Fine Tuning"
"692","Crizotinib","pearson_corr","SupervisedVAE",0.287985617481059,"No Fine Tuning"
"693","Crizotinib","pearson_corr","SupervisedVAE",0.288664855406613,"No Fine Tuning"
"694","Crizotinib","pearson_corr","SupervisedVAE",0.431443408672435,"No Fine Tuning"
"695","Crizotinib","pearson_corr","SupervisedVAE",0.326184401449878,"No Fine Tuning"
"696","Crizotinib","pearson_corr","SupervisedVAE",0.423657629343435,"No Fine Tuning"
"697","Crizotinib","pearson_corr","SupervisedVAE",0.333457829363168,"No Fine Tuning"
"698","Crizotinib","pearson_corr","SupervisedVAE",0.368529639309346,"No Fine Tuning"
"699","Crizotinib","pearson_corr","SupervisedVAE",0.409158311200452,"No Fine Tuning"
"700","Crizotinib","pearson_corr","SupervisedVAE",0.437285931508502,"No Fine Tuning"
"701","Erlotinib","pearson_corr","DirectPred_finetuned",0.381083883621879,"With Fine Tuning"
"702","Erlotinib","pearson_corr","DirectPred_finetuned",0.415455407499615,"With Fine Tuning"
"703","Erlotinib","pearson_corr","DirectPred_finetuned",0.319040212793403,"With Fine Tuning"
"704","Erlotinib","pearson_corr","DirectPred_finetuned",0.301654788771109,"With Fine Tuning"
"705","Erlotinib","pearson_corr","DirectPred_finetuned",0.448536263297828,"With Fine Tuning"
"706","Erlotinib","pearson_corr","DirectPred_finetuned",0.357282396109888,"With Fine Tuning"
"707","Erlotinib","pearson_corr","DirectPred_finetuned",0.41882413657274,"With Fine Tuning"
"708","Erlotinib","pearson_corr","DirectPred_finetuned",0.361355223122526,"With Fine Tuning"
"709","Erlotinib","pearson_corr","DirectPred_finetuned",0.485102502366635,"With Fine Tuning"
"710","Erlotinib","pearson_corr","DirectPred_finetuned",0.394673755509903,"With Fine Tuning"
"711","Erlotinib","pearson_corr","DirectPred_finetuned",0.329020736861141,"With Fine Tuning"
"712","Erlotinib","pearson_corr","DirectPred_finetuned",0.448950663255961,"With Fine Tuning"
"713","Erlotinib","pearson_corr","DirectPred_finetuned",0.397615588577425,"With Fine Tuning"
"714","Erlotinib","pearson_corr","DirectPred_finetuned",0.393822105913705,"With Fine Tuning"
"715","Erlotinib","pearson_corr","DirectPred_finetuned",0.420030726629617,"With Fine Tuning"
"716","Erlotinib","pearson_corr","DirectPred_finetuned",0.435740735921586,"With Fine Tuning"
"717","Erlotinib","pearson_corr","DirectPred_finetuned",0.415500296023515,"With Fine Tuning"
"718","Erlotinib","pearson_corr","DirectPred_finetuned",0.312669549607026,"With Fine Tuning"
"719","Erlotinib","pearson_corr","DirectPred_finetuned",0.420879367294997,"With Fine Tuning"
"720","Erlotinib","pearson_corr","DirectPred_finetuned",0.413311222389357,"With Fine Tuning"
"721","Erlotinib","pearson_corr","DirectPred_finetuned",0.376015348705169,"With Fine Tuning"
"722","Erlotinib","pearson_corr","DirectPred_finetuned",0.341601281035552,"With Fine Tuning"
"723","Erlotinib","pearson_corr","DirectPred_finetuned",0.37485075360301,"With Fine Tuning"
"724","Erlotinib","pearson_corr","DirectPred_finetuned",0.351199147496126,"With Fine Tuning"
"725","Erlotinib","pearson_corr","DirectPred_finetuned",0.382201160324202,"With Fine Tuning"
"726","Erlotinib","pearson_corr","DirectPred_finetuned",0.367868429482328,"With Fine Tuning"
"727","Erlotinib","pearson_corr","DirectPred_finetuned",0.380838959256173,"With Fine Tuning"
"728","Erlotinib","pearson_corr","DirectPred_finetuned",0.413209682118828,"With Fine Tuning"
"729","Erlotinib","pearson_corr","DirectPred_finetuned",0.382902187982797,"With Fine Tuning"
"730","Erlotinib","pearson_corr","DirectPred_finetuned",0.439774941054515,"With Fine Tuning"
"731","Erlotinib","pearson_corr","DirectPred_finetuned",0.383716588776302,"With Fine Tuning"
"732","Erlotinib","pearson_corr","DirectPred_finetuned",0.378569089507242,"With Fine Tuning"
"733","Erlotinib","pearson_corr","DirectPred_finetuned",0.388271455298389,"With Fine Tuning"
"734","Erlotinib","pearson_corr","DirectPred_finetuned",0.402859029509202,"With Fine Tuning"
"735","Erlotinib","pearson_corr","DirectPred_finetuned",0.34986312822571,"With Fine Tuning"
"736","Erlotinib","pearson_corr","DirectPred_finetuned",0.315732094115237,"With Fine Tuning"
"737","Erlotinib","pearson_corr","DirectPred_finetuned",0.35478969740031,"With Fine Tuning"
"738","Erlotinib","pearson_corr","DirectPred_finetuned",0.392897996943063,"With Fine Tuning"
"739","Erlotinib","pearson_corr","DirectPred_finetuned",0.405588442926593,"With Fine Tuning"
"740","Erlotinib","pearson_corr","DirectPred_finetuned",0.33534981232264,"With Fine Tuning"
"741","Erlotinib","pearson_corr","DirectPred_finetuned",0.439230771779154,"With Fine Tuning"
"742","Erlotinib","pearson_corr","DirectPred_finetuned",0.335536617746297,"With Fine Tuning"
"743","Erlotinib","pearson_corr","DirectPred_finetuned",0.376078273909579,"With Fine Tuning"
"744","Erlotinib","pearson_corr","DirectPred_finetuned",0.415162108268937,"With Fine Tuning"
"745","Erlotinib","pearson_corr","DirectPred_finetuned",0.275665689036387,"With Fine Tuning"
"746","Erlotinib","pearson_corr","DirectPred_finetuned",0.452586840319426,"With Fine Tuning"
"747","Erlotinib","pearson_corr","DirectPred_finetuned",0.39789597020239,"With Fine Tuning"
"748","Erlotinib","pearson_corr","DirectPred_finetuned",0.346859430516346,"With Fine Tuning"
"749","Erlotinib","pearson_corr","DirectPred_finetuned",0.501713601669988,"With Fine Tuning"
"750","Erlotinib","pearson_corr","DirectPred_finetuned",0.366564698589226,"With Fine Tuning"
"751","Erlotinib","pearson_corr","DirectPred_finetuned",0.400059584088277,"With Fine Tuning"
"752","Erlotinib","pearson_corr","DirectPred_finetuned",0.394244317217278,"With Fine Tuning"
"753","Erlotinib","pearson_corr","DirectPred_finetuned",0.382107248249204,"With Fine Tuning"
"754","Erlotinib","pearson_corr","DirectPred_finetuned",0.424356917206147,"With Fine Tuning"
"755","Erlotinib","pearson_corr","DirectPred_finetuned",0.457608637708086,"With Fine Tuning"
"756","Erlotinib","pearson_corr","DirectPred_finetuned",0.369857671491894,"With Fine Tuning"
"757","Erlotinib","pearson_corr","DirectPred_finetuned",0.319663542036771,"With Fine Tuning"
"758","Erlotinib","pearson_corr","DirectPred_finetuned",0.370772205268246,"With Fine Tuning"
"759","Erlotinib","pearson_corr","DirectPred_finetuned",0.389486585340674,"With Fine Tuning"
"760","Erlotinib","pearson_corr","DirectPred_finetuned",0.429934610877502,"With Fine Tuning"
"761","Erlotinib","pearson_corr","DirectPred_finetuned",0.345981380678682,"With Fine Tuning"
"762","Erlotinib","pearson_corr","DirectPred_finetuned",0.355481068816412,"With Fine Tuning"
"763","Erlotinib","pearson_corr","DirectPred_finetuned",0.320444301769305,"With Fine Tuning"
"764","Erlotinib","pearson_corr","DirectPred_finetuned",0.338829275679695,"With Fine Tuning"
"765","Erlotinib","pearson_corr","DirectPred_finetuned",0.370138387805949,"With Fine Tuning"
"766","Erlotinib","pearson_corr","DirectPred_finetuned",0.375398687796473,"With Fine Tuning"
"767","Erlotinib","pearson_corr","DirectPred_finetuned",0.40554978995834,"With Fine Tuning"
"768","Erlotinib","pearson_corr","DirectPred_finetuned",0.411742234057587,"With Fine Tuning"
"769","Erlotinib","pearson_corr","DirectPred_finetuned",0.428174660614254,"With Fine Tuning"
"770","Erlotinib","pearson_corr","DirectPred_finetuned",0.345541585772585,"With Fine Tuning"
"771","Erlotinib","pearson_corr","DirectPred_finetuned",0.360658590648409,"With Fine Tuning"
"772","Erlotinib","pearson_corr","DirectPred_finetuned",0.390525033680413,"With Fine Tuning"
"773","Erlotinib","pearson_corr","DirectPred_finetuned",0.471949580063759,"With Fine Tuning"
"774","Erlotinib","pearson_corr","DirectPred_finetuned",0.471891096443281,"With Fine Tuning"
"775","Erlotinib","pearson_corr","DirectPred_finetuned",0.373181656228597,"With Fine Tuning"
"776","Erlotinib","pearson_corr","DirectPred_finetuned",0.376733062818143,"With Fine Tuning"
"777","Erlotinib","pearson_corr","DirectPred_finetuned",0.423194768264072,"With Fine Tuning"
"778","Erlotinib","pearson_corr","DirectPred_finetuned",0.436016669917493,"With Fine Tuning"
"779","Erlotinib","pearson_corr","DirectPred_finetuned",0.406574778580648,"With Fine Tuning"
"780","Erlotinib","pearson_corr","DirectPred_finetuned",0.392698329335454,"With Fine Tuning"
"781","Erlotinib","pearson_corr","DirectPred_finetuned",0.355214539026488,"With Fine Tuning"
"782","Erlotinib","pearson_corr","DirectPred_finetuned",0.433090219761749,"With Fine Tuning"
"783","Erlotinib","pearson_corr","DirectPred_finetuned",0.414785728932122,"With Fine Tuning"
"784","Erlotinib","pearson_corr","DirectPred_finetuned",0.463784664595096,"With Fine Tuning"
"785","Erlotinib","pearson_corr","DirectPred_finetuned",0.443234029291082,"With Fine Tuning"
"786","Erlotinib","pearson_corr","DirectPred_finetuned",0.450191631853419,"With Fine Tuning"
"787","Erlotinib","pearson_corr","DirectPred_finetuned",0.40978925548861,"With Fine Tuning"
"788","Erlotinib","pearson_corr","DirectPred_finetuned",0.368401810937844,"With Fine Tuning"
"789","Erlotinib","pearson_corr","DirectPred_finetuned",0.430497321027925,"With Fine Tuning"
"790","Erlotinib","pearson_corr","DirectPred_finetuned",0.332898080723162,"With Fine Tuning"
"791","Erlotinib","pearson_corr","DirectPred_finetuned",0.343362593783773,"With Fine Tuning"
"792","Erlotinib","pearson_corr","DirectPred_finetuned",0.381111897199479,"With Fine Tuning"
"793","Erlotinib","pearson_corr","DirectPred_finetuned",0.459436541835128,"With Fine Tuning"
"794","Erlotinib","pearson_corr","DirectPred_finetuned",0.301917204247745,"With Fine Tuning"
"795","Erlotinib","pearson_corr","DirectPred_finetuned",0.393431407777558,"With Fine Tuning"
"796","Erlotinib","pearson_corr","DirectPred_finetuned",0.44650407053509,"With Fine Tuning"
"797","Erlotinib","pearson_corr","DirectPred_finetuned",0.3881116646469,"With Fine Tuning"
"798","Erlotinib","pearson_corr","DirectPred_finetuned",0.403174489423192,"With Fine Tuning"
"799","Erlotinib","pearson_corr","DirectPred_finetuned",0.354934163056119,"With Fine Tuning"
"800","Erlotinib","pearson_corr","DirectPred_finetuned",0.446883610851371,"With Fine Tuning"
"801","Erlotinib","pearson_corr","DirectPred",0.516897812437047,"No Fine Tuning"
"802","Erlotinib","pearson_corr","DirectPred",0.317092549192213,"No Fine Tuning"
"803","Erlotinib","pearson_corr","DirectPred",0.304709826631837,"No Fine Tuning"
"804","Erlotinib","pearson_corr","DirectPred",0.358788401708555,"No Fine Tuning"
"805","Erlotinib","pearson_corr","DirectPred",0.448110148575807,"No Fine Tuning"
"806","Erlotinib","pearson_corr","DirectPred",0.460405604565561,"No Fine Tuning"
"807","Erlotinib","pearson_corr","DirectPred",0.389547783193457,"No Fine Tuning"
"808","Erlotinib","pearson_corr","DirectPred",0.350705395736087,"No Fine Tuning"
"809","Erlotinib","pearson_corr","DirectPred",0.459058632222851,"No Fine Tuning"
"810","Erlotinib","pearson_corr","DirectPred",0.398040834086092,"No Fine Tuning"
"811","Erlotinib","pearson_corr","DirectPred",0.416139478145358,"No Fine Tuning"
"812","Erlotinib","pearson_corr","DirectPred",0.455460263470096,"No Fine Tuning"
"813","Erlotinib","pearson_corr","DirectPred",0.391872883143785,"No Fine Tuning"
"814","Erlotinib","pearson_corr","DirectPred",0.33135315628324,"No Fine Tuning"
"815","Erlotinib","pearson_corr","DirectPred",0.61340340695385,"No Fine Tuning"
"816","Erlotinib","pearson_corr","DirectPred",0.472500517097381,"No Fine Tuning"
"817","Erlotinib","pearson_corr","DirectPred",0.335789391660722,"No Fine Tuning"
"818","Erlotinib","pearson_corr","DirectPred",0.409799737296125,"No Fine Tuning"
"819","Erlotinib","pearson_corr","DirectPred",0.480964500548984,"No Fine Tuning"
"820","Erlotinib","pearson_corr","DirectPred",0.410725895739806,"No Fine Tuning"
"821","Erlotinib","pearson_corr","DirectPred",0.371545034542139,"No Fine Tuning"
"822","Erlotinib","pearson_corr","DirectPred",0.241522105410941,"No Fine Tuning"
"823","Erlotinib","pearson_corr","DirectPred",0.334266427475568,"No Fine Tuning"
"824","Erlotinib","pearson_corr","DirectPred",0.385212930046702,"No Fine Tuning"
"825","Erlotinib","pearson_corr","DirectPred",0.346587473917682,"No Fine Tuning"
"826","Erlotinib","pearson_corr","DirectPred",0.372848062177996,"No Fine Tuning"
"827","Erlotinib","pearson_corr","DirectPred",0.346037064515432,"No Fine Tuning"
"828","Erlotinib","pearson_corr","DirectPred",0.41811388579958,"No Fine Tuning"
"829","Erlotinib","pearson_corr","DirectPred",0.573285729993265,"No Fine Tuning"
"830","Erlotinib","pearson_corr","DirectPred",0.336940683489264,"No Fine Tuning"
"831","Erlotinib","pearson_corr","DirectPred",0.337732579927784,"No Fine Tuning"
"832","Erlotinib","pearson_corr","DirectPred",0.409219588142807,"No Fine Tuning"
"833","Erlotinib","pearson_corr","DirectPred",0.398005356936767,"No Fine Tuning"
"834","Erlotinib","pearson_corr","DirectPred",0.374114438778887,"No Fine Tuning"
"835","Erlotinib","pearson_corr","DirectPred",0.398079530388578,"No Fine Tuning"
"836","Erlotinib","pearson_corr","DirectPred",0.360862356706495,"No Fine Tuning"
"837","Erlotinib","pearson_corr","DirectPred",0.334028115921247,"No Fine Tuning"
"838","Erlotinib","pearson_corr","DirectPred",0.387766103387787,"No Fine Tuning"
"839","Erlotinib","pearson_corr","DirectPred",0.330565168558827,"No Fine Tuning"
"840","Erlotinib","pearson_corr","DirectPred",0.321348414482881,"No Fine Tuning"
"841","Erlotinib","pearson_corr","DirectPred",0.436219558757624,"No Fine Tuning"
"842","Erlotinib","pearson_corr","DirectPred",0.298808608293931,"No Fine Tuning"
"843","Erlotinib","pearson_corr","DirectPred",0.268069477882296,"No Fine Tuning"
"844","Erlotinib","pearson_corr","DirectPred",0.412124357411078,"No Fine Tuning"
"845","Erlotinib","pearson_corr","DirectPred",0.336861945344107,"No Fine Tuning"
"846","Erlotinib","pearson_corr","DirectPred",0.380972977231461,"No Fine Tuning"
"847","Erlotinib","pearson_corr","DirectPred",0.3798968023069,"No Fine Tuning"
"848","Erlotinib","pearson_corr","DirectPred",0.385657275483768,"No Fine Tuning"
"849","Erlotinib","pearson_corr","DirectPred",0.400056214496719,"No Fine Tuning"
"850","Erlotinib","pearson_corr","DirectPred",0.297465136463245,"No Fine Tuning"
"851","Erlotinib","pearson_corr","DirectPred",0.393796666445176,"No Fine Tuning"
"852","Erlotinib","pearson_corr","DirectPred",0.457219234925961,"No Fine Tuning"
"853","Erlotinib","pearson_corr","DirectPred",0.404368898886595,"No Fine Tuning"
"854","Erlotinib","pearson_corr","DirectPred",0.453832414600174,"No Fine Tuning"
"855","Erlotinib","pearson_corr","DirectPred",0.397851645856335,"No Fine Tuning"
"856","Erlotinib","pearson_corr","DirectPred",0.285280879046492,"No Fine Tuning"
"857","Erlotinib","pearson_corr","DirectPred",0.35731543948706,"No Fine Tuning"
"858","Erlotinib","pearson_corr","DirectPred",0.383446765931617,"No Fine Tuning"
"859","Erlotinib","pearson_corr","DirectPred",0.416043110462025,"No Fine Tuning"
"860","Erlotinib","pearson_corr","DirectPred",0.39039733910951,"No Fine Tuning"
"861","Erlotinib","pearson_corr","DirectPred",0.342369872278006,"No Fine Tuning"
"862","Erlotinib","pearson_corr","DirectPred",0.436828284735037,"No Fine Tuning"
"863","Erlotinib","pearson_corr","DirectPred",0.334729861463846,"No Fine Tuning"
"864","Erlotinib","pearson_corr","DirectPred",0.29414608307351,"No Fine Tuning"
"865","Erlotinib","pearson_corr","DirectPred",0.369443506988021,"No Fine Tuning"
"866","Erlotinib","pearson_corr","DirectPred",0.380399925447308,"No Fine Tuning"
"867","Erlotinib","pearson_corr","DirectPred",0.408524431913923,"No Fine Tuning"
"868","Erlotinib","pearson_corr","DirectPred",0.470623448082012,"No Fine Tuning"
"869","Erlotinib","pearson_corr","DirectPred",0.472896493839688,"No Fine Tuning"
"870","Erlotinib","pearson_corr","DirectPred",0.323772794525809,"No Fine Tuning"
"871","Erlotinib","pearson_corr","DirectPred",0.365077444729189,"No Fine Tuning"
"872","Erlotinib","pearson_corr","DirectPred",0.394981033051262,"No Fine Tuning"
"873","Erlotinib","pearson_corr","DirectPred",0.405722434435174,"No Fine Tuning"
"874","Erlotinib","pearson_corr","DirectPred",0.512330515392309,"No Fine Tuning"
"875","Erlotinib","pearson_corr","DirectPred",0.445613126387968,"No Fine Tuning"
"876","Erlotinib","pearson_corr","DirectPred",0.32884941786091,"No Fine Tuning"
"877","Erlotinib","pearson_corr","DirectPred",0.304409470704377,"No Fine Tuning"
"878","Erlotinib","pearson_corr","DirectPred",0.520130303194681,"No Fine Tuning"
"879","Erlotinib","pearson_corr","DirectPred",0.459557390817459,"No Fine Tuning"
"880","Erlotinib","pearson_corr","DirectPred",0.48229999802047,"No Fine Tuning"
"881","Erlotinib","pearson_corr","DirectPred",0.41068200775098,"No Fine Tuning"
"882","Erlotinib","pearson_corr","DirectPred",0.429991085065498,"No Fine Tuning"
"883","Erlotinib","pearson_corr","DirectPred",0.526500864086717,"No Fine Tuning"
"884","Erlotinib","pearson_corr","DirectPred",0.415862167281686,"No Fine Tuning"
"885","Erlotinib","pearson_corr","DirectPred",0.373054936979341,"No Fine Tuning"
"886","Erlotinib","pearson_corr","DirectPred",0.516051676019613,"No Fine Tuning"
"887","Erlotinib","pearson_corr","DirectPred",0.424291220291676,"No Fine Tuning"
"888","Erlotinib","pearson_corr","DirectPred",0.367721265434569,"No Fine Tuning"
"889","Erlotinib","pearson_corr","DirectPred",0.394434241946253,"No Fine Tuning"
"890","Erlotinib","pearson_corr","DirectPred",0.351607991672383,"No Fine Tuning"
"891","Erlotinib","pearson_corr","DirectPred",0.270711504134317,"No Fine Tuning"
"892","Erlotinib","pearson_corr","DirectPred",0.395952399473154,"No Fine Tuning"
"893","Erlotinib","pearson_corr","DirectPred",0.425484857086573,"No Fine Tuning"
"894","Erlotinib","pearson_corr","DirectPred",0.33080093983805,"No Fine Tuning"
"895","Erlotinib","pearson_corr","DirectPred",0.489990672303772,"No Fine Tuning"
"896","Erlotinib","pearson_corr","DirectPred",0.46217570474363,"No Fine Tuning"
"897","Erlotinib","pearson_corr","DirectPred",0.336662641345008,"No Fine Tuning"
"898","Erlotinib","pearson_corr","DirectPred",0.366314490091364,"No Fine Tuning"
"899","Erlotinib","pearson_corr","DirectPred",0.477973416321474,"No Fine Tuning"
"900","Erlotinib","pearson_corr","DirectPred",0.475454608099755,"No Fine Tuning"
"901","Erlotinib","pearson_corr","GNN",0.386222455961871,"No Fine Tuning"
"902","Erlotinib","pearson_corr","GNN",0.341683777311897,"No Fine Tuning"
"903","Erlotinib","pearson_corr","GNN",0.309817742229026,"No Fine Tuning"
"904","Erlotinib","pearson_corr","GNN",0.238568521521969,"No Fine Tuning"
"905","Erlotinib","pearson_corr","GNN",0.362886510332694,"No Fine Tuning"
"906","Erlotinib","pearson_corr","GNN",0.330620966564962,"No Fine Tuning"
"907","Erlotinib","pearson_corr","GNN",0.328971557394401,"No Fine Tuning"
"908","Erlotinib","pearson_corr","GNN",0.280919316683305,"No Fine Tuning"
"909","Erlotinib","pearson_corr","GNN",0.409249879196378,"No Fine Tuning"
"910","Erlotinib","pearson_corr","GNN",0.335085284114265,"No Fine Tuning"
"911","Erlotinib","pearson_corr","GNN",0.339632953193429,"No Fine Tuning"
"912","Erlotinib","pearson_corr","GNN",0.392809814741678,"No Fine Tuning"
"913","Erlotinib","pearson_corr","GNN",0.362388596423664,"No Fine Tuning"
"914","Erlotinib","pearson_corr","GNN",0.413075493571618,"No Fine Tuning"
"915","Erlotinib","pearson_corr","GNN",0.443877306266188,"No Fine Tuning"
"916","Erlotinib","pearson_corr","GNN",0.394109983018189,"No Fine Tuning"
"917","Erlotinib","pearson_corr","GNN",0.382876210165359,"No Fine Tuning"
"918","Erlotinib","pearson_corr","GNN",0.318026459494808,"No Fine Tuning"
"919","Erlotinib","pearson_corr","GNN",0.38357825233023,"No Fine Tuning"
"920","Erlotinib","pearson_corr","GNN",0.375138506593619,"No Fine Tuning"
"921","Erlotinib","pearson_corr","GNN",0.315755867004562,"No Fine Tuning"
"922","Erlotinib","pearson_corr","GNN",0.275363790211873,"No Fine Tuning"
"923","Erlotinib","pearson_corr","GNN",0.303130690653629,"No Fine Tuning"
"924","Erlotinib","pearson_corr","GNN",0.335616637637739,"No Fine Tuning"
"925","Erlotinib","pearson_corr","GNN",0.323255136033663,"No Fine Tuning"
"926","Erlotinib","pearson_corr","GNN",0.288947754487624,"No Fine Tuning"
"927","Erlotinib","pearson_corr","GNN",0.36579880412259,"No Fine Tuning"
"928","Erlotinib","pearson_corr","GNN",0.374477646228362,"No Fine Tuning"
"929","Erlotinib","pearson_corr","GNN",0.374171005291269,"No Fine Tuning"
"930","Erlotinib","pearson_corr","GNN",0.411512571284577,"No Fine Tuning"
"931","Erlotinib","pearson_corr","GNN",0.378650038016418,"No Fine Tuning"
"932","Erlotinib","pearson_corr","GNN",0.339811322748369,"No Fine Tuning"
"933","Erlotinib","pearson_corr","GNN",0.343584246584663,"No Fine Tuning"
"934","Erlotinib","pearson_corr","GNN",0.29441691628823,"No Fine Tuning"
"935","Erlotinib","pearson_corr","GNN",0.25795112436269,"No Fine Tuning"
"936","Erlotinib","pearson_corr","GNN",0.320844028767182,"No Fine Tuning"
"937","Erlotinib","pearson_corr","GNN",0.368506988136993,"No Fine Tuning"
"938","Erlotinib","pearson_corr","GNN",0.350733072893437,"No Fine Tuning"
"939","Erlotinib","pearson_corr","GNN",0.403879289942309,"No Fine Tuning"
"940","Erlotinib","pearson_corr","GNN",0.315030661171654,"No Fine Tuning"
"941","Erlotinib","pearson_corr","GNN",0.364437342409671,"No Fine Tuning"
"942","Erlotinib","pearson_corr","GNN",0.308231138615613,"No Fine Tuning"
"943","Erlotinib","pearson_corr","GNN",0.295757447228559,"No Fine Tuning"
"944","Erlotinib","pearson_corr","GNN",0.399578423803698,"No Fine Tuning"
"945","Erlotinib","pearson_corr","GNN",0.238435206553971,"No Fine Tuning"
"946","Erlotinib","pearson_corr","GNN",0.359542562358581,"No Fine Tuning"
"947","Erlotinib","pearson_corr","GNN",0.303944468353159,"No Fine Tuning"
"948","Erlotinib","pearson_corr","GNN",0.337519063598778,"No Fine Tuning"
"949","Erlotinib","pearson_corr","GNN",0.436507435929295,"No Fine Tuning"
"950","Erlotinib","pearson_corr","GNN",0.329695690443662,"No Fine Tuning"
"951","Erlotinib","pearson_corr","GNN",0.384574666895388,"No Fine Tuning"
"952","Erlotinib","pearson_corr","GNN",0.347639290379289,"No Fine Tuning"
"953","Erlotinib","pearson_corr","GNN",0.392704891133366,"No Fine Tuning"
"954","Erlotinib","pearson_corr","GNN",0.35685671022297,"No Fine Tuning"
"955","Erlotinib","pearson_corr","GNN",0.382653621116229,"No Fine Tuning"
"956","Erlotinib","pearson_corr","GNN",0.364332816945436,"No Fine Tuning"
"957","Erlotinib","pearson_corr","GNN",0.324599106453944,"No Fine Tuning"
"958","Erlotinib","pearson_corr","GNN",0.28397260308939,"No Fine Tuning"
"959","Erlotinib","pearson_corr","GNN",0.341770803790689,"No Fine Tuning"
"960","Erlotinib","pearson_corr","GNN",0.390584489109561,"No Fine Tuning"
"961","Erlotinib","pearson_corr","GNN",0.349843121276741,"No Fine Tuning"
"962","Erlotinib","pearson_corr","GNN",0.383503931957343,"No Fine Tuning"
"963","Erlotinib","pearson_corr","GNN",0.309673895345756,"No Fine Tuning"
"964","Erlotinib","pearson_corr","GNN",0.290487416815273,"No Fine Tuning"
"965","Erlotinib","pearson_corr","GNN",0.315628586596645,"No Fine Tuning"
"966","Erlotinib","pearson_corr","GNN",0.319353823916096,"No Fine Tuning"
"967","Erlotinib","pearson_corr","GNN",0.395182985237528,"No Fine Tuning"
"968","Erlotinib","pearson_corr","GNN",0.395100932208287,"No Fine Tuning"
"969","Erlotinib","pearson_corr","GNN",0.406549862511379,"No Fine Tuning"
"970","Erlotinib","pearson_corr","GNN",0.288912508823996,"No Fine Tuning"
"971","Erlotinib","pearson_corr","GNN",0.305099439123831,"No Fine Tuning"
"972","Erlotinib","pearson_corr","GNN",0.329164823924447,"No Fine Tuning"
"973","Erlotinib","pearson_corr","GNN",0.401900421261038,"No Fine Tuning"
"974","Erlotinib","pearson_corr","GNN",0.459358627624933,"No Fine Tuning"
"975","Erlotinib","pearson_corr","GNN",0.351978498505143,"No Fine Tuning"
"976","Erlotinib","pearson_corr","GNN",0.338396444830794,"No Fine Tuning"
"977","Erlotinib","pearson_corr","GNN",0.386609543041682,"No Fine Tuning"
"978","Erlotinib","pearson_corr","GNN",0.376957107496328,"No Fine Tuning"
"979","Erlotinib","pearson_corr","GNN",0.39299637855638,"No Fine Tuning"
"980","Erlotinib","pearson_corr","GNN",0.3305841115431,"No Fine Tuning"
"981","Erlotinib","pearson_corr","GNN",0.286204541249623,"No Fine Tuning"
"982","Erlotinib","pearson_corr","GNN",0.405484876123488,"No Fine Tuning"
"983","Erlotinib","pearson_corr","GNN",0.412107586749019,"No Fine Tuning"
"984","Erlotinib","pearson_corr","GNN",0.442530327508399,"No Fine Tuning"
"985","Erlotinib","pearson_corr","GNN",0.397699273540272,"No Fine Tuning"
"986","Erlotinib","pearson_corr","GNN",0.424512694244303,"No Fine Tuning"
"987","Erlotinib","pearson_corr","GNN",0.363990779294352,"No Fine Tuning"
"988","Erlotinib","pearson_corr","GNN",0.319841960955043,"No Fine Tuning"
"989","Erlotinib","pearson_corr","GNN",0.371246314468661,"No Fine Tuning"
"990","Erlotinib","pearson_corr","GNN",0.327668131804235,"No Fine Tuning"
"991","Erlotinib","pearson_corr","GNN",0.283615505953106,"No Fine Tuning"
"992","Erlotinib","pearson_corr","GNN",0.314081457061884,"No Fine Tuning"
"993","Erlotinib","pearson_corr","GNN",0.426764041601103,"No Fine Tuning"
"994","Erlotinib","pearson_corr","GNN",0.253933540252013,"No Fine Tuning"
"995","Erlotinib","pearson_corr","GNN",0.362012912021624,"No Fine Tuning"
"996","Erlotinib","pearson_corr","GNN",0.445091840648975,"No Fine Tuning"
"997","Erlotinib","pearson_corr","GNN",0.320876232846214,"No Fine Tuning"
"998","Erlotinib","pearson_corr","GNN",0.356480744913773,"No Fine Tuning"
"999","Erlotinib","pearson_corr","GNN",0.338174473136749,"No Fine Tuning"
"1000","Erlotinib","pearson_corr","GNN",0.373701370852036,"No Fine Tuning"
"1001","Erlotinib","pearson_corr","RandomForest",0.401749512462575,"No Fine Tuning"
"1002","Erlotinib","pearson_corr","RandomForest",0.334016012267766,"No Fine Tuning"
"1003","Erlotinib","pearson_corr","RandomForest",0.318946990973003,"No Fine Tuning"
"1004","Erlotinib","pearson_corr","RandomForest",0.307283801951495,"No Fine Tuning"
"1005","Erlotinib","pearson_corr","RandomForest",0.430755049946526,"No Fine Tuning"
"1006","Erlotinib","pearson_corr","RandomForest",0.382775085787541,"No Fine Tuning"
"1007","Erlotinib","pearson_corr","RandomForest",0.363867587587115,"No Fine Tuning"
"1008","Erlotinib","pearson_corr","RandomForest",0.37616831742321,"No Fine Tuning"
"1009","Erlotinib","pearson_corr","RandomForest",0.489495428837295,"No Fine Tuning"
"1010","Erlotinib","pearson_corr","RandomForest",0.357861892637545,"No Fine Tuning"
"1011","Erlotinib","pearson_corr","RandomForest",0.33483822910713,"No Fine Tuning"
"1012","Erlotinib","pearson_corr","RandomForest",0.424362241056734,"No Fine Tuning"
"1013","Erlotinib","pearson_corr","RandomForest",0.384003113316512,"No Fine Tuning"
"1014","Erlotinib","pearson_corr","RandomForest",0.378916379779819,"No Fine Tuning"
"1015","Erlotinib","pearson_corr","RandomForest",0.441750919516685,"No Fine Tuning"
"1016","Erlotinib","pearson_corr","RandomForest",0.433344872197154,"No Fine Tuning"
"1017","Erlotinib","pearson_corr","RandomForest",0.379170535097204,"No Fine Tuning"
"1018","Erlotinib","pearson_corr","RandomForest",0.318073917078744,"No Fine Tuning"
"1019","Erlotinib","pearson_corr","RandomForest",0.380294256461664,"No Fine Tuning"
"1020","Erlotinib","pearson_corr","RandomForest",0.379560392561563,"No Fine Tuning"
"1021","Erlotinib","pearson_corr","RandomForest",0.364404643090198,"No Fine Tuning"
"1022","Erlotinib","pearson_corr","RandomForest",0.288624325606829,"No Fine Tuning"
"1023","Erlotinib","pearson_corr","RandomForest",0.28895136106367,"No Fine Tuning"
"1024","Erlotinib","pearson_corr","RandomForest",0.348902494921953,"No Fine Tuning"
"1025","Erlotinib","pearson_corr","RandomForest",0.343833700318724,"No Fine Tuning"
"1026","Erlotinib","pearson_corr","RandomForest",0.319205997194185,"No Fine Tuning"
"1027","Erlotinib","pearson_corr","RandomForest",0.35805191497408,"No Fine Tuning"
"1028","Erlotinib","pearson_corr","RandomForest",0.364291942299063,"No Fine Tuning"
"1029","Erlotinib","pearson_corr","RandomForest",0.361687518031679,"No Fine Tuning"
"1030","Erlotinib","pearson_corr","RandomForest",0.384650621082194,"No Fine Tuning"
"1031","Erlotinib","pearson_corr","RandomForest",0.378837465575253,"No Fine Tuning"
"1032","Erlotinib","pearson_corr","RandomForest",0.346414929797701,"No Fine Tuning"
"1033","Erlotinib","pearson_corr","RandomForest",0.350734279099034,"No Fine Tuning"
"1034","Erlotinib","pearson_corr","RandomForest",0.39841018044267,"No Fine Tuning"
"1035","Erlotinib","pearson_corr","RandomForest",0.312281898332849,"No Fine Tuning"
"1036","Erlotinib","pearson_corr","RandomForest",0.301319357305661,"No Fine Tuning"
"1037","Erlotinib","pearson_corr","RandomForest",0.39697481766824,"No Fine Tuning"
"1038","Erlotinib","pearson_corr","RandomForest",0.328853536157618,"No Fine Tuning"
"1039","Erlotinib","pearson_corr","RandomForest",0.429780750480891,"No Fine Tuning"
"1040","Erlotinib","pearson_corr","RandomForest",0.334118135085102,"No Fine Tuning"
"1041","Erlotinib","pearson_corr","RandomForest",0.381744909535834,"No Fine Tuning"
"1042","Erlotinib","pearson_corr","RandomForest",0.351308479391454,"No Fine Tuning"
"1043","Erlotinib","pearson_corr","RandomForest",0.33109439934309,"No Fine Tuning"
"1044","Erlotinib","pearson_corr","RandomForest",0.39713208773613,"No Fine Tuning"
"1045","Erlotinib","pearson_corr","RandomForest",0.250040371234863,"No Fine Tuning"
"1046","Erlotinib","pearson_corr","RandomForest",0.394055581280464,"No Fine Tuning"
"1047","Erlotinib","pearson_corr","RandomForest",0.408234151194159,"No Fine Tuning"
"1048","Erlotinib","pearson_corr","RandomForest",0.352105305065509,"No Fine Tuning"
"1049","Erlotinib","pearson_corr","RandomForest",0.461188200095818,"No Fine Tuning"
"1050","Erlotinib","pearson_corr","RandomForest",0.331486790669607,"No Fine Tuning"
"1051","Erlotinib","pearson_corr","RandomForest",0.408340121085315,"No Fine Tuning"
"1052","Erlotinib","pearson_corr","RandomForest",0.389794203842698,"No Fine Tuning"
"1053","Erlotinib","pearson_corr","RandomForest",0.373118660787711,"No Fine Tuning"
"1054","Erlotinib","pearson_corr","RandomForest",0.41536442750512,"No Fine Tuning"
"1055","Erlotinib","pearson_corr","RandomForest",0.373625033337401,"No Fine Tuning"
"1056","Erlotinib","pearson_corr","RandomForest",0.386406408409378,"No Fine Tuning"
"1057","Erlotinib","pearson_corr","RandomForest",0.341777819299411,"No Fine Tuning"
"1058","Erlotinib","pearson_corr","RandomForest",0.331445071915957,"No Fine Tuning"
"1059","Erlotinib","pearson_corr","RandomForest",0.32469960010559,"No Fine Tuning"
"1060","Erlotinib","pearson_corr","RandomForest",0.371065392154419,"No Fine Tuning"
"1061","Erlotinib","pearson_corr","RandomForest",0.330243060173624,"No Fine Tuning"
"1062","Erlotinib","pearson_corr","RandomForest",0.371000065257571,"No Fine Tuning"
"1063","Erlotinib","pearson_corr","RandomForest",0.341757992620154,"No Fine Tuning"
"1064","Erlotinib","pearson_corr","RandomForest",0.352070294501823,"No Fine Tuning"
"1065","Erlotinib","pearson_corr","RandomForest",0.35432607252194,"No Fine Tuning"
"1066","Erlotinib","pearson_corr","RandomForest",0.342291961087827,"No Fine Tuning"
"1067","Erlotinib","pearson_corr","RandomForest",0.374047698683373,"No Fine Tuning"
"1068","Erlotinib","pearson_corr","RandomForest",0.41551658094049,"No Fine Tuning"
"1069","Erlotinib","pearson_corr","RandomForest",0.398340636613493,"No Fine Tuning"
"1070","Erlotinib","pearson_corr","RandomForest",0.31856321508514,"No Fine Tuning"
"1071","Erlotinib","pearson_corr","RandomForest",0.333518303845865,"No Fine Tuning"
"1072","Erlotinib","pearson_corr","RandomForest",0.360657179248285,"No Fine Tuning"
"1073","Erlotinib","pearson_corr","RandomForest",0.403769490165445,"No Fine Tuning"
"1074","Erlotinib","pearson_corr","RandomForest",0.480369855642668,"No Fine Tuning"
"1075","Erlotinib","pearson_corr","RandomForest",0.366710046539924,"No Fine Tuning"
"1076","Erlotinib","pearson_corr","RandomForest",0.346169943170453,"No Fine Tuning"
"1077","Erlotinib","pearson_corr","RandomForest",0.456610395227565,"No Fine Tuning"
"1078","Erlotinib","pearson_corr","RandomForest",0.382228815831449,"No Fine Tuning"
"1079","Erlotinib","pearson_corr","RandomForest",0.343986666441905,"No Fine Tuning"
"1080","Erlotinib","pearson_corr","RandomForest",0.393069886438592,"No Fine Tuning"
"1081","Erlotinib","pearson_corr","RandomForest",0.303845456529658,"No Fine Tuning"
"1082","Erlotinib","pearson_corr","RandomForest",0.382810156918585,"No Fine Tuning"
"1083","Erlotinib","pearson_corr","RandomForest",0.399685989428595,"No Fine Tuning"
"1084","Erlotinib","pearson_corr","RandomForest",0.432296723259437,"No Fine Tuning"
"1085","Erlotinib","pearson_corr","RandomForest",0.406839581614237,"No Fine Tuning"
"1086","Erlotinib","pearson_corr","RandomForest",0.417004937706723,"No Fine Tuning"
"1087","Erlotinib","pearson_corr","RandomForest",0.416386201476987,"No Fine Tuning"
"1088","Erlotinib","pearson_corr","RandomForest",0.373900343973214,"No Fine Tuning"
"1089","Erlotinib","pearson_corr","RandomForest",0.389590169520696,"No Fine Tuning"
"1090","Erlotinib","pearson_corr","RandomForest",0.366674280029989,"No Fine Tuning"
"1091","Erlotinib","pearson_corr","RandomForest",0.307967633244049,"No Fine Tuning"
"1092","Erlotinib","pearson_corr","RandomForest",0.334926597629632,"No Fine Tuning"
"1093","Erlotinib","pearson_corr","RandomForest",0.416312540473891,"No Fine Tuning"
"1094","Erlotinib","pearson_corr","RandomForest",0.293754022751613,"No Fine Tuning"
"1095","Erlotinib","pearson_corr","RandomForest",0.418318016604965,"No Fine Tuning"
"1096","Erlotinib","pearson_corr","RandomForest",0.460620871423515,"No Fine Tuning"
"1097","Erlotinib","pearson_corr","RandomForest",0.386487697056578,"No Fine Tuning"
"1098","Erlotinib","pearson_corr","RandomForest",0.353051757447744,"No Fine Tuning"
"1099","Erlotinib","pearson_corr","RandomForest",0.354481261753962,"No Fine Tuning"
"1100","Erlotinib","pearson_corr","RandomForest",0.406082493996038,"No Fine Tuning"
"1101","Erlotinib","pearson_corr","SVM",0.271564370203738,"No Fine Tuning"
"1102","Erlotinib","pearson_corr","SVM",0.325922070272519,"No Fine Tuning"
"1103","Erlotinib","pearson_corr","SVM",0.165665072801838,"No Fine Tuning"
"1104","Erlotinib","pearson_corr","SVM",0.189064617384841,"No Fine Tuning"
"1105","Erlotinib","pearson_corr","SVM",0.324485662278883,"No Fine Tuning"
"1106","Erlotinib","pearson_corr","SVM",0.236917951856951,"No Fine Tuning"
"1107","Erlotinib","pearson_corr","SVM",0.240779872242939,"No Fine Tuning"
"1108","Erlotinib","pearson_corr","SVM",0.219417084314444,"No Fine Tuning"
"1109","Erlotinib","pearson_corr","SVM",0.290800209085156,"No Fine Tuning"
"1110","Erlotinib","pearson_corr","SVM",0.20932661598506,"No Fine Tuning"
"1111","Erlotinib","pearson_corr","SVM",0.192284164030812,"No Fine Tuning"
"1112","Erlotinib","pearson_corr","SVM",0.238656173310978,"No Fine Tuning"
"1113","Erlotinib","pearson_corr","SVM",0.126235657086229,"No Fine Tuning"
"1114","Erlotinib","pearson_corr","SVM",0.161176583861876,"No Fine Tuning"
"1115","Erlotinib","pearson_corr","SVM",0.294819719420446,"No Fine Tuning"
"1116","Erlotinib","pearson_corr","SVM",0.278561283134165,"No Fine Tuning"
"1117","Erlotinib","pearson_corr","SVM",0.251213579689914,"No Fine Tuning"
"1118","Erlotinib","pearson_corr","SVM",0.220407250927738,"No Fine Tuning"
"1119","Erlotinib","pearson_corr","SVM",0.241777803936574,"No Fine Tuning"
"1120","Erlotinib","pearson_corr","SVM",0.26810610346853,"No Fine Tuning"
"1121","Erlotinib","pearson_corr","SVM",0.32923087612662,"No Fine Tuning"
"1122","Erlotinib","pearson_corr","SVM",0.197193605090409,"No Fine Tuning"
"1123","Erlotinib","pearson_corr","SVM",0.140972026697733,"No Fine Tuning"
"1124","Erlotinib","pearson_corr","SVM",0.223283868329896,"No Fine Tuning"
"1125","Erlotinib","pearson_corr","SVM",0.170234321879465,"No Fine Tuning"
"1126","Erlotinib","pearson_corr","SVM",0.187063556623803,"No Fine Tuning"
"1127","Erlotinib","pearson_corr","SVM",0.190542085955664,"No Fine Tuning"
"1128","Erlotinib","pearson_corr","SVM",0.261158898273103,"No Fine Tuning"
"1129","Erlotinib","pearson_corr","SVM",0.221223384030009,"No Fine Tuning"
"1130","Erlotinib","pearson_corr","SVM",0.251566455258304,"No Fine Tuning"
"1131","Erlotinib","pearson_corr","SVM",0.321094895251711,"No Fine Tuning"
"1132","Erlotinib","pearson_corr","SVM",0.17590450278604,"No Fine Tuning"
"1133","Erlotinib","pearson_corr","SVM",0.20864746029245,"No Fine Tuning"
"1134","Erlotinib","pearson_corr","SVM",0.230203410022415,"No Fine Tuning"
"1135","Erlotinib","pearson_corr","SVM",0.075453397876641,"No Fine Tuning"
"1136","Erlotinib","pearson_corr","SVM",0.084274430680576,"No Fine Tuning"
"1137","Erlotinib","pearson_corr","SVM",0.201031287688669,"No Fine Tuning"
"1138","Erlotinib","pearson_corr","SVM",0.18685364936232,"No Fine Tuning"
"1139","Erlotinib","pearson_corr","SVM",0.229049603753301,"No Fine Tuning"
"1140","Erlotinib","pearson_corr","SVM",0.230582722757688,"No Fine Tuning"
"1141","Erlotinib","pearson_corr","SVM",0.247789844614758,"No Fine Tuning"
"1142","Erlotinib","pearson_corr","SVM",0.174900016087993,"No Fine Tuning"
"1143","Erlotinib","pearson_corr","SVM",0.178201570808704,"No Fine Tuning"
"1144","Erlotinib","pearson_corr","SVM",0.23220137033275,"No Fine Tuning"
"1145","Erlotinib","pearson_corr","SVM",0.120722731375028,"No Fine Tuning"
"1146","Erlotinib","pearson_corr","SVM",0.283782175630237,"No Fine Tuning"
"1147","Erlotinib","pearson_corr","SVM",0.29980174804123,"No Fine Tuning"
"1148","Erlotinib","pearson_corr","SVM",0.152233120314882,"No Fine Tuning"
"1149","Erlotinib","pearson_corr","SVM",0.274602512752896,"No Fine Tuning"
"1150","Erlotinib","pearson_corr","SVM",0.18078865722491,"No Fine Tuning"
"1151","Erlotinib","pearson_corr","SVM",0.19183609200633,"No Fine Tuning"
"1152","Erlotinib","pearson_corr","SVM",0.291175221729498,"No Fine Tuning"
"1153","Erlotinib","pearson_corr","SVM",0.236392604646553,"No Fine Tuning"
"1154","Erlotinib","pearson_corr","SVM",0.330092698705649,"No Fine Tuning"
"1155","Erlotinib","pearson_corr","SVM",0.267105935045723,"No Fine Tuning"
"1156","Erlotinib","pearson_corr","SVM",0.130823660887958,"No Fine Tuning"
"1157","Erlotinib","pearson_corr","SVM",0.173155273495705,"No Fine Tuning"
"1158","Erlotinib","pearson_corr","SVM",0.117814947775375,"No Fine Tuning"
"1159","Erlotinib","pearson_corr","SVM",0.159342438562969,"No Fine Tuning"
"1160","Erlotinib","pearson_corr","SVM",0.170096779903406,"No Fine Tuning"
"1161","Erlotinib","pearson_corr","SVM",0.170773462478021,"No Fine Tuning"
"1162","Erlotinib","pearson_corr","SVM",0.230348821540585,"No Fine Tuning"
"1163","Erlotinib","pearson_corr","SVM",0.160652380824171,"No Fine Tuning"
"1164","Erlotinib","pearson_corr","SVM",0.219475311207154,"No Fine Tuning"
"1165","Erlotinib","pearson_corr","SVM",0.151644146569451,"No Fine Tuning"
"1166","Erlotinib","pearson_corr","SVM",0.207311045854994,"No Fine Tuning"
"1167","Erlotinib","pearson_corr","SVM",0.205169888967347,"No Fine Tuning"
"1168","Erlotinib","pearson_corr","SVM",0.293129110562326,"No Fine Tuning"
"1169","Erlotinib","pearson_corr","SVM",0.134328659586327,"No Fine Tuning"
"1170","Erlotinib","pearson_corr","SVM",0.171376079294802,"No Fine Tuning"
"1171","Erlotinib","pearson_corr","SVM",0.160516873838282,"No Fine Tuning"
"1172","Erlotinib","pearson_corr","SVM",0.203261768457822,"No Fine Tuning"
"1173","Erlotinib","pearson_corr","SVM",0.267141340330511,"No Fine Tuning"
"1174","Erlotinib","pearson_corr","SVM",0.296030978376617,"No Fine Tuning"
"1175","Erlotinib","pearson_corr","SVM",0.275661259924445,"No Fine Tuning"
"1176","Erlotinib","pearson_corr","SVM",0.0515663041021748,"No Fine Tuning"
"1177","Erlotinib","pearson_corr","SVM",0.24119464412456,"No Fine Tuning"
"1178","Erlotinib","pearson_corr","SVM",0.2731266404423,"No Fine Tuning"
"1179","Erlotinib","pearson_corr","SVM",0.260014858420045,"No Fine Tuning"
"1180","Erlotinib","pearson_corr","SVM",0.327523908873182,"No Fine Tuning"
"1181","Erlotinib","pearson_corr","SVM",0.257374774160587,"No Fine Tuning"
"1182","Erlotinib","pearson_corr","SVM",0.155565647395115,"No Fine Tuning"
"1183","Erlotinib","pearson_corr","SVM",0.200207576681657,"No Fine Tuning"
"1184","Erlotinib","pearson_corr","SVM",0.303637059390587,"No Fine Tuning"
"1185","Erlotinib","pearson_corr","SVM",0.187265277631759,"No Fine Tuning"
"1186","Erlotinib","pearson_corr","SVM",0.163927533307366,"No Fine Tuning"
"1187","Erlotinib","pearson_corr","SVM",0.197835667493911,"No Fine Tuning"
"1188","Erlotinib","pearson_corr","SVM",0.198620967787921,"No Fine Tuning"
"1189","Erlotinib","pearson_corr","SVM",0.23191361338064,"No Fine Tuning"
"1190","Erlotinib","pearson_corr","SVM",0.215628222937943,"No Fine Tuning"
"1191","Erlotinib","pearson_corr","SVM",0.0889182970255978,"No Fine Tuning"
"1192","Erlotinib","pearson_corr","SVM",0.118990158484136,"No Fine Tuning"
"1193","Erlotinib","pearson_corr","SVM",0.270317360838784,"No Fine Tuning"
"1194","Erlotinib","pearson_corr","SVM",0.160425725320837,"No Fine Tuning"
"1195","Erlotinib","pearson_corr","SVM",0.233702334385031,"No Fine Tuning"
"1196","Erlotinib","pearson_corr","SVM",0.297117735999338,"No Fine Tuning"
"1197","Erlotinib","pearson_corr","SVM",0.291409534463253,"No Fine Tuning"
"1198","Erlotinib","pearson_corr","SVM",0.287938831892928,"No Fine Tuning"
"1199","Erlotinib","pearson_corr","SVM",0.28909815667896,"No Fine Tuning"
"1200","Erlotinib","pearson_corr","SVM",0.185154791723128,"No Fine Tuning"
"1201","Erlotinib","pearson_corr","XGBoost",0.362604000470512,"No Fine Tuning"
"1202","Erlotinib","pearson_corr","XGBoost",0.315319038264756,"No Fine Tuning"
"1203","Erlotinib","pearson_corr","XGBoost",0.315599932027318,"No Fine Tuning"
"1204","Erlotinib","pearson_corr","XGBoost",0.2985553627371,"No Fine Tuning"
"1205","Erlotinib","pearson_corr","XGBoost",0.40031787418219,"No Fine Tuning"
"1206","Erlotinib","pearson_corr","XGBoost",0.345325057929081,"No Fine Tuning"
"1207","Erlotinib","pearson_corr","XGBoost",0.32876127379164,"No Fine Tuning"
"1208","Erlotinib","pearson_corr","XGBoost",0.325421865052964,"No Fine Tuning"
"1209","Erlotinib","pearson_corr","XGBoost",0.456405433333466,"No Fine Tuning"
"1210","Erlotinib","pearson_corr","XGBoost",0.316809061596396,"No Fine Tuning"
"1211","Erlotinib","pearson_corr","XGBoost",0.300309699316488,"No Fine Tuning"
"1212","Erlotinib","pearson_corr","XGBoost",0.418860667578838,"No Fine Tuning"
"1213","Erlotinib","pearson_corr","XGBoost",0.352512070144597,"No Fine Tuning"
"1214","Erlotinib","pearson_corr","XGBoost",0.35156590546068,"No Fine Tuning"
"1215","Erlotinib","pearson_corr","XGBoost",0.391600410420324,"No Fine Tuning"
"1216","Erlotinib","pearson_corr","XGBoost",0.434997284356545,"No Fine Tuning"
"1217","Erlotinib","pearson_corr","XGBoost",0.341382882298044,"No Fine Tuning"
"1218","Erlotinib","pearson_corr","XGBoost",0.301148988243953,"No Fine Tuning"
"1219","Erlotinib","pearson_corr","XGBoost",0.34700663784064,"No Fine Tuning"
"1220","Erlotinib","pearson_corr","XGBoost",0.367305876701589,"No Fine Tuning"
"1221","Erlotinib","pearson_corr","XGBoost",0.307222133103157,"No Fine Tuning"
"1222","Erlotinib","pearson_corr","XGBoost",0.270001469708693,"No Fine Tuning"
"1223","Erlotinib","pearson_corr","XGBoost",0.281243294688792,"No Fine Tuning"
"1224","Erlotinib","pearson_corr","XGBoost",0.367079017832965,"No Fine Tuning"
"1225","Erlotinib","pearson_corr","XGBoost",0.299649323779578,"No Fine Tuning"
"1226","Erlotinib","pearson_corr","XGBoost",0.274221319453954,"No Fine Tuning"
"1227","Erlotinib","pearson_corr","XGBoost",0.314950647142309,"No Fine Tuning"
"1228","Erlotinib","pearson_corr","XGBoost",0.322753518045852,"No Fine Tuning"
"1229","Erlotinib","pearson_corr","XGBoost",0.337102743608993,"No Fine Tuning"
"1230","Erlotinib","pearson_corr","XGBoost",0.333841886104019,"No Fine Tuning"
"1231","Erlotinib","pearson_corr","XGBoost",0.354052507263104,"No Fine Tuning"
"1232","Erlotinib","pearson_corr","XGBoost",0.339075577171604,"No Fine Tuning"
"1233","Erlotinib","pearson_corr","XGBoost",0.319498517019255,"No Fine Tuning"
"1234","Erlotinib","pearson_corr","XGBoost",0.38633140469689,"No Fine Tuning"
"1235","Erlotinib","pearson_corr","XGBoost",0.312284655164969,"No Fine Tuning"
"1236","Erlotinib","pearson_corr","XGBoost",0.287379530758842,"No Fine Tuning"
"1237","Erlotinib","pearson_corr","XGBoost",0.33343300579837,"No Fine Tuning"
"1238","Erlotinib","pearson_corr","XGBoost",0.30229264159528,"No Fine Tuning"
"1239","Erlotinib","pearson_corr","XGBoost",0.400719343662862,"No Fine Tuning"
"1240","Erlotinib","pearson_corr","XGBoost",0.310181052160386,"No Fine Tuning"
"1241","Erlotinib","pearson_corr","XGBoost",0.339738724818902,"No Fine Tuning"
"1242","Erlotinib","pearson_corr","XGBoost",0.321237077721956,"No Fine Tuning"
"1243","Erlotinib","pearson_corr","XGBoost",0.2741035769961,"No Fine Tuning"
"1244","Erlotinib","pearson_corr","XGBoost",0.360701362581763,"No Fine Tuning"
"1245","Erlotinib","pearson_corr","XGBoost",0.252990522811167,"No Fine Tuning"
"1246","Erlotinib","pearson_corr","XGBoost",0.331155968004727,"No Fine Tuning"
"1247","Erlotinib","pearson_corr","XGBoost",0.430342737294483,"No Fine Tuning"
"1248","Erlotinib","pearson_corr","XGBoost",0.322630007386692,"No Fine Tuning"
"1249","Erlotinib","pearson_corr","XGBoost",0.419285484945282,"No Fine Tuning"
"1250","Erlotinib","pearson_corr","XGBoost",0.288645306611233,"No Fine Tuning"
"1251","Erlotinib","pearson_corr","XGBoost",0.380292005662989,"No Fine Tuning"
"1252","Erlotinib","pearson_corr","XGBoost",0.340397263597274,"No Fine Tuning"
"1253","Erlotinib","pearson_corr","XGBoost",0.343163590211451,"No Fine Tuning"
"1254","Erlotinib","pearson_corr","XGBoost",0.424868822652021,"No Fine Tuning"
"1255","Erlotinib","pearson_corr","XGBoost",0.3273285394895,"No Fine Tuning"
"1256","Erlotinib","pearson_corr","XGBoost",0.337211280540956,"No Fine Tuning"
"1257","Erlotinib","pearson_corr","XGBoost",0.332753286676785,"No Fine Tuning"
"1258","Erlotinib","pearson_corr","XGBoost",0.293226376743848,"No Fine Tuning"
"1259","Erlotinib","pearson_corr","XGBoost",0.282696272986935,"No Fine Tuning"
"1260","Erlotinib","pearson_corr","XGBoost",0.359390444467419,"No Fine Tuning"
"1261","Erlotinib","pearson_corr","XGBoost",0.295738358033951,"No Fine Tuning"
"1262","Erlotinib","pearson_corr","XGBoost",0.321163163092252,"No Fine Tuning"
"1263","Erlotinib","pearson_corr","XGBoost",0.305794574403154,"No Fine Tuning"
"1264","Erlotinib","pearson_corr","XGBoost",0.309224320224184,"No Fine Tuning"
"1265","Erlotinib","pearson_corr","XGBoost",0.341048430372352,"No Fine Tuning"
"1266","Erlotinib","pearson_corr","XGBoost",0.300971006172317,"No Fine Tuning"
"1267","Erlotinib","pearson_corr","XGBoost",0.37473890118656,"No Fine Tuning"
"1268","Erlotinib","pearson_corr","XGBoost",0.386622778330644,"No Fine Tuning"
"1269","Erlotinib","pearson_corr","XGBoost",0.387025655044377,"No Fine Tuning"
"1270","Erlotinib","pearson_corr","XGBoost",0.309460552203581,"No Fine Tuning"
"1271","Erlotinib","pearson_corr","XGBoost",0.294371763047662,"No Fine Tuning"
"1272","Erlotinib","pearson_corr","XGBoost",0.368087573540999,"No Fine Tuning"
"1273","Erlotinib","pearson_corr","XGBoost",0.366718714558291,"No Fine Tuning"
"1274","Erlotinib","pearson_corr","XGBoost",0.46497421513534,"No Fine Tuning"
"1275","Erlotinib","pearson_corr","XGBoost",0.332570679181996,"No Fine Tuning"
"1276","Erlotinib","pearson_corr","XGBoost",0.316778580964389,"No Fine Tuning"
"1277","Erlotinib","pearson_corr","XGBoost",0.400730712399157,"No Fine Tuning"
"1278","Erlotinib","pearson_corr","XGBoost",0.337890819725584,"No Fine Tuning"
"1279","Erlotinib","pearson_corr","XGBoost",0.304324503766817,"No Fine Tuning"
"1280","Erlotinib","pearson_corr","XGBoost",0.357338537976924,"No Fine Tuning"
"1281","Erlotinib","pearson_corr","XGBoost",0.269612206452712,"No Fine Tuning"
"1282","Erlotinib","pearson_corr","XGBoost",0.37416114931203,"No Fine Tuning"
"1283","Erlotinib","pearson_corr","XGBoost",0.395266921090496,"No Fine Tuning"
"1284","Erlotinib","pearson_corr","XGBoost",0.415158200087733,"No Fine Tuning"
"1285","Erlotinib","pearson_corr","XGBoost",0.369756857864928,"No Fine Tuning"
"1286","Erlotinib","pearson_corr","XGBoost",0.394746435497014,"No Fine Tuning"
"1287","Erlotinib","pearson_corr","XGBoost",0.379886313468215,"No Fine Tuning"
"1288","Erlotinib","pearson_corr","XGBoost",0.336078281836691,"No Fine Tuning"
"1289","Erlotinib","pearson_corr","XGBoost",0.36615895385494,"No Fine Tuning"
"1290","Erlotinib","pearson_corr","XGBoost",0.342925730926288,"No Fine Tuning"
"1291","Erlotinib","pearson_corr","XGBoost",0.282549630019934,"No Fine Tuning"
"1292","Erlotinib","pearson_corr","XGBoost",0.275130756678592,"No Fine Tuning"
"1293","Erlotinib","pearson_corr","XGBoost",0.408996956701092,"No Fine Tuning"
"1294","Erlotinib","pearson_corr","XGBoost",0.287709397268502,"No Fine Tuning"
"1295","Erlotinib","pearson_corr","XGBoost",0.413960604619853,"No Fine Tuning"
"1296","Erlotinib","pearson_corr","XGBoost",0.409117670252981,"No Fine Tuning"
"1297","Erlotinib","pearson_corr","XGBoost",0.322252579163858,"No Fine Tuning"
"1298","Erlotinib","pearson_corr","XGBoost",0.325866803405108,"No Fine Tuning"
"1299","Erlotinib","pearson_corr","XGBoost",0.328449215592042,"No Fine Tuning"
"1300","Erlotinib","pearson_corr","XGBoost",0.355469091437555,"No Fine Tuning"
"1301","Erlotinib","pearson_corr","SupervisedVAE",0.411198076822212,"No Fine Tuning"
"1302","Erlotinib","pearson_corr","SupervisedVAE",0.24443329221729,"No Fine Tuning"
"1303","Erlotinib","pearson_corr","SupervisedVAE",0.239419904885085,"No Fine Tuning"
"1304","Erlotinib","pearson_corr","SupervisedVAE",0.258810693473788,"No Fine Tuning"
"1305","Erlotinib","pearson_corr","SupervisedVAE",0.33645570448272,"No Fine Tuning"
"1306","Erlotinib","pearson_corr","SupervisedVAE",0.38051919203367,"No Fine Tuning"
"1307","Erlotinib","pearson_corr","SupervisedVAE",0.292844655304615,"No Fine Tuning"
"1308","Erlotinib","pearson_corr","SupervisedVAE",0.231156075213074,"No Fine Tuning"
"1309","Erlotinib","pearson_corr","SupervisedVAE",0.355132339383546,"No Fine Tuning"
"1310","Erlotinib","pearson_corr","SupervisedVAE",0.387614557694749,"No Fine Tuning"
"1311","Erlotinib","pearson_corr","SupervisedVAE",0.365924694205341,"No Fine Tuning"
"1312","Erlotinib","pearson_corr","SupervisedVAE",0.317014036105259,"No Fine Tuning"
"1313","Erlotinib","pearson_corr","SupervisedVAE",0.297436477477721,"No Fine Tuning"
"1314","Erlotinib","pearson_corr","SupervisedVAE",0.265705704370034,"No Fine Tuning"
"1315","Erlotinib","pearson_corr","SupervisedVAE",0.532203059567105,"No Fine Tuning"
"1316","Erlotinib","pearson_corr","SupervisedVAE",0.362858029834889,"No Fine Tuning"
"1317","Erlotinib","pearson_corr","SupervisedVAE",0.259353771716058,"No Fine Tuning"
"1318","Erlotinib","pearson_corr","SupervisedVAE",0.300235610835535,"No Fine Tuning"
"1319","Erlotinib","pearson_corr","SupervisedVAE",0.348758523041272,"No Fine Tuning"
"1320","Erlotinib","pearson_corr","SupervisedVAE",0.354854862776423,"No Fine Tuning"
"1321","Erlotinib","pearson_corr","SupervisedVAE",0.319033401617608,"No Fine Tuning"
"1322","Erlotinib","pearson_corr","SupervisedVAE",0.194486863659266,"No Fine Tuning"
"1323","Erlotinib","pearson_corr","SupervisedVAE",0.192951454571924,"No Fine Tuning"
"1324","Erlotinib","pearson_corr","SupervisedVAE",0.306820164711114,"No Fine Tuning"
"1325","Erlotinib","pearson_corr","SupervisedVAE",0.260111083031119,"No Fine Tuning"
"1326","Erlotinib","pearson_corr","SupervisedVAE",0.262664466755489,"No Fine Tuning"
"1327","Erlotinib","pearson_corr","SupervisedVAE",0.262177282175261,"No Fine Tuning"
"1328","Erlotinib","pearson_corr","SupervisedVAE",0.309692400193842,"No Fine Tuning"
"1329","Erlotinib","pearson_corr","SupervisedVAE",0.488269975923566,"No Fine Tuning"
"1330","Erlotinib","pearson_corr","SupervisedVAE",0.243813474734182,"No Fine Tuning"
"1331","Erlotinib","pearson_corr","SupervisedVAE",0.249524127962336,"No Fine Tuning"
"1332","Erlotinib","pearson_corr","SupervisedVAE",0.269220228525963,"No Fine Tuning"
"1333","Erlotinib","pearson_corr","SupervisedVAE",0.312249107875715,"No Fine Tuning"
"1334","Erlotinib","pearson_corr","SupervisedVAE",0.319983564923346,"No Fine Tuning"
"1335","Erlotinib","pearson_corr","SupervisedVAE",0.272694819468642,"No Fine Tuning"
"1336","Erlotinib","pearson_corr","SupervisedVAE",0.278044926380136,"No Fine Tuning"
"1337","Erlotinib","pearson_corr","SupervisedVAE",0.20995487101422,"No Fine Tuning"
"1338","Erlotinib","pearson_corr","SupervisedVAE",0.173556777793799,"No Fine Tuning"
"1339","Erlotinib","pearson_corr","SupervisedVAE",0.30422625111696,"No Fine Tuning"
"1340","Erlotinib","pearson_corr","SupervisedVAE",0.228019719430291,"No Fine Tuning"
"1341","Erlotinib","pearson_corr","SupervisedVAE",0.397039347058021,"No Fine Tuning"
"1342","Erlotinib","pearson_corr","SupervisedVAE",0.163555571738597,"No Fine Tuning"
"1343","Erlotinib","pearson_corr","SupervisedVAE",0.252078532642526,"No Fine Tuning"
"1344","Erlotinib","pearson_corr","SupervisedVAE",0.313903960576529,"No Fine Tuning"
"1345","Erlotinib","pearson_corr","SupervisedVAE",0.171314872271908,"No Fine Tuning"
"1346","Erlotinib","pearson_corr","SupervisedVAE",0.300209451601837,"No Fine Tuning"
"1347","Erlotinib","pearson_corr","SupervisedVAE",0.30710851935042,"No Fine Tuning"
"1348","Erlotinib","pearson_corr","SupervisedVAE",0.282856281583258,"No Fine Tuning"
"1349","Erlotinib","pearson_corr","SupervisedVAE",0.350163625518484,"No Fine Tuning"
"1350","Erlotinib","pearson_corr","SupervisedVAE",0.215858851062111,"No Fine Tuning"
"1351","Erlotinib","pearson_corr","SupervisedVAE",0.262704357994676,"No Fine Tuning"
"1352","Erlotinib","pearson_corr","SupervisedVAE",0.398142257331229,"No Fine Tuning"
"1353","Erlotinib","pearson_corr","SupervisedVAE",0.268763807730656,"No Fine Tuning"
"1354","Erlotinib","pearson_corr","SupervisedVAE",0.38033566525103,"No Fine Tuning"
"1355","Erlotinib","pearson_corr","SupervisedVAE",0.293914253444834,"No Fine Tuning"
"1356","Erlotinib","pearson_corr","SupervisedVAE",0.296845381000659,"No Fine Tuning"
"1357","Erlotinib","pearson_corr","SupervisedVAE",0.330598543519604,"No Fine Tuning"
"1358","Erlotinib","pearson_corr","SupervisedVAE",0.275886305564421,"No Fine Tuning"
"1359","Erlotinib","pearson_corr","SupervisedVAE",0.311210434236052,"No Fine Tuning"
"1360","Erlotinib","pearson_corr","SupervisedVAE",0.313663302819052,"No Fine Tuning"
"1361","Erlotinib","pearson_corr","SupervisedVAE",0.302261935775058,"No Fine Tuning"
"1362","Erlotinib","pearson_corr","SupervisedVAE",0.268673237499466,"No Fine Tuning"
"1363","Erlotinib","pearson_corr","SupervisedVAE",0.362181398808494,"No Fine Tuning"
"1364","Erlotinib","pearson_corr","SupervisedVAE",0.244139670515433,"No Fine Tuning"
"1365","Erlotinib","pearson_corr","SupervisedVAE",0.363094975171655,"No Fine Tuning"
"1366","Erlotinib","pearson_corr","SupervisedVAE",0.28171488487277,"No Fine Tuning"
"1367","Erlotinib","pearson_corr","SupervisedVAE",0.291499365212786,"No Fine Tuning"
"1368","Erlotinib","pearson_corr","SupervisedVAE",0.401516226525219,"No Fine Tuning"
"1369","Erlotinib","pearson_corr","SupervisedVAE",0.357127569041449,"No Fine Tuning"
"1370","Erlotinib","pearson_corr","SupervisedVAE",0.234310157446583,"No Fine Tuning"
"1371","Erlotinib","pearson_corr","SupervisedVAE",0.281821130406068,"No Fine Tuning"
"1372","Erlotinib","pearson_corr","SupervisedVAE",0.266261316410312,"No Fine Tuning"
"1373","Erlotinib","pearson_corr","SupervisedVAE",0.342113089175352,"No Fine Tuning"
"1374","Erlotinib","pearson_corr","SupervisedVAE",0.455846000160344,"No Fine Tuning"
"1375","Erlotinib","pearson_corr","SupervisedVAE",0.341403550436625,"No Fine Tuning"
"1376","Erlotinib","pearson_corr","SupervisedVAE",0.245886959582511,"No Fine Tuning"
"1377","Erlotinib","pearson_corr","SupervisedVAE",0.364547505759831,"No Fine Tuning"
"1378","Erlotinib","pearson_corr","SupervisedVAE",0.476866004237557,"No Fine Tuning"
"1379","Erlotinib","pearson_corr","SupervisedVAE",0.315141191040087,"No Fine Tuning"
"1380","Erlotinib","pearson_corr","SupervisedVAE",0.423900982466595,"No Fine Tuning"
"1381","Erlotinib","pearson_corr","SupervisedVAE",0.293746081110389,"No Fine Tuning"
"1382","Erlotinib","pearson_corr","SupervisedVAE",0.41379332494458,"No Fine Tuning"
"1383","Erlotinib","pearson_corr","SupervisedVAE",0.430333324091033,"No Fine Tuning"
"1384","Erlotinib","pearson_corr","SupervisedVAE",0.350950685274141,"No Fine Tuning"
"1385","Erlotinib","pearson_corr","SupervisedVAE",0.283696887088965,"No Fine Tuning"
"1386","Erlotinib","pearson_corr","SupervisedVAE",0.368536038487314,"No Fine Tuning"
"1387","Erlotinib","pearson_corr","SupervisedVAE",0.303176786308681,"No Fine Tuning"
"1388","Erlotinib","pearson_corr","SupervisedVAE",0.344229828247764,"No Fine Tuning"
"1389","Erlotinib","pearson_corr","SupervisedVAE",0.244922474584048,"No Fine Tuning"
"1390","Erlotinib","pearson_corr","SupervisedVAE",0.299386411062288,"No Fine Tuning"
"1391","Erlotinib","pearson_corr","SupervisedVAE",0.222874452256347,"No Fine Tuning"
"1392","Erlotinib","pearson_corr","SupervisedVAE",0.3146293383535,"No Fine Tuning"
"1393","Erlotinib","pearson_corr","SupervisedVAE",0.281296085185876,"No Fine Tuning"
"1394","Erlotinib","pearson_corr","SupervisedVAE",0.249499315633809,"No Fine Tuning"
"1395","Erlotinib","pearson_corr","SupervisedVAE",0.416696598009514,"No Fine Tuning"
"1396","Erlotinib","pearson_corr","SupervisedVAE",0.348410182170906,"No Fine Tuning"
"1397","Erlotinib","pearson_corr","SupervisedVAE",0.207143685826695,"No Fine Tuning"
"1398","Erlotinib","pearson_corr","SupervisedVAE",0.29408722574057,"No Fine Tuning"
"1399","Erlotinib","pearson_corr","SupervisedVAE",0.423439660817363,"No Fine Tuning"
"1400","Erlotinib","pearson_corr","SupervisedVAE",0.363186126681898,"No Fine Tuning"
"1401","Irinotecan","pearson_corr","GNN_finetuned",0.504122017674584,"With Fine Tuning"
"1402","Irinotecan","pearson_corr","GNN_finetuned",0.503143325413162,"With Fine Tuning"
"1403","Irinotecan","pearson_corr","GNN_finetuned",0.497243801665019,"With Fine Tuning"
"1404","Irinotecan","pearson_corr","GNN_finetuned",0.483267322822675,"With Fine Tuning"
"1405","Irinotecan","pearson_corr","GNN_finetuned",0.491996198397845,"With Fine Tuning"
"1406","Irinotecan","pearson_corr","GNN_finetuned",0.535763880996823,"With Fine Tuning"
"1407","Irinotecan","pearson_corr","GNN_finetuned",0.481320864759141,"With Fine Tuning"
"1408","Irinotecan","pearson_corr","GNN_finetuned",0.507829999676494,"With Fine Tuning"
"1409","Irinotecan","pearson_corr","GNN_finetuned",0.507231308402318,"With Fine Tuning"
"1410","Irinotecan","pearson_corr","GNN_finetuned",0.421777979011084,"With Fine Tuning"
"1411","Irinotecan","pearson_corr","GNN_finetuned",0.504223836881772,"With Fine Tuning"
"1412","Irinotecan","pearson_corr","GNN_finetuned",0.471294016480515,"With Fine Tuning"
"1413","Irinotecan","pearson_corr","GNN_finetuned",0.509039730976755,"With Fine Tuning"
"1414","Irinotecan","pearson_corr","GNN_finetuned",0.52220552616876,"With Fine Tuning"
"1415","Irinotecan","pearson_corr","GNN_finetuned",0.498912744414095,"With Fine Tuning"
"1416","Irinotecan","pearson_corr","GNN_finetuned",0.473119293862365,"With Fine Tuning"
"1417","Irinotecan","pearson_corr","GNN_finetuned",0.462021770232552,"With Fine Tuning"
"1418","Irinotecan","pearson_corr","GNN_finetuned",0.51436109575419,"With Fine Tuning"
"1419","Irinotecan","pearson_corr","GNN_finetuned",0.516579900485733,"With Fine Tuning"
"1420","Irinotecan","pearson_corr","GNN_finetuned",0.490656252159421,"With Fine Tuning"
"1421","Irinotecan","pearson_corr","GNN_finetuned",0.511861377677763,"With Fine Tuning"
"1422","Irinotecan","pearson_corr","GNN_finetuned",0.43200722720343,"With Fine Tuning"
"1423","Irinotecan","pearson_corr","GNN_finetuned",0.415923866037031,"With Fine Tuning"
"1424","Irinotecan","pearson_corr","GNN_finetuned",0.492982663021698,"With Fine Tuning"
"1425","Irinotecan","pearson_corr","GNN_finetuned",0.44935656708562,"With Fine Tuning"
"1426","Irinotecan","pearson_corr","GNN_finetuned",0.459244474215962,"With Fine Tuning"
"1427","Irinotecan","pearson_corr","GNN_finetuned",0.488127434307171,"With Fine Tuning"
"1428","Irinotecan","pearson_corr","GNN_finetuned",0.488961708572421,"With Fine Tuning"
"1429","Irinotecan","pearson_corr","GNN_finetuned",0.499529269401528,"With Fine Tuning"
"1430","Irinotecan","pearson_corr","GNN_finetuned",0.503645847475937,"With Fine Tuning"
"1431","Irinotecan","pearson_corr","GNN_finetuned",0.481409141876283,"With Fine Tuning"
"1432","Irinotecan","pearson_corr","GNN_finetuned",0.49549581434132,"With Fine Tuning"
"1433","Irinotecan","pearson_corr","GNN_finetuned",0.480405480598648,"With Fine Tuning"
"1434","Irinotecan","pearson_corr","GNN_finetuned",0.457153229815864,"With Fine Tuning"
"1435","Irinotecan","pearson_corr","GNN_finetuned",0.435326081029698,"With Fine Tuning"
"1436","Irinotecan","pearson_corr","GNN_finetuned",0.54139928895949,"With Fine Tuning"
"1437","Irinotecan","pearson_corr","GNN_finetuned",0.512109383270047,"With Fine Tuning"
"1438","Irinotecan","pearson_corr","GNN_finetuned",0.537668472032774,"With Fine Tuning"
"1439","Irinotecan","pearson_corr","GNN_finetuned",0.517210596555449,"With Fine Tuning"
"1440","Irinotecan","pearson_corr","GNN_finetuned",0.536507155935261,"With Fine Tuning"
"1441","Irinotecan","pearson_corr","GNN_finetuned",0.49883754278119,"With Fine Tuning"
"1442","Irinotecan","pearson_corr","GNN_finetuned",0.540017029194293,"With Fine Tuning"
"1443","Irinotecan","pearson_corr","GNN_finetuned",0.477303967512592,"With Fine Tuning"
"1444","Irinotecan","pearson_corr","GNN_finetuned",0.467954147791383,"With Fine Tuning"
"1445","Irinotecan","pearson_corr","GNN_finetuned",0.38673196410217,"With Fine Tuning"
"1446","Irinotecan","pearson_corr","GNN_finetuned",0.492337282758829,"With Fine Tuning"
"1447","Irinotecan","pearson_corr","GNN_finetuned",0.481866882865455,"With Fine Tuning"
"1448","Irinotecan","pearson_corr","GNN_finetuned",0.454488500917791,"With Fine Tuning"
"1449","Irinotecan","pearson_corr","GNN_finetuned",0.527516300451845,"With Fine Tuning"
"1450","Irinotecan","pearson_corr","GNN_finetuned",0.47017560103805,"With Fine Tuning"
"1451","Irinotecan","pearson_corr","GNN_finetuned",0.477645604029441,"With Fine Tuning"
"1452","Irinotecan","pearson_corr","GNN_finetuned",0.445799380583803,"With Fine Tuning"
"1453","Irinotecan","pearson_corr","GNN_finetuned",0.447749164410913,"With Fine Tuning"
"1454","Irinotecan","pearson_corr","GNN_finetuned",0.465455129117548,"With Fine Tuning"
"1455","Irinotecan","pearson_corr","GNN_finetuned",0.486949537571457,"With Fine Tuning"
"1456","Irinotecan","pearson_corr","GNN_finetuned",0.521913152821576,"With Fine Tuning"
"1457","Irinotecan","pearson_corr","GNN_finetuned",0.451847702322551,"With Fine Tuning"
"1458","Irinotecan","pearson_corr","GNN_finetuned",0.491093186679173,"With Fine Tuning"
"1459","Irinotecan","pearson_corr","GNN_finetuned",0.47436091105831,"With Fine Tuning"
"1460","Irinotecan","pearson_corr","GNN_finetuned",0.48382258129447,"With Fine Tuning"
"1461","Irinotecan","pearson_corr","GNN_finetuned",0.470834749389452,"With Fine Tuning"
"1462","Irinotecan","pearson_corr","GNN_finetuned",0.473933939923853,"With Fine Tuning"
"1463","Irinotecan","pearson_corr","GNN_finetuned",0.479683065053045,"With Fine Tuning"
"1464","Irinotecan","pearson_corr","GNN_finetuned",0.480128436138656,"With Fine Tuning"
"1465","Irinotecan","pearson_corr","GNN_finetuned",0.491606850771167,"With Fine Tuning"
"1466","Irinotecan","pearson_corr","GNN_finetuned",0.485894047480743,"With Fine Tuning"
"1467","Irinotecan","pearson_corr","GNN_finetuned",0.482690589023084,"With Fine Tuning"
"1468","Irinotecan","pearson_corr","GNN_finetuned",0.524233240874088,"With Fine Tuning"
"1469","Irinotecan","pearson_corr","GNN_finetuned",0.412868176715084,"With Fine Tuning"
"1470","Irinotecan","pearson_corr","GNN_finetuned",0.523023053449637,"With Fine Tuning"
"1471","Irinotecan","pearson_corr","GNN_finetuned",0.477699412901243,"With Fine Tuning"
"1472","Irinotecan","pearson_corr","GNN_finetuned",0.519984530490145,"With Fine Tuning"
"1473","Irinotecan","pearson_corr","GNN_finetuned",0.511440749037823,"With Fine Tuning"
"1474","Irinotecan","pearson_corr","GNN_finetuned",0.524793585348359,"With Fine Tuning"
"1475","Irinotecan","pearson_corr","GNN_finetuned",0.437960283891322,"With Fine Tuning"
"1476","Irinotecan","pearson_corr","GNN_finetuned",0.456434416291345,"With Fine Tuning"
"1477","Irinotecan","pearson_corr","GNN_finetuned",0.534658643001212,"With Fine Tuning"
"1478","Irinotecan","pearson_corr","GNN_finetuned",0.437652755953718,"With Fine Tuning"
"1479","Irinotecan","pearson_corr","GNN_finetuned",0.466636811527891,"With Fine Tuning"
"1480","Irinotecan","pearson_corr","GNN_finetuned",0.483187662614798,"With Fine Tuning"
"1481","Irinotecan","pearson_corr","GNN_finetuned",0.498817744943206,"With Fine Tuning"
"1482","Irinotecan","pearson_corr","GNN_finetuned",0.516791393423385,"With Fine Tuning"
"1483","Irinotecan","pearson_corr","GNN_finetuned",0.437686728364312,"With Fine Tuning"
"1484","Irinotecan","pearson_corr","GNN_finetuned",0.483938647302533,"With Fine Tuning"
"1485","Irinotecan","pearson_corr","GNN_finetuned",0.505857669643123,"With Fine Tuning"
"1486","Irinotecan","pearson_corr","GNN_finetuned",0.513587749161972,"With Fine Tuning"
"1487","Irinotecan","pearson_corr","GNN_finetuned",0.486135124656655,"With Fine Tuning"
"1488","Irinotecan","pearson_corr","GNN_finetuned",0.515030142421681,"With Fine Tuning"
"1489","Irinotecan","pearson_corr","GNN_finetuned",0.490997186748487,"With Fine Tuning"
"1490","Irinotecan","pearson_corr","GNN_finetuned",0.474277462431466,"With Fine Tuning"
"1491","Irinotecan","pearson_corr","GNN_finetuned",0.53735571932605,"With Fine Tuning"
"1492","Irinotecan","pearson_corr","GNN_finetuned",0.458095492629483,"With Fine Tuning"
"1493","Irinotecan","pearson_corr","GNN_finetuned",0.47159599818757,"With Fine Tuning"
"1494","Irinotecan","pearson_corr","GNN_finetuned",0.447396414525294,"With Fine Tuning"
"1495","Irinotecan","pearson_corr","GNN_finetuned",0.428564386883853,"With Fine Tuning"
"1496","Irinotecan","pearson_corr","GNN_finetuned",0.509271751949479,"With Fine Tuning"
"1497","Irinotecan","pearson_corr","GNN_finetuned",0.464076693258476,"With Fine Tuning"
"1498","Irinotecan","pearson_corr","GNN_finetuned",0.417146099726916,"With Fine Tuning"
"1499","Irinotecan","pearson_corr","GNN_finetuned",0.51550015396185,"With Fine Tuning"
"1500","Irinotecan","pearson_corr","GNN_finetuned",0.540454703660281,"With Fine Tuning"
"1501","Irinotecan","pearson_corr","DirectPred",0.388262635636283,"No Fine Tuning"
"1502","Irinotecan","pearson_corr","DirectPred",0.404075543728096,"No Fine Tuning"
"1503","Irinotecan","pearson_corr","DirectPred",0.41045409269863,"No Fine Tuning"
"1504","Irinotecan","pearson_corr","DirectPred",0.449222111501219,"No Fine Tuning"
"1505","Irinotecan","pearson_corr","DirectPred",0.424281369652887,"No Fine Tuning"
"1506","Irinotecan","pearson_corr","DirectPred",0.482353716035578,"No Fine Tuning"
"1507","Irinotecan","pearson_corr","DirectPred",0.36597141827257,"No Fine Tuning"
"1508","Irinotecan","pearson_corr","DirectPred",0.455081092403063,"No Fine Tuning"
"1509","Irinotecan","pearson_corr","DirectPred",0.403462237823191,"No Fine Tuning"
"1510","Irinotecan","pearson_corr","DirectPred",0.394736279335573,"No Fine Tuning"
"1511","Irinotecan","pearson_corr","DirectPred",0.429475455108932,"No Fine Tuning"
"1512","Irinotecan","pearson_corr","DirectPred",0.388639018325778,"No Fine Tuning"
"1513","Irinotecan","pearson_corr","DirectPred",0.42528063089662,"No Fine Tuning"
"1514","Irinotecan","pearson_corr","DirectPred",0.392849211494006,"No Fine Tuning"
"1515","Irinotecan","pearson_corr","DirectPred",0.412357312131925,"No Fine Tuning"
"1516","Irinotecan","pearson_corr","DirectPred",0.395654107237006,"No Fine Tuning"
"1517","Irinotecan","pearson_corr","DirectPred",0.355553644066964,"No Fine Tuning"
"1518","Irinotecan","pearson_corr","DirectPred",0.403167368102416,"No Fine Tuning"
"1519","Irinotecan","pearson_corr","DirectPred",0.453333431613257,"No Fine Tuning"
"1520","Irinotecan","pearson_corr","DirectPred",0.372851446115003,"No Fine Tuning"
"1521","Irinotecan","pearson_corr","DirectPred",0.405458962013714,"No Fine Tuning"
"1522","Irinotecan","pearson_corr","DirectPred",0.338831027063014,"No Fine Tuning"
"1523","Irinotecan","pearson_corr","DirectPred",0.385642543816416,"No Fine Tuning"
"1524","Irinotecan","pearson_corr","DirectPred",0.457182900687995,"No Fine Tuning"
"1525","Irinotecan","pearson_corr","DirectPred",0.380203844530476,"No Fine Tuning"
"1526","Irinotecan","pearson_corr","DirectPred",0.389676187249385,"No Fine Tuning"
"1527","Irinotecan","pearson_corr","DirectPred",0.381347836298538,"No Fine Tuning"
"1528","Irinotecan","pearson_corr","DirectPred",0.420355214275446,"No Fine Tuning"
"1529","Irinotecan","pearson_corr","DirectPred",0.405092903609782,"No Fine Tuning"
"1530","Irinotecan","pearson_corr","DirectPred",0.424847582589236,"No Fine Tuning"
"1531","Irinotecan","pearson_corr","DirectPred",0.44025079865586,"No Fine Tuning"
"1532","Irinotecan","pearson_corr","DirectPred",0.434647632577537,"No Fine Tuning"
"1533","Irinotecan","pearson_corr","DirectPred",0.404188196858813,"No Fine Tuning"
"1534","Irinotecan","pearson_corr","DirectPred",0.378997528587018,"No Fine Tuning"
"1535","Irinotecan","pearson_corr","DirectPred",0.327464480742868,"No Fine Tuning"
"1536","Irinotecan","pearson_corr","DirectPred",0.450851157682481,"No Fine Tuning"
"1537","Irinotecan","pearson_corr","DirectPred",0.442706406621779,"No Fine Tuning"
"1538","Irinotecan","pearson_corr","DirectPred",0.419703113932694,"No Fine Tuning"
"1539","Irinotecan","pearson_corr","DirectPred",0.405038089237728,"No Fine Tuning"
"1540","Irinotecan","pearson_corr","DirectPred",0.460675330244193,"No Fine Tuning"
"1541","Irinotecan","pearson_corr","DirectPred",0.435622999591686,"No Fine Tuning"
"1542","Irinotecan","pearson_corr","DirectPred",0.483778834967617,"No Fine Tuning"
"1543","Irinotecan","pearson_corr","DirectPred",0.455433051417116,"No Fine Tuning"
"1544","Irinotecan","pearson_corr","DirectPred",0.429598072596194,"No Fine Tuning"
"1545","Irinotecan","pearson_corr","DirectPred",0.345918892839154,"No Fine Tuning"
"1546","Irinotecan","pearson_corr","DirectPred",0.420408764227916,"No Fine Tuning"
"1547","Irinotecan","pearson_corr","DirectPred",0.409781158937198,"No Fine Tuning"
"1548","Irinotecan","pearson_corr","DirectPred",0.41845458398477,"No Fine Tuning"
"1549","Irinotecan","pearson_corr","DirectPred",0.440215308917594,"No Fine Tuning"
"1550","Irinotecan","pearson_corr","DirectPred",0.390561276230881,"No Fine Tuning"
"1551","Irinotecan","pearson_corr","DirectPred",0.404894516943037,"No Fine Tuning"
"1552","Irinotecan","pearson_corr","DirectPred",0.400559527621503,"No Fine Tuning"
"1553","Irinotecan","pearson_corr","DirectPred",0.401593531158206,"No Fine Tuning"
"1554","Irinotecan","pearson_corr","DirectPred",0.373035870719868,"No Fine Tuning"
"1555","Irinotecan","pearson_corr","DirectPred",0.423096285182493,"No Fine Tuning"
"1556","Irinotecan","pearson_corr","DirectPred",0.449061384517099,"No Fine Tuning"
"1557","Irinotecan","pearson_corr","DirectPred",0.362371999016234,"No Fine Tuning"
"1558","Irinotecan","pearson_corr","DirectPred",0.418944201702101,"No Fine Tuning"
"1559","Irinotecan","pearson_corr","DirectPred",0.406386020789706,"No Fine Tuning"
"1560","Irinotecan","pearson_corr","DirectPred",0.439973040962719,"No Fine Tuning"
"1561","Irinotecan","pearson_corr","DirectPred",0.436775028521031,"No Fine Tuning"
"1562","Irinotecan","pearson_corr","DirectPred",0.39985711580677,"No Fine Tuning"
"1563","Irinotecan","pearson_corr","DirectPred",0.408274589351041,"No Fine Tuning"
"1564","Irinotecan","pearson_corr","DirectPred",0.391043947637166,"No Fine Tuning"
"1565","Irinotecan","pearson_corr","DirectPred",0.406742980027095,"No Fine Tuning"
"1566","Irinotecan","pearson_corr","DirectPred",0.417873305951172,"No Fine Tuning"
"1567","Irinotecan","pearson_corr","DirectPred",0.406462960368661,"No Fine Tuning"
"1568","Irinotecan","pearson_corr","DirectPred",0.44548307088895,"No Fine Tuning"
"1569","Irinotecan","pearson_corr","DirectPred",0.336673784336125,"No Fine Tuning"
"1570","Irinotecan","pearson_corr","DirectPred",0.430777302708675,"No Fine Tuning"
"1571","Irinotecan","pearson_corr","DirectPred",0.441362631120129,"No Fine Tuning"
"1572","Irinotecan","pearson_corr","DirectPred",0.453315535318946,"No Fine Tuning"
"1573","Irinotecan","pearson_corr","DirectPred",0.426612184841945,"No Fine Tuning"
"1574","Irinotecan","pearson_corr","DirectPred",0.477630197795004,"No Fine Tuning"
"1575","Irinotecan","pearson_corr","DirectPred",0.338910394855324,"No Fine Tuning"
"1576","Irinotecan","pearson_corr","DirectPred",0.360314368731598,"No Fine Tuning"
"1577","Irinotecan","pearson_corr","DirectPred",0.444108372093898,"No Fine Tuning"
"1578","Irinotecan","pearson_corr","DirectPred",0.373275902303925,"No Fine Tuning"
"1579","Irinotecan","pearson_corr","DirectPred",0.450470083539238,"No Fine Tuning"
"1580","Irinotecan","pearson_corr","DirectPred",0.396898192343788,"No Fine Tuning"
"1581","Irinotecan","pearson_corr","DirectPred",0.427291717236582,"No Fine Tuning"
"1582","Irinotecan","pearson_corr","DirectPred",0.451249171562258,"No Fine Tuning"
"1583","Irinotecan","pearson_corr","DirectPred",0.361621201766342,"No Fine Tuning"
"1584","Irinotecan","pearson_corr","DirectPred",0.423393141645678,"No Fine Tuning"
"1585","Irinotecan","pearson_corr","DirectPred",0.393708070121523,"No Fine Tuning"
"1586","Irinotecan","pearson_corr","DirectPred",0.465526010425098,"No Fine Tuning"
"1587","Irinotecan","pearson_corr","DirectPred",0.42036370127457,"No Fine Tuning"
"1588","Irinotecan","pearson_corr","DirectPred",0.427555204542116,"No Fine Tuning"
"1589","Irinotecan","pearson_corr","DirectPred",0.393940117254958,"No Fine Tuning"
"1590","Irinotecan","pearson_corr","DirectPred",0.410890207912239,"No Fine Tuning"
"1591","Irinotecan","pearson_corr","DirectPred",0.464872038514828,"No Fine Tuning"
"1592","Irinotecan","pearson_corr","DirectPred",0.371452198915135,"No Fine Tuning"
"1593","Irinotecan","pearson_corr","DirectPred",0.437034228435102,"No Fine Tuning"
"1594","Irinotecan","pearson_corr","DirectPred",0.383068380977392,"No Fine Tuning"
"1595","Irinotecan","pearson_corr","DirectPred",0.385837334953832,"No Fine Tuning"
"1596","Irinotecan","pearson_corr","DirectPred",0.421497766944472,"No Fine Tuning"
"1597","Irinotecan","pearson_corr","DirectPred",0.412081698259897,"No Fine Tuning"
"1598","Irinotecan","pearson_corr","DirectPred",0.400288814299325,"No Fine Tuning"
"1599","Irinotecan","pearson_corr","DirectPred",0.407258871672871,"No Fine Tuning"
"1600","Irinotecan","pearson_corr","DirectPred",0.440092984895398,"No Fine Tuning"
"1601","Irinotecan","pearson_corr","GNN",0.553751794044828,"No Fine Tuning"
"1602","Irinotecan","pearson_corr","GNN",0.547114691679357,"No Fine Tuning"
"1603","Irinotecan","pearson_corr","GNN",0.513178463358434,"No Fine Tuning"
"1604","Irinotecan","pearson_corr","GNN",0.534871956042932,"No Fine Tuning"
"1605","Irinotecan","pearson_corr","GNN",0.517955916418702,"No Fine Tuning"
"1606","Irinotecan","pearson_corr","GNN",0.566378030680409,"No Fine Tuning"
"1607","Irinotecan","pearson_corr","GNN",0.539268687107258,"No Fine Tuning"
"1608","Irinotecan","pearson_corr","GNN",0.561093430512164,"No Fine Tuning"
"1609","Irinotecan","pearson_corr","GNN",0.532549294422977,"No Fine Tuning"
"1610","Irinotecan","pearson_corr","GNN",0.444226576556963,"No Fine Tuning"
"1611","Irinotecan","pearson_corr","GNN",0.496122026777627,"No Fine Tuning"
"1612","Irinotecan","pearson_corr","GNN",0.546964213823078,"No Fine Tuning"
"1613","Irinotecan","pearson_corr","GNN",0.541422623959667,"No Fine Tuning"
"1614","Irinotecan","pearson_corr","GNN",0.564958623752654,"No Fine Tuning"
"1615","Irinotecan","pearson_corr","GNN",0.514519214020013,"No Fine Tuning"
"1616","Irinotecan","pearson_corr","GNN",0.509604056367403,"No Fine Tuning"
"1617","Irinotecan","pearson_corr","GNN",0.507615815973436,"No Fine Tuning"
"1618","Irinotecan","pearson_corr","GNN",0.572791095492544,"No Fine Tuning"
"1619","Irinotecan","pearson_corr","GNN",0.542527595697827,"No Fine Tuning"
"1620","Irinotecan","pearson_corr","GNN",0.533086387437199,"No Fine Tuning"
"1621","Irinotecan","pearson_corr","GNN",0.576429550602719,"No Fine Tuning"
"1622","Irinotecan","pearson_corr","GNN",0.493174047771732,"No Fine Tuning"
"1623","Irinotecan","pearson_corr","GNN",0.46371776783823,"No Fine Tuning"
"1624","Irinotecan","pearson_corr","GNN",0.557389244595409,"No Fine Tuning"
"1625","Irinotecan","pearson_corr","GNN",0.490710554426609,"No Fine Tuning"
"1626","Irinotecan","pearson_corr","GNN",0.470641942102345,"No Fine Tuning"
"1627","Irinotecan","pearson_corr","GNN",0.507674105905884,"No Fine Tuning"
"1628","Irinotecan","pearson_corr","GNN",0.56281498369456,"No Fine Tuning"
"1629","Irinotecan","pearson_corr","GNN",0.533617174266458,"No Fine Tuning"
"1630","Irinotecan","pearson_corr","GNN",0.536317911014442,"No Fine Tuning"
"1631","Irinotecan","pearson_corr","GNN",0.502932833101635,"No Fine Tuning"
"1632","Irinotecan","pearson_corr","GNN",0.510540247855234,"No Fine Tuning"
"1633","Irinotecan","pearson_corr","GNN",0.530149183138651,"No Fine Tuning"
"1634","Irinotecan","pearson_corr","GNN",0.520843474223553,"No Fine Tuning"
"1635","Irinotecan","pearson_corr","GNN",0.455502475896275,"No Fine Tuning"
"1636","Irinotecan","pearson_corr","GNN",0.564392976926452,"No Fine Tuning"
"1637","Irinotecan","pearson_corr","GNN",0.553836270021055,"No Fine Tuning"
"1638","Irinotecan","pearson_corr","GNN",0.560352627553601,"No Fine Tuning"
"1639","Irinotecan","pearson_corr","GNN",0.564168078098937,"No Fine Tuning"
"1640","Irinotecan","pearson_corr","GNN",0.572118374267374,"No Fine Tuning"
"1641","Irinotecan","pearson_corr","GNN",0.526315283542849,"No Fine Tuning"
"1642","Irinotecan","pearson_corr","GNN",0.553331426347826,"No Fine Tuning"
"1643","Irinotecan","pearson_corr","GNN",0.512929971280703,"No Fine Tuning"
"1644","Irinotecan","pearson_corr","GNN",0.482873153618623,"No Fine Tuning"
"1645","Irinotecan","pearson_corr","GNN",0.456497977184868,"No Fine Tuning"
"1646","Irinotecan","pearson_corr","GNN",0.542170486255792,"No Fine Tuning"
"1647","Irinotecan","pearson_corr","GNN",0.535577963332627,"No Fine Tuning"
"1648","Irinotecan","pearson_corr","GNN",0.523697533689672,"No Fine Tuning"
"1649","Irinotecan","pearson_corr","GNN",0.55375632211501,"No Fine Tuning"
"1650","Irinotecan","pearson_corr","GNN",0.538725589882946,"No Fine Tuning"
"1651","Irinotecan","pearson_corr","GNN",0.519875977920227,"No Fine Tuning"
"1652","Irinotecan","pearson_corr","GNN",0.497827476833015,"No Fine Tuning"
"1653","Irinotecan","pearson_corr","GNN",0.499805608822394,"No Fine Tuning"
"1654","Irinotecan","pearson_corr","GNN",0.52221694113646,"No Fine Tuning"
"1655","Irinotecan","pearson_corr","GNN",0.533564042476336,"No Fine Tuning"
"1656","Irinotecan","pearson_corr","GNN",0.503734982830981,"No Fine Tuning"
"1657","Irinotecan","pearson_corr","GNN",0.518464381185264,"No Fine Tuning"
"1658","Irinotecan","pearson_corr","GNN",0.519228122098367,"No Fine Tuning"
"1659","Irinotecan","pearson_corr","GNN",0.515082938049314,"No Fine Tuning"
"1660","Irinotecan","pearson_corr","GNN",0.511906123521365,"No Fine Tuning"
"1661","Irinotecan","pearson_corr","GNN",0.509896135059591,"No Fine Tuning"
"1662","Irinotecan","pearson_corr","GNN",0.496878275792593,"No Fine Tuning"
"1663","Irinotecan","pearson_corr","GNN",0.543619543157521,"No Fine Tuning"
"1664","Irinotecan","pearson_corr","GNN",0.509196404679127,"No Fine Tuning"
"1665","Irinotecan","pearson_corr","GNN",0.518376884399368,"No Fine Tuning"
"1666","Irinotecan","pearson_corr","GNN",0.533614842273465,"No Fine Tuning"
"1667","Irinotecan","pearson_corr","GNN",0.539649851057061,"No Fine Tuning"
"1668","Irinotecan","pearson_corr","GNN",0.538027899531621,"No Fine Tuning"
"1669","Irinotecan","pearson_corr","GNN",0.494263451852555,"No Fine Tuning"
"1670","Irinotecan","pearson_corr","GNN",0.589097831605823,"No Fine Tuning"
"1671","Irinotecan","pearson_corr","GNN",0.535049269872126,"No Fine Tuning"
"1672","Irinotecan","pearson_corr","GNN",0.587269305358037,"No Fine Tuning"
"1673","Irinotecan","pearson_corr","GNN",0.522764638165962,"No Fine Tuning"
"1674","Irinotecan","pearson_corr","GNN",0.512567759463907,"No Fine Tuning"
"1675","Irinotecan","pearson_corr","GNN",0.481507558030057,"No Fine Tuning"
"1676","Irinotecan","pearson_corr","GNN",0.504736033428002,"No Fine Tuning"
"1677","Irinotecan","pearson_corr","GNN",0.533078218012285,"No Fine Tuning"
"1678","Irinotecan","pearson_corr","GNN",0.449862338927915,"No Fine Tuning"
"1679","Irinotecan","pearson_corr","GNN",0.520089507444913,"No Fine Tuning"
"1680","Irinotecan","pearson_corr","GNN",0.536504903168949,"No Fine Tuning"
"1681","Irinotecan","pearson_corr","GNN",0.558519767444735,"No Fine Tuning"
"1682","Irinotecan","pearson_corr","GNN",0.536088649759114,"No Fine Tuning"
"1683","Irinotecan","pearson_corr","GNN",0.50641362046771,"No Fine Tuning"
"1684","Irinotecan","pearson_corr","GNN",0.517792495687252,"No Fine Tuning"
"1685","Irinotecan","pearson_corr","GNN",0.547951429453875,"No Fine Tuning"
"1686","Irinotecan","pearson_corr","GNN",0.494399147343036,"No Fine Tuning"
"1687","Irinotecan","pearson_corr","GNN",0.513368231934708,"No Fine Tuning"
"1688","Irinotecan","pearson_corr","GNN",0.535292829144132,"No Fine Tuning"
"1689","Irinotecan","pearson_corr","GNN",0.531886931618506,"No Fine Tuning"
"1690","Irinotecan","pearson_corr","GNN",0.53699191404285,"No Fine Tuning"
"1691","Irinotecan","pearson_corr","GNN",0.556058094982267,"No Fine Tuning"
"1692","Irinotecan","pearson_corr","GNN",0.502437121347114,"No Fine Tuning"
"1693","Irinotecan","pearson_corr","GNN",0.531858401323566,"No Fine Tuning"
"1694","Irinotecan","pearson_corr","GNN",0.498172714806881,"No Fine Tuning"
"1695","Irinotecan","pearson_corr","GNN",0.482435715135352,"No Fine Tuning"
"1696","Irinotecan","pearson_corr","GNN",0.508349306402336,"No Fine Tuning"
"1697","Irinotecan","pearson_corr","GNN",0.523636102611098,"No Fine Tuning"
"1698","Irinotecan","pearson_corr","GNN",0.474833997461416,"No Fine Tuning"
"1699","Irinotecan","pearson_corr","GNN",0.538095561759241,"No Fine Tuning"
"1700","Irinotecan","pearson_corr","GNN",0.549636355051137,"No Fine Tuning"
"1701","Irinotecan","pearson_corr","RandomForest",0.581125737564801,"No Fine Tuning"
"1702","Irinotecan","pearson_corr","RandomForest",0.58834526897152,"No Fine Tuning"
"1703","Irinotecan","pearson_corr","RandomForest",0.568328887734324,"No Fine Tuning"
"1704","Irinotecan","pearson_corr","RandomForest",0.574456710640304,"No Fine Tuning"
"1705","Irinotecan","pearson_corr","RandomForest",0.55123919761548,"No Fine Tuning"
"1706","Irinotecan","pearson_corr","RandomForest",0.629424547590406,"No Fine Tuning"
"1707","Irinotecan","pearson_corr","RandomForest",0.567726141175646,"No Fine Tuning"
"1708","Irinotecan","pearson_corr","RandomForest",0.573029552527147,"No Fine Tuning"
"1709","Irinotecan","pearson_corr","RandomForest",0.574437662884575,"No Fine Tuning"
"1710","Irinotecan","pearson_corr","RandomForest",0.506619147035258,"No Fine Tuning"
"1711","Irinotecan","pearson_corr","RandomForest",0.564792205312994,"No Fine Tuning"
"1712","Irinotecan","pearson_corr","RandomForest",0.541655633443668,"No Fine Tuning"
"1713","Irinotecan","pearson_corr","RandomForest",0.621197470033963,"No Fine Tuning"
"1714","Irinotecan","pearson_corr","RandomForest",0.583526957692265,"No Fine Tuning"
"1715","Irinotecan","pearson_corr","RandomForest",0.562668069581865,"No Fine Tuning"
"1716","Irinotecan","pearson_corr","RandomForest",0.526227193168679,"No Fine Tuning"
"1717","Irinotecan","pearson_corr","RandomForest",0.544361476899758,"No Fine Tuning"
"1718","Irinotecan","pearson_corr","RandomForest",0.607441781529429,"No Fine Tuning"
"1719","Irinotecan","pearson_corr","RandomForest",0.591434855965545,"No Fine Tuning"
"1720","Irinotecan","pearson_corr","RandomForest",0.559509516306179,"No Fine Tuning"
"1721","Irinotecan","pearson_corr","RandomForest",0.612232935938619,"No Fine Tuning"
"1722","Irinotecan","pearson_corr","RandomForest",0.522434583256086,"No Fine Tuning"
"1723","Irinotecan","pearson_corr","RandomForest",0.497646058619802,"No Fine Tuning"
"1724","Irinotecan","pearson_corr","RandomForest",0.597531989191547,"No Fine Tuning"
"1725","Irinotecan","pearson_corr","RandomForest",0.52538507950643,"No Fine Tuning"
"1726","Irinotecan","pearson_corr","RandomForest",0.521434236428017,"No Fine Tuning"
"1727","Irinotecan","pearson_corr","RandomForest",0.547053595491733,"No Fine Tuning"
"1728","Irinotecan","pearson_corr","RandomForest",0.602920057450424,"No Fine Tuning"
"1729","Irinotecan","pearson_corr","RandomForest",0.552282388344163,"No Fine Tuning"
"1730","Irinotecan","pearson_corr","RandomForest",0.58824231121766,"No Fine Tuning"
"1731","Irinotecan","pearson_corr","RandomForest",0.570682040044921,"No Fine Tuning"
"1732","Irinotecan","pearson_corr","RandomForest",0.543614420241588,"No Fine Tuning"
"1733","Irinotecan","pearson_corr","RandomForest",0.54504742940629,"No Fine Tuning"
"1734","Irinotecan","pearson_corr","RandomForest",0.554641267487634,"No Fine Tuning"
"1735","Irinotecan","pearson_corr","RandomForest",0.526513829645147,"No Fine Tuning"
"1736","Irinotecan","pearson_corr","RandomForest",0.623806581812038,"No Fine Tuning"
"1737","Irinotecan","pearson_corr","RandomForest",0.559846617278934,"No Fine Tuning"
"1738","Irinotecan","pearson_corr","RandomForest",0.599511062933688,"No Fine Tuning"
"1739","Irinotecan","pearson_corr","RandomForest",0.584833466974402,"No Fine Tuning"
"1740","Irinotecan","pearson_corr","RandomForest",0.62519174356413,"No Fine Tuning"
"1741","Irinotecan","pearson_corr","RandomForest",0.57944992833043,"No Fine Tuning"
"1742","Irinotecan","pearson_corr","RandomForest",0.596307495291927,"No Fine Tuning"
"1743","Irinotecan","pearson_corr","RandomForest",0.566080119764962,"No Fine Tuning"
"1744","Irinotecan","pearson_corr","RandomForest",0.544108163038134,"No Fine Tuning"
"1745","Irinotecan","pearson_corr","RandomForest",0.497862915034245,"No Fine Tuning"
"1746","Irinotecan","pearson_corr","RandomForest",0.587284615372694,"No Fine Tuning"
"1747","Irinotecan","pearson_corr","RandomForest",0.585223453010031,"No Fine Tuning"
"1748","Irinotecan","pearson_corr","RandomForest",0.56577451861095,"No Fine Tuning"
"1749","Irinotecan","pearson_corr","RandomForest",0.593135765898458,"No Fine Tuning"
"1750","Irinotecan","pearson_corr","RandomForest",0.518397050802103,"No Fine Tuning"
"1751","Irinotecan","pearson_corr","RandomForest",0.558456303176348,"No Fine Tuning"
"1752","Irinotecan","pearson_corr","RandomForest",0.473478048895622,"No Fine Tuning"
"1753","Irinotecan","pearson_corr","RandomForest",0.561348341894827,"No Fine Tuning"
"1754","Irinotecan","pearson_corr","RandomForest",0.548137839884347,"No Fine Tuning"
"1755","Irinotecan","pearson_corr","RandomForest",0.557335537973664,"No Fine Tuning"
"1756","Irinotecan","pearson_corr","RandomForest",0.582392133345665,"No Fine Tuning"
"1757","Irinotecan","pearson_corr","RandomForest",0.555721623833003,"No Fine Tuning"
"1758","Irinotecan","pearson_corr","RandomForest",0.561303465944294,"No Fine Tuning"
"1759","Irinotecan","pearson_corr","RandomForest",0.581805781268121,"No Fine Tuning"
"1760","Irinotecan","pearson_corr","RandomForest",0.571396807937368,"No Fine Tuning"
"1761","Irinotecan","pearson_corr","RandomForest",0.578858202759455,"No Fine Tuning"
"1762","Irinotecan","pearson_corr","RandomForest",0.560785984080272,"No Fine Tuning"
"1763","Irinotecan","pearson_corr","RandomForest",0.583472079127854,"No Fine Tuning"
"1764","Irinotecan","pearson_corr","RandomForest",0.573655653499854,"No Fine Tuning"
"1765","Irinotecan","pearson_corr","RandomForest",0.541522536184916,"No Fine Tuning"
"1766","Irinotecan","pearson_corr","RandomForest",0.558245732255245,"No Fine Tuning"
"1767","Irinotecan","pearson_corr","RandomForest",0.595299538314563,"No Fine Tuning"
"1768","Irinotecan","pearson_corr","RandomForest",0.626724120393291,"No Fine Tuning"
"1769","Irinotecan","pearson_corr","RandomForest",0.53407581751173,"No Fine Tuning"
"1770","Irinotecan","pearson_corr","RandomForest",0.621628928138711,"No Fine Tuning"
"1771","Irinotecan","pearson_corr","RandomForest",0.550092979483846,"No Fine Tuning"
"1772","Irinotecan","pearson_corr","RandomForest",0.594906557812856,"No Fine Tuning"
"1773","Irinotecan","pearson_corr","RandomForest",0.579852355060137,"No Fine Tuning"
"1774","Irinotecan","pearson_corr","RandomForest",0.562921128498368,"No Fine Tuning"
"1775","Irinotecan","pearson_corr","RandomForest",0.506459667892831,"No Fine Tuning"
"1776","Irinotecan","pearson_corr","RandomForest",0.512957280280556,"No Fine Tuning"
"1777","Irinotecan","pearson_corr","RandomForest",0.576628239001445,"No Fine Tuning"
"1778","Irinotecan","pearson_corr","RandomForest",0.519564137893578,"No Fine Tuning"
"1779","Irinotecan","pearson_corr","RandomForest",0.561353268198367,"No Fine Tuning"
"1780","Irinotecan","pearson_corr","RandomForest",0.530453012947545,"No Fine Tuning"
"1781","Irinotecan","pearson_corr","RandomForest",0.57475105537783,"No Fine Tuning"
"1782","Irinotecan","pearson_corr","RandomForest",0.577620652547401,"No Fine Tuning"
"1783","Irinotecan","pearson_corr","RandomForest",0.550165066453937,"No Fine Tuning"
"1784","Irinotecan","pearson_corr","RandomForest",0.563808917092261,"No Fine Tuning"
"1785","Irinotecan","pearson_corr","RandomForest",0.586965128959442,"No Fine Tuning"
"1786","Irinotecan","pearson_corr","RandomForest",0.545549881703797,"No Fine Tuning"
"1787","Irinotecan","pearson_corr","RandomForest",0.571423019658673,"No Fine Tuning"
"1788","Irinotecan","pearson_corr","RandomForest",0.583724179106194,"No Fine Tuning"
"1789","Irinotecan","pearson_corr","RandomForest",0.522834181360434,"No Fine Tuning"
"1790","Irinotecan","pearson_corr","RandomForest",0.557815784425686,"No Fine Tuning"
"1791","Irinotecan","pearson_corr","RandomForest",0.602473887148679,"No Fine Tuning"
"1792","Irinotecan","pearson_corr","RandomForest",0.564217868993615,"No Fine Tuning"
"1793","Irinotecan","pearson_corr","RandomForest",0.581906394823711,"No Fine Tuning"
"1794","Irinotecan","pearson_corr","RandomForest",0.503151635000142,"No Fine Tuning"
"1795","Irinotecan","pearson_corr","RandomForest",0.542609159237972,"No Fine Tuning"
"1796","Irinotecan","pearson_corr","RandomForest",0.579819266603425,"No Fine Tuning"
"1797","Irinotecan","pearson_corr","RandomForest",0.575599895558599,"No Fine Tuning"
"1798","Irinotecan","pearson_corr","RandomForest",0.498235823116456,"No Fine Tuning"
"1799","Irinotecan","pearson_corr","RandomForest",0.58472514121109,"No Fine Tuning"
"1800","Irinotecan","pearson_corr","RandomForest",0.624921271396536,"No Fine Tuning"
"1801","Irinotecan","pearson_corr","SVM",0.601733275645219,"No Fine Tuning"
"1802","Irinotecan","pearson_corr","SVM",0.610165402087676,"No Fine Tuning"
"1803","Irinotecan","pearson_corr","SVM",0.583908326652954,"No Fine Tuning"
"1804","Irinotecan","pearson_corr","SVM",0.563139582399023,"No Fine Tuning"
"1805","Irinotecan","pearson_corr","SVM",0.559993876899563,"No Fine Tuning"
"1806","Irinotecan","pearson_corr","SVM",0.647556333471981,"No Fine Tuning"
"1807","Irinotecan","pearson_corr","SVM",0.58754740774428,"No Fine Tuning"
"1808","Irinotecan","pearson_corr","SVM",0.577432040908095,"No Fine Tuning"
"1809","Irinotecan","pearson_corr","SVM",0.580217563550577,"No Fine Tuning"
"1810","Irinotecan","pearson_corr","SVM",0.510972567893959,"No Fine Tuning"
"1811","Irinotecan","pearson_corr","SVM",0.571806278893586,"No Fine Tuning"
"1812","Irinotecan","pearson_corr","SVM",0.557430055908803,"No Fine Tuning"
"1813","Irinotecan","pearson_corr","SVM",0.633572565699326,"No Fine Tuning"
"1814","Irinotecan","pearson_corr","SVM",0.597054215272191,"No Fine Tuning"
"1815","Irinotecan","pearson_corr","SVM",0.544739215533484,"No Fine Tuning"
"1816","Irinotecan","pearson_corr","SVM",0.532465847964227,"No Fine Tuning"
"1817","Irinotecan","pearson_corr","SVM",0.556708168044822,"No Fine Tuning"
"1818","Irinotecan","pearson_corr","SVM",0.622329124985509,"No Fine Tuning"
"1819","Irinotecan","pearson_corr","SVM",0.603735073392071,"No Fine Tuning"
"1820","Irinotecan","pearson_corr","SVM",0.568468777851548,"No Fine Tuning"
"1821","Irinotecan","pearson_corr","SVM",0.605839218929651,"No Fine Tuning"
"1822","Irinotecan","pearson_corr","SVM",0.543721579175412,"No Fine Tuning"
"1823","Irinotecan","pearson_corr","SVM",0.520514944804158,"No Fine Tuning"
"1824","Irinotecan","pearson_corr","SVM",0.58172625147729,"No Fine Tuning"
"1825","Irinotecan","pearson_corr","SVM",0.531332768730864,"No Fine Tuning"
"1826","Irinotecan","pearson_corr","SVM",0.533446421369017,"No Fine Tuning"
"1827","Irinotecan","pearson_corr","SVM",0.557389570017462,"No Fine Tuning"
"1828","Irinotecan","pearson_corr","SVM",0.616773038337149,"No Fine Tuning"
"1829","Irinotecan","pearson_corr","SVM",0.56754452828117,"No Fine Tuning"
"1830","Irinotecan","pearson_corr","SVM",0.605768043855903,"No Fine Tuning"
"1831","Irinotecan","pearson_corr","SVM",0.587490633899379,"No Fine Tuning"
"1832","Irinotecan","pearson_corr","SVM",0.554992351048794,"No Fine Tuning"
"1833","Irinotecan","pearson_corr","SVM",0.545050115142027,"No Fine Tuning"
"1834","Irinotecan","pearson_corr","SVM",0.59179372061057,"No Fine Tuning"
"1835","Irinotecan","pearson_corr","SVM",0.531095109165568,"No Fine Tuning"
"1836","Irinotecan","pearson_corr","SVM",0.618774659434063,"No Fine Tuning"
"1837","Irinotecan","pearson_corr","SVM",0.556083985001566,"No Fine Tuning"
"1838","Irinotecan","pearson_corr","SVM",0.613433477060155,"No Fine Tuning"
"1839","Irinotecan","pearson_corr","SVM",0.586623183249758,"No Fine Tuning"
"1840","Irinotecan","pearson_corr","SVM",0.628174449203394,"No Fine Tuning"
"1841","Irinotecan","pearson_corr","SVM",0.612904276166165,"No Fine Tuning"
"1842","Irinotecan","pearson_corr","SVM",0.610793299467721,"No Fine Tuning"
"1843","Irinotecan","pearson_corr","SVM",0.568507986311619,"No Fine Tuning"
"1844","Irinotecan","pearson_corr","SVM",0.562604372451222,"No Fine Tuning"
"1845","Irinotecan","pearson_corr","SVM",0.500111472615212,"No Fine Tuning"
"1846","Irinotecan","pearson_corr","SVM",0.596907838961899,"No Fine Tuning"
"1847","Irinotecan","pearson_corr","SVM",0.591089440785048,"No Fine Tuning"
"1848","Irinotecan","pearson_corr","SVM",0.582905887459732,"No Fine Tuning"
"1849","Irinotecan","pearson_corr","SVM",0.568405341680349,"No Fine Tuning"
"1850","Irinotecan","pearson_corr","SVM",0.518653401956552,"No Fine Tuning"
"1851","Irinotecan","pearson_corr","SVM",0.550546540451332,"No Fine Tuning"
"1852","Irinotecan","pearson_corr","SVM",0.493558020274982,"No Fine Tuning"
"1853","Irinotecan","pearson_corr","SVM",0.563854426886127,"No Fine Tuning"
"1854","Irinotecan","pearson_corr","SVM",0.565572585056259,"No Fine Tuning"
"1855","Irinotecan","pearson_corr","SVM",0.570545187230313,"No Fine Tuning"
"1856","Irinotecan","pearson_corr","SVM",0.605746681931971,"No Fine Tuning"
"1857","Irinotecan","pearson_corr","SVM",0.563117207498776,"No Fine Tuning"
"1858","Irinotecan","pearson_corr","SVM",0.572384974944654,"No Fine Tuning"
"1859","Irinotecan","pearson_corr","SVM",0.578025798106117,"No Fine Tuning"
"1860","Irinotecan","pearson_corr","SVM",0.57118749742376,"No Fine Tuning"
"1861","Irinotecan","pearson_corr","SVM",0.581726849496394,"No Fine Tuning"
"1862","Irinotecan","pearson_corr","SVM",0.577142216938972,"No Fine Tuning"
"1863","Irinotecan","pearson_corr","SVM",0.575539181047998,"No Fine Tuning"
"1864","Irinotecan","pearson_corr","SVM",0.55869107841882,"No Fine Tuning"
"1865","Irinotecan","pearson_corr","SVM",0.556459831297089,"No Fine Tuning"
"1866","Irinotecan","pearson_corr","SVM",0.56989655765341,"No Fine Tuning"
"1867","Irinotecan","pearson_corr","SVM",0.606744538331209,"No Fine Tuning"
"1868","Irinotecan","pearson_corr","SVM",0.632053480448647,"No Fine Tuning"
"1869","Irinotecan","pearson_corr","SVM",0.541254350443763,"No Fine Tuning"
"1870","Irinotecan","pearson_corr","SVM",0.620681370841044,"No Fine Tuning"
"1871","Irinotecan","pearson_corr","SVM",0.564118586775748,"No Fine Tuning"
"1872","Irinotecan","pearson_corr","SVM",0.609135501507373,"No Fine Tuning"
"1873","Irinotecan","pearson_corr","SVM",0.569856602467635,"No Fine Tuning"
"1874","Irinotecan","pearson_corr","SVM",0.577361799850007,"No Fine Tuning"
"1875","Irinotecan","pearson_corr","SVM",0.532470566305943,"No Fine Tuning"
"1876","Irinotecan","pearson_corr","SVM",0.541552778265086,"No Fine Tuning"
"1877","Irinotecan","pearson_corr","SVM",0.582285181400583,"No Fine Tuning"
"1878","Irinotecan","pearson_corr","SVM",0.531196340419762,"No Fine Tuning"
"1879","Irinotecan","pearson_corr","SVM",0.577441946448207,"No Fine Tuning"
"1880","Irinotecan","pearson_corr","SVM",0.537826889667258,"No Fine Tuning"
"1881","Irinotecan","pearson_corr","SVM",0.590841919696896,"No Fine Tuning"
"1882","Irinotecan","pearson_corr","SVM",0.582532729129633,"No Fine Tuning"
"1883","Irinotecan","pearson_corr","SVM",0.585593620053407,"No Fine Tuning"
"1884","Irinotecan","pearson_corr","SVM",0.577060411128641,"No Fine Tuning"
"1885","Irinotecan","pearson_corr","SVM",0.608401683629727,"No Fine Tuning"
"1886","Irinotecan","pearson_corr","SVM",0.561554435763174,"No Fine Tuning"
"1887","Irinotecan","pearson_corr","SVM",0.570446459094412,"No Fine Tuning"
"1888","Irinotecan","pearson_corr","SVM",0.600291996517013,"No Fine Tuning"
"1889","Irinotecan","pearson_corr","SVM",0.555949217774973,"No Fine Tuning"
"1890","Irinotecan","pearson_corr","SVM",0.571135571570389,"No Fine Tuning"
"1891","Irinotecan","pearson_corr","SVM",0.612832007600462,"No Fine Tuning"
"1892","Irinotecan","pearson_corr","SVM",0.551154578624876,"No Fine Tuning"
"1893","Irinotecan","pearson_corr","SVM",0.588182641753245,"No Fine Tuning"
"1894","Irinotecan","pearson_corr","SVM",0.530149805795772,"No Fine Tuning"
"1895","Irinotecan","pearson_corr","SVM",0.543737493857693,"No Fine Tuning"
"1896","Irinotecan","pearson_corr","SVM",0.583317872012251,"No Fine Tuning"
"1897","Irinotecan","pearson_corr","SVM",0.58288266423898,"No Fine Tuning"
"1898","Irinotecan","pearson_corr","SVM",0.518264431686047,"No Fine Tuning"
"1899","Irinotecan","pearson_corr","SVM",0.619772203876967,"No Fine Tuning"
"1900","Irinotecan","pearson_corr","SVM",0.628189920064314,"No Fine Tuning"
"1901","Irinotecan","pearson_corr","XGBoost",0.496029465440965,"No Fine Tuning"
"1902","Irinotecan","pearson_corr","XGBoost",0.530703057513491,"No Fine Tuning"
"1903","Irinotecan","pearson_corr","XGBoost",0.503052184470454,"No Fine Tuning"
"1904","Irinotecan","pearson_corr","XGBoost",0.48560441421511,"No Fine Tuning"
"1905","Irinotecan","pearson_corr","XGBoost",0.478012364592679,"No Fine Tuning"
"1906","Irinotecan","pearson_corr","XGBoost",0.557958502092088,"No Fine Tuning"
"1907","Irinotecan","pearson_corr","XGBoost",0.517831868316726,"No Fine Tuning"
"1908","Irinotecan","pearson_corr","XGBoost",0.503765803609053,"No Fine Tuning"
"1909","Irinotecan","pearson_corr","XGBoost",0.524918667633967,"No Fine Tuning"
"1910","Irinotecan","pearson_corr","XGBoost",0.431398034349331,"No Fine Tuning"
"1911","Irinotecan","pearson_corr","XGBoost",0.506917854870568,"No Fine Tuning"
"1912","Irinotecan","pearson_corr","XGBoost",0.465134520664438,"No Fine Tuning"
"1913","Irinotecan","pearson_corr","XGBoost",0.571515056906621,"No Fine Tuning"
"1914","Irinotecan","pearson_corr","XGBoost",0.500092206887827,"No Fine Tuning"
"1915","Irinotecan","pearson_corr","XGBoost",0.511302886854368,"No Fine Tuning"
"1916","Irinotecan","pearson_corr","XGBoost",0.448860727489916,"No Fine Tuning"
"1917","Irinotecan","pearson_corr","XGBoost",0.450771730154806,"No Fine Tuning"
"1918","Irinotecan","pearson_corr","XGBoost",0.540516124483394,"No Fine Tuning"
"1919","Irinotecan","pearson_corr","XGBoost",0.530671813693687,"No Fine Tuning"
"1920","Irinotecan","pearson_corr","XGBoost",0.513026470638481,"No Fine Tuning"
"1921","Irinotecan","pearson_corr","XGBoost",0.535323195444814,"No Fine Tuning"
"1922","Irinotecan","pearson_corr","XGBoost",0.443456407681343,"No Fine Tuning"
"1923","Irinotecan","pearson_corr","XGBoost",0.388192697467979,"No Fine Tuning"
"1924","Irinotecan","pearson_corr","XGBoost",0.540680058189361,"No Fine Tuning"
"1925","Irinotecan","pearson_corr","XGBoost",0.452194079462823,"No Fine Tuning"
"1926","Irinotecan","pearson_corr","XGBoost",0.440516874993085,"No Fine Tuning"
"1927","Irinotecan","pearson_corr","XGBoost",0.483289408551471,"No Fine Tuning"
"1928","Irinotecan","pearson_corr","XGBoost",0.541463075038228,"No Fine Tuning"
"1929","Irinotecan","pearson_corr","XGBoost",0.479803409741618,"No Fine Tuning"
"1930","Irinotecan","pearson_corr","XGBoost",0.519303783041414,"No Fine Tuning"
"1931","Irinotecan","pearson_corr","XGBoost",0.496366705103646,"No Fine Tuning"
"1932","Irinotecan","pearson_corr","XGBoost",0.488664734480266,"No Fine Tuning"
"1933","Irinotecan","pearson_corr","XGBoost",0.490982499228144,"No Fine Tuning"
"1934","Irinotecan","pearson_corr","XGBoost",0.466409855485287,"No Fine Tuning"
"1935","Irinotecan","pearson_corr","XGBoost",0.453621424542191,"No Fine Tuning"
"1936","Irinotecan","pearson_corr","XGBoost",0.568896654985476,"No Fine Tuning"
"1937","Irinotecan","pearson_corr","XGBoost",0.486769410475331,"No Fine Tuning"
"1938","Irinotecan","pearson_corr","XGBoost",0.540795450320326,"No Fine Tuning"
"1939","Irinotecan","pearson_corr","XGBoost",0.532823266018829,"No Fine Tuning"
"1940","Irinotecan","pearson_corr","XGBoost",0.556107941897336,"No Fine Tuning"
"1941","Irinotecan","pearson_corr","XGBoost",0.528518511765573,"No Fine Tuning"
"1942","Irinotecan","pearson_corr","XGBoost",0.536487054370963,"No Fine Tuning"
"1943","Irinotecan","pearson_corr","XGBoost",0.488605002194118,"No Fine Tuning"
"1944","Irinotecan","pearson_corr","XGBoost",0.460089082489447,"No Fine Tuning"
"1945","Irinotecan","pearson_corr","XGBoost",0.409605166455641,"No Fine Tuning"
"1946","Irinotecan","pearson_corr","XGBoost",0.514072155230321,"No Fine Tuning"
"1947","Irinotecan","pearson_corr","XGBoost",0.51889766259883,"No Fine Tuning"
"1948","Irinotecan","pearson_corr","XGBoost",0.52243867894166,"No Fine Tuning"
"1949","Irinotecan","pearson_corr","XGBoost",0.511939983323327,"No Fine Tuning"
"1950","Irinotecan","pearson_corr","XGBoost",0.424335322096631,"No Fine Tuning"
"1951","Irinotecan","pearson_corr","XGBoost",0.487356624849385,"No Fine Tuning"
"1952","Irinotecan","pearson_corr","XGBoost",0.413335926576973,"No Fine Tuning"
"1953","Irinotecan","pearson_corr","XGBoost",0.503217347358224,"No Fine Tuning"
"1954","Irinotecan","pearson_corr","XGBoost",0.472648038602506,"No Fine Tuning"
"1955","Irinotecan","pearson_corr","XGBoost",0.487624063851367,"No Fine Tuning"
"1956","Irinotecan","pearson_corr","XGBoost",0.490698569088337,"No Fine Tuning"
"1957","Irinotecan","pearson_corr","XGBoost",0.484843491545212,"No Fine Tuning"
"1958","Irinotecan","pearson_corr","XGBoost",0.51003718793478,"No Fine Tuning"
"1959","Irinotecan","pearson_corr","XGBoost",0.510592542190191,"No Fine Tuning"
"1960","Irinotecan","pearson_corr","XGBoost",0.49634524878198,"No Fine Tuning"
"1961","Irinotecan","pearson_corr","XGBoost",0.508434712481928,"No Fine Tuning"
"1962","Irinotecan","pearson_corr","XGBoost",0.504589820895719,"No Fine Tuning"
"1963","Irinotecan","pearson_corr","XGBoost",0.508179283742513,"No Fine Tuning"
"1964","Irinotecan","pearson_corr","XGBoost",0.484769017836711,"No Fine Tuning"
"1965","Irinotecan","pearson_corr","XGBoost",0.458636610068748,"No Fine Tuning"
"1966","Irinotecan","pearson_corr","XGBoost",0.491535921750023,"No Fine Tuning"
"1967","Irinotecan","pearson_corr","XGBoost",0.51742987200211,"No Fine Tuning"
"1968","Irinotecan","pearson_corr","XGBoost",0.562620934445981,"No Fine Tuning"
"1969","Irinotecan","pearson_corr","XGBoost",0.449814026081295,"No Fine Tuning"
"1970","Irinotecan","pearson_corr","XGBoost",0.534759497838044,"No Fine Tuning"
"1971","Irinotecan","pearson_corr","XGBoost",0.468880921882241,"No Fine Tuning"
"1972","Irinotecan","pearson_corr","XGBoost",0.516997336610265,"No Fine Tuning"
"1973","Irinotecan","pearson_corr","XGBoost",0.520109564906194,"No Fine Tuning"
"1974","Irinotecan","pearson_corr","XGBoost",0.48651702684506,"No Fine Tuning"
"1975","Irinotecan","pearson_corr","XGBoost",0.437539121096263,"No Fine Tuning"
"1976","Irinotecan","pearson_corr","XGBoost",0.435566956706039,"No Fine Tuning"
"1977","Irinotecan","pearson_corr","XGBoost",0.523050698462171,"No Fine Tuning"
"1978","Irinotecan","pearson_corr","XGBoost",0.436261383890889,"No Fine Tuning"
"1979","Irinotecan","pearson_corr","XGBoost",0.490512184829098,"No Fine Tuning"
"1980","Irinotecan","pearson_corr","XGBoost",0.470655363632239,"No Fine Tuning"
"1981","Irinotecan","pearson_corr","XGBoost",0.480601176722956,"No Fine Tuning"
"1982","Irinotecan","pearson_corr","XGBoost",0.498322952289573,"No Fine Tuning"
"1983","Irinotecan","pearson_corr","XGBoost",0.471008068310582,"No Fine Tuning"
"1984","Irinotecan","pearson_corr","XGBoost",0.474030119397044,"No Fine Tuning"
"1985","Irinotecan","pearson_corr","XGBoost",0.547272253646832,"No Fine Tuning"
"1986","Irinotecan","pearson_corr","XGBoost",0.464379729024841,"No Fine Tuning"
"1987","Irinotecan","pearson_corr","XGBoost",0.480477537112494,"No Fine Tuning"
"1988","Irinotecan","pearson_corr","XGBoost",0.518816404154911,"No Fine Tuning"
"1989","Irinotecan","pearson_corr","XGBoost",0.446275295427777,"No Fine Tuning"
"1990","Irinotecan","pearson_corr","XGBoost",0.475503081510725,"No Fine Tuning"
"1991","Irinotecan","pearson_corr","XGBoost",0.542084701692578,"No Fine Tuning"
"1992","Irinotecan","pearson_corr","XGBoost",0.496862127322747,"No Fine Tuning"
"1993","Irinotecan","pearson_corr","XGBoost",0.490015741123938,"No Fine Tuning"
"1994","Irinotecan","pearson_corr","XGBoost",0.415155922925874,"No Fine Tuning"
"1995","Irinotecan","pearson_corr","XGBoost",0.476019735537523,"No Fine Tuning"
"1996","Irinotecan","pearson_corr","XGBoost",0.518001584847145,"No Fine Tuning"
"1997","Irinotecan","pearson_corr","XGBoost",0.484371789965522,"No Fine Tuning"
"1998","Irinotecan","pearson_corr","XGBoost",0.420766793600997,"No Fine Tuning"
"1999","Irinotecan","pearson_corr","XGBoost",0.51587584250499,"No Fine Tuning"
"2000","Irinotecan","pearson_corr","XGBoost",0.548130608302484,"No Fine Tuning"
"2001","Irinotecan","pearson_corr","SupervisedVAE",0.476322588497965,"No Fine Tuning"
"2002","Irinotecan","pearson_corr","SupervisedVAE",0.491906654103146,"No Fine Tuning"
"2003","Irinotecan","pearson_corr","SupervisedVAE",0.474596038105033,"No Fine Tuning"
"2004","Irinotecan","pearson_corr","SupervisedVAE",0.47101656049871,"No Fine Tuning"
"2005","Irinotecan","pearson_corr","SupervisedVAE",0.507247436486076,"No Fine Tuning"
"2006","Irinotecan","pearson_corr","SupervisedVAE",0.552879395069293,"No Fine Tuning"
"2007","Irinotecan","pearson_corr","SupervisedVAE",0.469980120884732,"No Fine Tuning"
"2008","Irinotecan","pearson_corr","SupervisedVAE",0.483940930320759,"No Fine Tuning"
"2009","Irinotecan","pearson_corr","SupervisedVAE",0.506220821751097,"No Fine Tuning"
"2010","Irinotecan","pearson_corr","SupervisedVAE",0.414916433852616,"No Fine Tuning"
"2011","Irinotecan","pearson_corr","SupervisedVAE",0.484488929713626,"No Fine Tuning"
"2012","Irinotecan","pearson_corr","SupervisedVAE",0.432418428981192,"No Fine Tuning"
"2013","Irinotecan","pearson_corr","SupervisedVAE",0.539182180993893,"No Fine Tuning"
"2014","Irinotecan","pearson_corr","SupervisedVAE",0.470504335082816,"No Fine Tuning"
"2015","Irinotecan","pearson_corr","SupervisedVAE",0.465792856045347,"No Fine Tuning"
"2016","Irinotecan","pearson_corr","SupervisedVAE",0.419704504212837,"No Fine Tuning"
"2017","Irinotecan","pearson_corr","SupervisedVAE",0.440647627714861,"No Fine Tuning"
"2018","Irinotecan","pearson_corr","SupervisedVAE",0.498699436399699,"No Fine Tuning"
"2019","Irinotecan","pearson_corr","SupervisedVAE",0.509912860384579,"No Fine Tuning"
"2020","Irinotecan","pearson_corr","SupervisedVAE",0.4633863642934,"No Fine Tuning"
"2021","Irinotecan","pearson_corr","SupervisedVAE",0.503666381685721,"No Fine Tuning"
"2022","Irinotecan","pearson_corr","SupervisedVAE",0.362634373631384,"No Fine Tuning"
"2023","Irinotecan","pearson_corr","SupervisedVAE",0.428518597968859,"No Fine Tuning"
"2024","Irinotecan","pearson_corr","SupervisedVAE",0.488287386179023,"No Fine Tuning"
"2025","Irinotecan","pearson_corr","SupervisedVAE",0.470877496449895,"No Fine Tuning"
"2026","Irinotecan","pearson_corr","SupervisedVAE",0.41826239926363,"No Fine Tuning"
"2027","Irinotecan","pearson_corr","SupervisedVAE",0.475411673594095,"No Fine Tuning"
"2028","Irinotecan","pearson_corr","SupervisedVAE",0.498000255172877,"No Fine Tuning"
"2029","Irinotecan","pearson_corr","SupervisedVAE",0.493371627027919,"No Fine Tuning"
"2030","Irinotecan","pearson_corr","SupervisedVAE",0.50040798697948,"No Fine Tuning"
"2031","Irinotecan","pearson_corr","SupervisedVAE",0.513148789647729,"No Fine Tuning"
"2032","Irinotecan","pearson_corr","SupervisedVAE",0.46758915889945,"No Fine Tuning"
"2033","Irinotecan","pearson_corr","SupervisedVAE",0.438902733163444,"No Fine Tuning"
"2034","Irinotecan","pearson_corr","SupervisedVAE",0.444064238562879,"No Fine Tuning"
"2035","Irinotecan","pearson_corr","SupervisedVAE",0.421153335824289,"No Fine Tuning"
"2036","Irinotecan","pearson_corr","SupervisedVAE",0.485039134434613,"No Fine Tuning"
"2037","Irinotecan","pearson_corr","SupervisedVAE",0.446713959125142,"No Fine Tuning"
"2038","Irinotecan","pearson_corr","SupervisedVAE",0.477146125443573,"No Fine Tuning"
"2039","Irinotecan","pearson_corr","SupervisedVAE",0.463589792593145,"No Fine Tuning"
"2040","Irinotecan","pearson_corr","SupervisedVAE",0.500335200211276,"No Fine Tuning"
"2041","Irinotecan","pearson_corr","SupervisedVAE",0.499236599524431,"No Fine Tuning"
"2042","Irinotecan","pearson_corr","SupervisedVAE",0.544653555742434,"No Fine Tuning"
"2043","Irinotecan","pearson_corr","SupervisedVAE",0.478857056847191,"No Fine Tuning"
"2044","Irinotecan","pearson_corr","SupervisedVAE",0.502609507991547,"No Fine Tuning"
"2045","Irinotecan","pearson_corr","SupervisedVAE",0.428918867581292,"No Fine Tuning"
"2046","Irinotecan","pearson_corr","SupervisedVAE",0.515479536035483,"No Fine Tuning"
"2047","Irinotecan","pearson_corr","SupervisedVAE",0.445815761902758,"No Fine Tuning"
"2048","Irinotecan","pearson_corr","SupervisedVAE",0.475383518099582,"No Fine Tuning"
"2049","Irinotecan","pearson_corr","SupervisedVAE",0.533486503654558,"No Fine Tuning"
"2050","Irinotecan","pearson_corr","SupervisedVAE",0.417453959217045,"No Fine Tuning"
"2051","Irinotecan","pearson_corr","SupervisedVAE",0.469856625424268,"No Fine Tuning"
"2052","Irinotecan","pearson_corr","SupervisedVAE",0.437036190848546,"No Fine Tuning"
"2053","Irinotecan","pearson_corr","SupervisedVAE",0.451184280440634,"No Fine Tuning"
"2054","Irinotecan","pearson_corr","SupervisedVAE",0.439420230290522,"No Fine Tuning"
"2055","Irinotecan","pearson_corr","SupervisedVAE",0.452130300228141,"No Fine Tuning"
"2056","Irinotecan","pearson_corr","SupervisedVAE",0.499686529977215,"No Fine Tuning"
"2057","Irinotecan","pearson_corr","SupervisedVAE",0.435432686007812,"No Fine Tuning"
"2058","Irinotecan","pearson_corr","SupervisedVAE",0.446368740120738,"No Fine Tuning"
"2059","Irinotecan","pearson_corr","SupervisedVAE",0.467723365310257,"No Fine Tuning"
"2060","Irinotecan","pearson_corr","SupervisedVAE",0.482370299942025,"No Fine Tuning"
"2061","Irinotecan","pearson_corr","SupervisedVAE",0.462155845428066,"No Fine Tuning"
"2062","Irinotecan","pearson_corr","SupervisedVAE",0.457730381976765,"No Fine Tuning"
"2063","Irinotecan","pearson_corr","SupervisedVAE",0.453713921566794,"No Fine Tuning"
"2064","Irinotecan","pearson_corr","SupervisedVAE",0.437871526913821,"No Fine Tuning"
"2065","Irinotecan","pearson_corr","SupervisedVAE",0.413699241964881,"No Fine Tuning"
"2066","Irinotecan","pearson_corr","SupervisedVAE",0.462075294746752,"No Fine Tuning"
"2067","Irinotecan","pearson_corr","SupervisedVAE",0.490424281723096,"No Fine Tuning"
"2068","Irinotecan","pearson_corr","SupervisedVAE",0.509730728668364,"No Fine Tuning"
"2069","Irinotecan","pearson_corr","SupervisedVAE",0.383952360024887,"No Fine Tuning"
"2070","Irinotecan","pearson_corr","SupervisedVAE",0.520892703838333,"No Fine Tuning"
"2071","Irinotecan","pearson_corr","SupervisedVAE",0.455185423765942,"No Fine Tuning"
"2072","Irinotecan","pearson_corr","SupervisedVAE",0.532955766410562,"No Fine Tuning"
"2073","Irinotecan","pearson_corr","SupervisedVAE",0.506228140313912,"No Fine Tuning"
"2074","Irinotecan","pearson_corr","SupervisedVAE",0.517402381604245,"No Fine Tuning"
"2075","Irinotecan","pearson_corr","SupervisedVAE",0.431750506783105,"No Fine Tuning"
"2076","Irinotecan","pearson_corr","SupervisedVAE",0.446342501891876,"No Fine Tuning"
"2077","Irinotecan","pearson_corr","SupervisedVAE",0.515084048752787,"No Fine Tuning"
"2078","Irinotecan","pearson_corr","SupervisedVAE",0.389698453847499,"No Fine Tuning"
"2079","Irinotecan","pearson_corr","SupervisedVAE",0.486417706746688,"No Fine Tuning"
"2080","Irinotecan","pearson_corr","SupervisedVAE",0.462798041867095,"No Fine Tuning"
"2081","Irinotecan","pearson_corr","SupervisedVAE",0.45376488279969,"No Fine Tuning"
"2082","Irinotecan","pearson_corr","SupervisedVAE",0.520757114966933,"No Fine Tuning"
"2083","Irinotecan","pearson_corr","SupervisedVAE",0.446681174707462,"No Fine Tuning"
"2084","Irinotecan","pearson_corr","SupervisedVAE",0.499377760730543,"No Fine Tuning"
"2085","Irinotecan","pearson_corr","SupervisedVAE",0.454055504904348,"No Fine Tuning"
"2086","Irinotecan","pearson_corr","SupervisedVAE",0.483642468097144,"No Fine Tuning"
"2087","Irinotecan","pearson_corr","SupervisedVAE",0.482072674742028,"No Fine Tuning"
"2088","Irinotecan","pearson_corr","SupervisedVAE",0.489883710913707,"No Fine Tuning"
"2089","Irinotecan","pearson_corr","SupervisedVAE",0.463271450535234,"No Fine Tuning"
"2090","Irinotecan","pearson_corr","SupervisedVAE",0.449766084727195,"No Fine Tuning"
"2091","Irinotecan","pearson_corr","SupervisedVAE",0.524402030925043,"No Fine Tuning"
"2092","Irinotecan","pearson_corr","SupervisedVAE",0.466079867587563,"No Fine Tuning"
"2093","Irinotecan","pearson_corr","SupervisedVAE",0.509245805519624,"No Fine Tuning"
"2094","Irinotecan","pearson_corr","SupervisedVAE",0.43589474327929,"No Fine Tuning"
"2095","Irinotecan","pearson_corr","SupervisedVAE",0.503575840273415,"No Fine Tuning"
"2096","Irinotecan","pearson_corr","SupervisedVAE",0.498241955036618,"No Fine Tuning"
"2097","Irinotecan","pearson_corr","SupervisedVAE",0.454618427599773,"No Fine Tuning"
"2098","Irinotecan","pearson_corr","SupervisedVAE",0.431355397269646,"No Fine Tuning"
"2099","Irinotecan","pearson_corr","SupervisedVAE",0.512326431155941,"No Fine Tuning"
"2100","Irinotecan","pearson_corr","SupervisedVAE",0.535820790197383,"No Fine Tuning"
"2101","Lapatinib","pearson_corr","DirectPred_finetuned",0.597010336816979,"With Fine Tuning"
"2102","Lapatinib","pearson_corr","DirectPred_finetuned",0.590409605351257,"With Fine Tuning"
"2103","Lapatinib","pearson_corr","DirectPred_finetuned",0.602315421247077,"With Fine Tuning"
"2104","Lapatinib","pearson_corr","DirectPred_finetuned",0.559209556369684,"With Fine Tuning"
"2105","Lapatinib","pearson_corr","DirectPred_finetuned",0.520581064254322,"With Fine Tuning"
"2106","Lapatinib","pearson_corr","DirectPred_finetuned",0.64073252491614,"With Fine Tuning"
"2107","Lapatinib","pearson_corr","DirectPred_finetuned",0.613528751605133,"With Fine Tuning"
"2108","Lapatinib","pearson_corr","DirectPred_finetuned",0.553094153669441,"With Fine Tuning"
"2109","Lapatinib","pearson_corr","DirectPred_finetuned",0.506747615733608,"With Fine Tuning"
"2110","Lapatinib","pearson_corr","DirectPred_finetuned",0.502261980468928,"With Fine Tuning"
"2111","Lapatinib","pearson_corr","DirectPred_finetuned",0.487182793025945,"With Fine Tuning"
"2112","Lapatinib","pearson_corr","DirectPred_finetuned",0.523069486693724,"With Fine Tuning"
"2113","Lapatinib","pearson_corr","DirectPred_finetuned",0.553827461206437,"With Fine Tuning"
"2114","Lapatinib","pearson_corr","DirectPred_finetuned",0.551682773390941,"With Fine Tuning"
"2115","Lapatinib","pearson_corr","DirectPred_finetuned",0.485432645672032,"With Fine Tuning"
"2116","Lapatinib","pearson_corr","DirectPred_finetuned",0.568972006740499,"With Fine Tuning"
"2117","Lapatinib","pearson_corr","DirectPred_finetuned",0.695649916665507,"With Fine Tuning"
"2118","Lapatinib","pearson_corr","DirectPred_finetuned",0.541579346331395,"With Fine Tuning"
"2119","Lapatinib","pearson_corr","DirectPred_finetuned",0.440674366392818,"With Fine Tuning"
"2120","Lapatinib","pearson_corr","DirectPred_finetuned",0.582468212433844,"With Fine Tuning"
"2121","Lapatinib","pearson_corr","DirectPred_finetuned",0.606368775037389,"With Fine Tuning"
"2122","Lapatinib","pearson_corr","DirectPred_finetuned",0.648561796093282,"With Fine Tuning"
"2123","Lapatinib","pearson_corr","DirectPred_finetuned",0.589121345427998,"With Fine Tuning"
"2124","Lapatinib","pearson_corr","DirectPred_finetuned",0.587140712812992,"With Fine Tuning"
"2125","Lapatinib","pearson_corr","DirectPred_finetuned",0.480485011339143,"With Fine Tuning"
"2126","Lapatinib","pearson_corr","DirectPred_finetuned",0.583668575343187,"With Fine Tuning"
"2127","Lapatinib","pearson_corr","DirectPred_finetuned",0.624952958484093,"With Fine Tuning"
"2128","Lapatinib","pearson_corr","DirectPred_finetuned",0.471802991044478,"With Fine Tuning"
"2129","Lapatinib","pearson_corr","DirectPred_finetuned",0.565446651755554,"With Fine Tuning"
"2130","Lapatinib","pearson_corr","DirectPred_finetuned",0.481243324717467,"With Fine Tuning"
"2131","Lapatinib","pearson_corr","DirectPred_finetuned",0.501741517843584,"With Fine Tuning"
"2132","Lapatinib","pearson_corr","DirectPred_finetuned",0.602239331764308,"With Fine Tuning"
"2133","Lapatinib","pearson_corr","DirectPred_finetuned",0.519454985713946,"With Fine Tuning"
"2134","Lapatinib","pearson_corr","DirectPred_finetuned",0.448307266547956,"With Fine Tuning"
"2135","Lapatinib","pearson_corr","DirectPred_finetuned",0.478715293813121,"With Fine Tuning"
"2136","Lapatinib","pearson_corr","DirectPred_finetuned",0.481400320759706,"With Fine Tuning"
"2137","Lapatinib","pearson_corr","DirectPred_finetuned",0.672439298792556,"With Fine Tuning"
"2138","Lapatinib","pearson_corr","DirectPred_finetuned",0.528871835941462,"With Fine Tuning"
"2139","Lapatinib","pearson_corr","DirectPred_finetuned",0.503617749207117,"With Fine Tuning"
"2140","Lapatinib","pearson_corr","DirectPred_finetuned",0.564006266897488,"With Fine Tuning"
"2141","Lapatinib","pearson_corr","DirectPred_finetuned",0.526719987238913,"With Fine Tuning"
"2142","Lapatinib","pearson_corr","DirectPred_finetuned",0.495038815280128,"With Fine Tuning"
"2143","Lapatinib","pearson_corr","DirectPred_finetuned",0.537196933019857,"With Fine Tuning"
"2144","Lapatinib","pearson_corr","DirectPred_finetuned",0.541799434553734,"With Fine Tuning"
"2145","Lapatinib","pearson_corr","DirectPred_finetuned",0.416369810495814,"With Fine Tuning"
"2146","Lapatinib","pearson_corr","DirectPred_finetuned",0.565178399685046,"With Fine Tuning"
"2147","Lapatinib","pearson_corr","DirectPred_finetuned",0.597494566774062,"With Fine Tuning"
"2148","Lapatinib","pearson_corr","DirectPred_finetuned",0.606821306473795,"With Fine Tuning"
"2149","Lapatinib","pearson_corr","DirectPred_finetuned",0.579596579984556,"With Fine Tuning"
"2150","Lapatinib","pearson_corr","DirectPred_finetuned",0.511794282059771,"With Fine Tuning"
"2151","Lapatinib","pearson_corr","DirectPred_finetuned",0.511008143907148,"With Fine Tuning"
"2152","Lapatinib","pearson_corr","DirectPred_finetuned",0.620337805323182,"With Fine Tuning"
"2153","Lapatinib","pearson_corr","DirectPred_finetuned",0.449437629164278,"With Fine Tuning"
"2154","Lapatinib","pearson_corr","DirectPred_finetuned",0.48933782771638,"With Fine Tuning"
"2155","Lapatinib","pearson_corr","DirectPred_finetuned",0.541670507532245,"With Fine Tuning"
"2156","Lapatinib","pearson_corr","DirectPred_finetuned",0.544806632688821,"With Fine Tuning"
"2157","Lapatinib","pearson_corr","DirectPred_finetuned",0.533067815279545,"With Fine Tuning"
"2158","Lapatinib","pearson_corr","DirectPred_finetuned",0.583584918125905,"With Fine Tuning"
"2159","Lapatinib","pearson_corr","DirectPred_finetuned",0.599893921478154,"With Fine Tuning"
"2160","Lapatinib","pearson_corr","DirectPred_finetuned",0.581005872832398,"With Fine Tuning"
"2161","Lapatinib","pearson_corr","DirectPred_finetuned",0.643354695019869,"With Fine Tuning"
"2162","Lapatinib","pearson_corr","DirectPred_finetuned",0.516913300412847,"With Fine Tuning"
"2163","Lapatinib","pearson_corr","DirectPred_finetuned",0.533048555673977,"With Fine Tuning"
"2164","Lapatinib","pearson_corr","DirectPred_finetuned",0.620295255918615,"With Fine Tuning"
"2165","Lapatinib","pearson_corr","DirectPred_finetuned",0.475595568650815,"With Fine Tuning"
"2166","Lapatinib","pearson_corr","DirectPred_finetuned",0.538799159716213,"With Fine Tuning"
"2167","Lapatinib","pearson_corr","DirectPred_finetuned",0.472796276774584,"With Fine Tuning"
"2168","Lapatinib","pearson_corr","DirectPred_finetuned",0.465761232509619,"With Fine Tuning"
"2169","Lapatinib","pearson_corr","DirectPred_finetuned",0.566641283453134,"With Fine Tuning"
"2170","Lapatinib","pearson_corr","DirectPred_finetuned",0.616707350161011,"With Fine Tuning"
"2171","Lapatinib","pearson_corr","DirectPred_finetuned",0.591204918175397,"With Fine Tuning"
"2172","Lapatinib","pearson_corr","DirectPred_finetuned",0.619967321256516,"With Fine Tuning"
"2173","Lapatinib","pearson_corr","DirectPred_finetuned",0.619737426950644,"With Fine Tuning"
"2174","Lapatinib","pearson_corr","DirectPred_finetuned",0.620095712436462,"With Fine Tuning"
"2175","Lapatinib","pearson_corr","DirectPred_finetuned",0.502855889650516,"With Fine Tuning"
"2176","Lapatinib","pearson_corr","DirectPred_finetuned",0.598989227278505,"With Fine Tuning"
"2177","Lapatinib","pearson_corr","DirectPred_finetuned",0.579394510596425,"With Fine Tuning"
"2178","Lapatinib","pearson_corr","DirectPred_finetuned",0.644045156756688,"With Fine Tuning"
"2179","Lapatinib","pearson_corr","DirectPred_finetuned",0.573697920624284,"With Fine Tuning"
"2180","Lapatinib","pearson_corr","DirectPred_finetuned",0.56985496838123,"With Fine Tuning"
"2181","Lapatinib","pearson_corr","DirectPred_finetuned",0.558659149936059,"With Fine Tuning"
"2182","Lapatinib","pearson_corr","DirectPred_finetuned",0.511379066372488,"With Fine Tuning"
"2183","Lapatinib","pearson_corr","DirectPred_finetuned",0.491530756737541,"With Fine Tuning"
"2184","Lapatinib","pearson_corr","DirectPred_finetuned",0.557647873143793,"With Fine Tuning"
"2185","Lapatinib","pearson_corr","DirectPred_finetuned",0.544981014084884,"With Fine Tuning"
"2186","Lapatinib","pearson_corr","DirectPred_finetuned",0.556904478045641,"With Fine Tuning"
"2187","Lapatinib","pearson_corr","DirectPred_finetuned",0.645348081401289,"With Fine Tuning"
"2188","Lapatinib","pearson_corr","DirectPred_finetuned",0.471142740513215,"With Fine Tuning"
"2189","Lapatinib","pearson_corr","DirectPred_finetuned",0.553179666478296,"With Fine Tuning"
"2190","Lapatinib","pearson_corr","DirectPred_finetuned",0.460403930224838,"With Fine Tuning"
"2191","Lapatinib","pearson_corr","DirectPred_finetuned",0.543669581864176,"With Fine Tuning"
"2192","Lapatinib","pearson_corr","DirectPred_finetuned",0.429431248199386,"With Fine Tuning"
"2193","Lapatinib","pearson_corr","DirectPred_finetuned",0.56283470394089,"With Fine Tuning"
"2194","Lapatinib","pearson_corr","DirectPred_finetuned",0.470727828722182,"With Fine Tuning"
"2195","Lapatinib","pearson_corr","DirectPred_finetuned",0.428283232076116,"With Fine Tuning"
"2196","Lapatinib","pearson_corr","DirectPred_finetuned",0.55919634196674,"With Fine Tuning"
"2197","Lapatinib","pearson_corr","DirectPred_finetuned",0.632456473997825,"With Fine Tuning"
"2198","Lapatinib","pearson_corr","DirectPred_finetuned",0.476342880135924,"With Fine Tuning"
"2199","Lapatinib","pearson_corr","DirectPred_finetuned",0.450057615930198,"With Fine Tuning"
"2200","Lapatinib","pearson_corr","DirectPred_finetuned",0.500981156446377,"With Fine Tuning"
"2201","Lapatinib","pearson_corr","DirectPred",0.617401307359328,"No Fine Tuning"
"2202","Lapatinib","pearson_corr","DirectPred",0.686935771959014,"No Fine Tuning"
"2203","Lapatinib","pearson_corr","DirectPred",0.656399947771469,"No Fine Tuning"
"2204","Lapatinib","pearson_corr","DirectPred",0.613388532057022,"No Fine Tuning"
"2205","Lapatinib","pearson_corr","DirectPred",0.565803428663722,"No Fine Tuning"
"2206","Lapatinib","pearson_corr","DirectPred",0.696912185927979,"No Fine Tuning"
"2207","Lapatinib","pearson_corr","DirectPred",0.677889015559478,"No Fine Tuning"
"2208","Lapatinib","pearson_corr","DirectPred",0.653938131094373,"No Fine Tuning"
"2209","Lapatinib","pearson_corr","DirectPred",0.587976136592947,"No Fine Tuning"
"2210","Lapatinib","pearson_corr","DirectPred",0.578148834743005,"No Fine Tuning"
"2211","Lapatinib","pearson_corr","DirectPred",0.53291079800229,"No Fine Tuning"
"2212","Lapatinib","pearson_corr","DirectPred",0.648011942944241,"No Fine Tuning"
"2213","Lapatinib","pearson_corr","DirectPred",0.607307198509169,"No Fine Tuning"
"2214","Lapatinib","pearson_corr","DirectPred",0.603084864463125,"No Fine Tuning"
"2215","Lapatinib","pearson_corr","DirectPred",0.523006323609053,"No Fine Tuning"
"2216","Lapatinib","pearson_corr","DirectPred",0.61534106441455,"No Fine Tuning"
"2217","Lapatinib","pearson_corr","DirectPred",0.743117649659055,"No Fine Tuning"
"2218","Lapatinib","pearson_corr","DirectPred",0.588082196524314,"No Fine Tuning"
"2219","Lapatinib","pearson_corr","DirectPred",0.480525022987286,"No Fine Tuning"
"2220","Lapatinib","pearson_corr","DirectPred",0.639082060792544,"No Fine Tuning"
"2221","Lapatinib","pearson_corr","DirectPred",0.679563965254991,"No Fine Tuning"
"2222","Lapatinib","pearson_corr","DirectPred",0.6444447977994,"No Fine Tuning"
"2223","Lapatinib","pearson_corr","DirectPred",0.672106986071854,"No Fine Tuning"
"2224","Lapatinib","pearson_corr","DirectPred",0.634027444896663,"No Fine Tuning"
"2225","Lapatinib","pearson_corr","DirectPred",0.532240731545337,"No Fine Tuning"
"2226","Lapatinib","pearson_corr","DirectPred",0.648288506714821,"No Fine Tuning"
"2227","Lapatinib","pearson_corr","DirectPred",0.699338479767801,"No Fine Tuning"
"2228","Lapatinib","pearson_corr","DirectPred",0.496703613387815,"No Fine Tuning"
"2229","Lapatinib","pearson_corr","DirectPred",0.627458289310241,"No Fine Tuning"
"2230","Lapatinib","pearson_corr","DirectPred",0.531087362203062,"No Fine Tuning"
"2231","Lapatinib","pearson_corr","DirectPred",0.600927762268152,"No Fine Tuning"
"2232","Lapatinib","pearson_corr","DirectPred",0.668642907256955,"No Fine Tuning"
"2233","Lapatinib","pearson_corr","DirectPred",0.503927943776597,"No Fine Tuning"
"2234","Lapatinib","pearson_corr","DirectPred",0.48375412418479,"No Fine Tuning"
"2235","Lapatinib","pearson_corr","DirectPred",0.567711795506944,"No Fine Tuning"
"2236","Lapatinib","pearson_corr","DirectPred",0.462603897034473,"No Fine Tuning"
"2237","Lapatinib","pearson_corr","DirectPred",0.726949141121567,"No Fine Tuning"
"2238","Lapatinib","pearson_corr","DirectPred",0.620624815106856,"No Fine Tuning"
"2239","Lapatinib","pearson_corr","DirectPred",0.619481036845925,"No Fine Tuning"
"2240","Lapatinib","pearson_corr","DirectPred",0.672142452511706,"No Fine Tuning"
"2241","Lapatinib","pearson_corr","DirectPred",0.626132015109298,"No Fine Tuning"
"2242","Lapatinib","pearson_corr","DirectPred",0.619564203478248,"No Fine Tuning"
"2243","Lapatinib","pearson_corr","DirectPred",0.625724545139761,"No Fine Tuning"
"2244","Lapatinib","pearson_corr","DirectPred",0.586724680060008,"No Fine Tuning"
"2245","Lapatinib","pearson_corr","DirectPred",0.527807923548993,"No Fine Tuning"
"2246","Lapatinib","pearson_corr","DirectPred",0.624930602586954,"No Fine Tuning"
"2247","Lapatinib","pearson_corr","DirectPred",0.647546934161849,"No Fine Tuning"
"2248","Lapatinib","pearson_corr","DirectPred",0.643049980912546,"No Fine Tuning"
"2249","Lapatinib","pearson_corr","DirectPred",0.660014487962852,"No Fine Tuning"
"2250","Lapatinib","pearson_corr","DirectPred",0.475350717126655,"No Fine Tuning"
"2251","Lapatinib","pearson_corr","DirectPred",0.552396322363015,"No Fine Tuning"
"2252","Lapatinib","pearson_corr","DirectPred",0.679595125612797,"No Fine Tuning"
"2253","Lapatinib","pearson_corr","DirectPred",0.510927379678215,"No Fine Tuning"
"2254","Lapatinib","pearson_corr","DirectPred",0.553721564436686,"No Fine Tuning"
"2255","Lapatinib","pearson_corr","DirectPred",0.603737320062068,"No Fine Tuning"
"2256","Lapatinib","pearson_corr","DirectPred",0.566418839978755,"No Fine Tuning"
"2257","Lapatinib","pearson_corr","DirectPred",0.633062885948545,"No Fine Tuning"
"2258","Lapatinib","pearson_corr","DirectPred",0.682509862868733,"No Fine Tuning"
"2259","Lapatinib","pearson_corr","DirectPred",0.614241362864184,"No Fine Tuning"
"2260","Lapatinib","pearson_corr","DirectPred",0.625957321458414,"No Fine Tuning"
"2261","Lapatinib","pearson_corr","DirectPred",0.747011246399998,"No Fine Tuning"
"2262","Lapatinib","pearson_corr","DirectPred",0.575018592869217,"No Fine Tuning"
"2263","Lapatinib","pearson_corr","DirectPred",0.594205833040047,"No Fine Tuning"
"2264","Lapatinib","pearson_corr","DirectPred",0.702895594802969,"No Fine Tuning"
"2265","Lapatinib","pearson_corr","DirectPred",0.593487425857786,"No Fine Tuning"
"2266","Lapatinib","pearson_corr","DirectPred",0.662865965783823,"No Fine Tuning"
"2267","Lapatinib","pearson_corr","DirectPred",0.588590831220371,"No Fine Tuning"
"2268","Lapatinib","pearson_corr","DirectPred",0.515410415010816,"No Fine Tuning"
"2269","Lapatinib","pearson_corr","DirectPred",0.561541147257303,"No Fine Tuning"
"2270","Lapatinib","pearson_corr","DirectPred",0.671109705717002,"No Fine Tuning"
"2271","Lapatinib","pearson_corr","DirectPred",0.654220369931801,"No Fine Tuning"
"2272","Lapatinib","pearson_corr","DirectPred",0.634287602589474,"No Fine Tuning"
"2273","Lapatinib","pearson_corr","DirectPred",0.651823592827747,"No Fine Tuning"
"2274","Lapatinib","pearson_corr","DirectPred",0.618008938597402,"No Fine Tuning"
"2275","Lapatinib","pearson_corr","DirectPred",0.625719151528423,"No Fine Tuning"
"2276","Lapatinib","pearson_corr","DirectPred",0.690290894307678,"No Fine Tuning"
"2277","Lapatinib","pearson_corr","DirectPred",0.655548803499785,"No Fine Tuning"
"2278","Lapatinib","pearson_corr","DirectPred",0.654130897348356,"No Fine Tuning"
"2279","Lapatinib","pearson_corr","DirectPred",0.668593275832252,"No Fine Tuning"
"2280","Lapatinib","pearson_corr","DirectPred",0.576474231885811,"No Fine Tuning"
"2281","Lapatinib","pearson_corr","DirectPred",0.625662700417416,"No Fine Tuning"
"2282","Lapatinib","pearson_corr","DirectPred",0.525136009302032,"No Fine Tuning"
"2283","Lapatinib","pearson_corr","DirectPred",0.618816844119807,"No Fine Tuning"
"2284","Lapatinib","pearson_corr","DirectPred",0.640528534202031,"No Fine Tuning"
"2285","Lapatinib","pearson_corr","DirectPred",0.619035065491992,"No Fine Tuning"
"2286","Lapatinib","pearson_corr","DirectPred",0.636533712669768,"No Fine Tuning"
"2287","Lapatinib","pearson_corr","DirectPred",0.688832264754219,"No Fine Tuning"
"2288","Lapatinib","pearson_corr","DirectPred",0.549509623881858,"No Fine Tuning"
"2289","Lapatinib","pearson_corr","DirectPred",0.611183531861571,"No Fine Tuning"
"2290","Lapatinib","pearson_corr","DirectPred",0.526288221312426,"No Fine Tuning"
"2291","Lapatinib","pearson_corr","DirectPred",0.574844803028226,"No Fine Tuning"
"2292","Lapatinib","pearson_corr","DirectPred",0.479241584627115,"No Fine Tuning"
"2293","Lapatinib","pearson_corr","DirectPred",0.631538190725864,"No Fine Tuning"
"2294","Lapatinib","pearson_corr","DirectPred",0.51573159908311,"No Fine Tuning"
"2295","Lapatinib","pearson_corr","DirectPred",0.540386670371835,"No Fine Tuning"
"2296","Lapatinib","pearson_corr","DirectPred",0.596361805597299,"No Fine Tuning"
"2297","Lapatinib","pearson_corr","DirectPred",0.700662706316284,"No Fine Tuning"
"2298","Lapatinib","pearson_corr","DirectPred",0.529733511930808,"No Fine Tuning"
"2299","Lapatinib","pearson_corr","DirectPred",0.583158434965235,"No Fine Tuning"
"2300","Lapatinib","pearson_corr","DirectPred",0.600716453985571,"No Fine Tuning"
"2301","Lapatinib","pearson_corr","GNN",0.577456834191683,"No Fine Tuning"
"2302","Lapatinib","pearson_corr","GNN",0.585075005562106,"No Fine Tuning"
"2303","Lapatinib","pearson_corr","GNN",0.553127449179671,"No Fine Tuning"
"2304","Lapatinib","pearson_corr","GNN",0.515998547283935,"No Fine Tuning"
"2305","Lapatinib","pearson_corr","GNN",0.551740665176789,"No Fine Tuning"
"2306","Lapatinib","pearson_corr","GNN",0.619382223199893,"No Fine Tuning"
"2307","Lapatinib","pearson_corr","GNN",0.582668809635684,"No Fine Tuning"
"2308","Lapatinib","pearson_corr","GNN",0.591462637993474,"No Fine Tuning"
"2309","Lapatinib","pearson_corr","GNN",0.508445526224365,"No Fine Tuning"
"2310","Lapatinib","pearson_corr","GNN",0.506842140916143,"No Fine Tuning"
"2311","Lapatinib","pearson_corr","GNN",0.458094749457012,"No Fine Tuning"
"2312","Lapatinib","pearson_corr","GNN",0.556503529871407,"No Fine Tuning"
"2313","Lapatinib","pearson_corr","GNN",0.584484945742169,"No Fine Tuning"
"2314","Lapatinib","pearson_corr","GNN",0.539388290606475,"No Fine Tuning"
"2315","Lapatinib","pearson_corr","GNN",0.427393385378841,"No Fine Tuning"
"2316","Lapatinib","pearson_corr","GNN",0.539235997136531,"No Fine Tuning"
"2317","Lapatinib","pearson_corr","GNN",0.695824805776676,"No Fine Tuning"
"2318","Lapatinib","pearson_corr","GNN",0.489740390516909,"No Fine Tuning"
"2319","Lapatinib","pearson_corr","GNN",0.477254899205991,"No Fine Tuning"
"2320","Lapatinib","pearson_corr","GNN",0.544674840555167,"No Fine Tuning"
"2321","Lapatinib","pearson_corr","GNN",0.62828365679701,"No Fine Tuning"
"2322","Lapatinib","pearson_corr","GNN",0.571427321860336,"No Fine Tuning"
"2323","Lapatinib","pearson_corr","GNN",0.598590161282353,"No Fine Tuning"
"2324","Lapatinib","pearson_corr","GNN",0.515532663239383,"No Fine Tuning"
"2325","Lapatinib","pearson_corr","GNN",0.460113467582595,"No Fine Tuning"
"2326","Lapatinib","pearson_corr","GNN",0.566272343888966,"No Fine Tuning"
"2327","Lapatinib","pearson_corr","GNN",0.616425094472879,"No Fine Tuning"
"2328","Lapatinib","pearson_corr","GNN",0.448507695008152,"No Fine Tuning"
"2329","Lapatinib","pearson_corr","GNN",0.540681283898021,"No Fine Tuning"
"2330","Lapatinib","pearson_corr","GNN",0.509380853473075,"No Fine Tuning"
"2331","Lapatinib","pearson_corr","GNN",0.528250217846269,"No Fine Tuning"
"2332","Lapatinib","pearson_corr","GNN",0.629404541703052,"No Fine Tuning"
"2333","Lapatinib","pearson_corr","GNN",0.482479262115391,"No Fine Tuning"
"2334","Lapatinib","pearson_corr","GNN",0.463500137041082,"No Fine Tuning"
"2335","Lapatinib","pearson_corr","GNN",0.521666790375799,"No Fine Tuning"
"2336","Lapatinib","pearson_corr","GNN",0.468518515375437,"No Fine Tuning"
"2337","Lapatinib","pearson_corr","GNN",0.594334946238599,"No Fine Tuning"
"2338","Lapatinib","pearson_corr","GNN",0.582375776268938,"No Fine Tuning"
"2339","Lapatinib","pearson_corr","GNN",0.531818774665237,"No Fine Tuning"
"2340","Lapatinib","pearson_corr","GNN",0.594518336974418,"No Fine Tuning"
"2341","Lapatinib","pearson_corr","GNN",0.515063681582277,"No Fine Tuning"
"2342","Lapatinib","pearson_corr","GNN",0.501176018819754,"No Fine Tuning"
"2343","Lapatinib","pearson_corr","GNN",0.570000694540466,"No Fine Tuning"
"2344","Lapatinib","pearson_corr","GNN",0.515600774611513,"No Fine Tuning"
"2345","Lapatinib","pearson_corr","GNN",0.433455985556829,"No Fine Tuning"
"2346","Lapatinib","pearson_corr","GNN",0.553564720462366,"No Fine Tuning"
"2347","Lapatinib","pearson_corr","GNN",0.60891708973633,"No Fine Tuning"
"2348","Lapatinib","pearson_corr","GNN",0.609611883375263,"No Fine Tuning"
"2349","Lapatinib","pearson_corr","GNN",0.58990857190735,"No Fine Tuning"
"2350","Lapatinib","pearson_corr","GNN",0.469126816818381,"No Fine Tuning"
"2351","Lapatinib","pearson_corr","GNN",0.488085133180538,"No Fine Tuning"
"2352","Lapatinib","pearson_corr","GNN",0.609659435750168,"No Fine Tuning"
"2353","Lapatinib","pearson_corr","GNN",0.454323077846142,"No Fine Tuning"
"2354","Lapatinib","pearson_corr","GNN",0.477501994767646,"No Fine Tuning"
"2355","Lapatinib","pearson_corr","GNN",0.508156928444253,"No Fine Tuning"
"2356","Lapatinib","pearson_corr","GNN",0.526684627468792,"No Fine Tuning"
"2357","Lapatinib","pearson_corr","GNN",0.541231759730691,"No Fine Tuning"
"2358","Lapatinib","pearson_corr","GNN",0.600599264770782,"No Fine Tuning"
"2359","Lapatinib","pearson_corr","GNN",0.520875928283245,"No Fine Tuning"
"2360","Lapatinib","pearson_corr","GNN",0.567973431856265,"No Fine Tuning"
"2361","Lapatinib","pearson_corr","GNN",0.640386959548125,"No Fine Tuning"
"2362","Lapatinib","pearson_corr","GNN",0.482389678926705,"No Fine Tuning"
"2363","Lapatinib","pearson_corr","GNN",0.478522416321073,"No Fine Tuning"
"2364","Lapatinib","pearson_corr","GNN",0.648680463576779,"No Fine Tuning"
"2365","Lapatinib","pearson_corr","GNN",0.508760305172626,"No Fine Tuning"
"2366","Lapatinib","pearson_corr","GNN",0.545511180359905,"No Fine Tuning"
"2367","Lapatinib","pearson_corr","GNN",0.559064097737646,"No Fine Tuning"
"2368","Lapatinib","pearson_corr","GNN",0.413493494440239,"No Fine Tuning"
"2369","Lapatinib","pearson_corr","GNN",0.482849658598249,"No Fine Tuning"
"2370","Lapatinib","pearson_corr","GNN",0.615454359074257,"No Fine Tuning"
"2371","Lapatinib","pearson_corr","GNN",0.553269557809684,"No Fine Tuning"
"2372","Lapatinib","pearson_corr","GNN",0.57928450859015,"No Fine Tuning"
"2373","Lapatinib","pearson_corr","GNN",0.602140083259546,"No Fine Tuning"
"2374","Lapatinib","pearson_corr","GNN",0.534640286670451,"No Fine Tuning"
"2375","Lapatinib","pearson_corr","GNN",0.56565715376995,"No Fine Tuning"
"2376","Lapatinib","pearson_corr","GNN",0.571797707879139,"No Fine Tuning"
"2377","Lapatinib","pearson_corr","GNN",0.522039309904745,"No Fine Tuning"
"2378","Lapatinib","pearson_corr","GNN",0.583409862250648,"No Fine Tuning"
"2379","Lapatinib","pearson_corr","GNN",0.608524180372496,"No Fine Tuning"
"2380","Lapatinib","pearson_corr","GNN",0.540009363058237,"No Fine Tuning"
"2381","Lapatinib","pearson_corr","GNN",0.544976530386152,"No Fine Tuning"
"2382","Lapatinib","pearson_corr","GNN",0.426644343031622,"No Fine Tuning"
"2383","Lapatinib","pearson_corr","GNN",0.524117322785281,"No Fine Tuning"
"2384","Lapatinib","pearson_corr","GNN",0.570143380973844,"No Fine Tuning"
"2385","Lapatinib","pearson_corr","GNN",0.515043579984341,"No Fine Tuning"
"2386","Lapatinib","pearson_corr","GNN",0.587039945413506,"No Fine Tuning"
"2387","Lapatinib","pearson_corr","GNN",0.627229980114676,"No Fine Tuning"
"2388","Lapatinib","pearson_corr","GNN",0.469983393765679,"No Fine Tuning"
"2389","Lapatinib","pearson_corr","GNN",0.529091571543766,"No Fine Tuning"
"2390","Lapatinib","pearson_corr","GNN",0.469460382620638,"No Fine Tuning"
"2391","Lapatinib","pearson_corr","GNN",0.535264613620584,"No Fine Tuning"
"2392","Lapatinib","pearson_corr","GNN",0.474888346142671,"No Fine Tuning"
"2393","Lapatinib","pearson_corr","GNN",0.613964540094643,"No Fine Tuning"
"2394","Lapatinib","pearson_corr","GNN",0.467211169656131,"No Fine Tuning"
"2395","Lapatinib","pearson_corr","GNN",0.518673585997241,"No Fine Tuning"
"2396","Lapatinib","pearson_corr","GNN",0.493589948878388,"No Fine Tuning"
"2397","Lapatinib","pearson_corr","GNN",0.610896023787538,"No Fine Tuning"
"2398","Lapatinib","pearson_corr","GNN",0.467271305575876,"No Fine Tuning"
"2399","Lapatinib","pearson_corr","GNN",0.515562961688742,"No Fine Tuning"
"2400","Lapatinib","pearson_corr","GNN",0.522511523153884,"No Fine Tuning"
"2401","Lapatinib","pearson_corr","RandomForest",0.562834171939578,"No Fine Tuning"
"2402","Lapatinib","pearson_corr","RandomForest",0.590890968087055,"No Fine Tuning"
"2403","Lapatinib","pearson_corr","RandomForest",0.523548872786265,"No Fine Tuning"
"2404","Lapatinib","pearson_corr","RandomForest",0.512567200653679,"No Fine Tuning"
"2405","Lapatinib","pearson_corr","RandomForest",0.513812948673478,"No Fine Tuning"
"2406","Lapatinib","pearson_corr","RandomForest",0.606386913096255,"No Fine Tuning"
"2407","Lapatinib","pearson_corr","RandomForest",0.578682522583278,"No Fine Tuning"
"2408","Lapatinib","pearson_corr","RandomForest",0.596832364857622,"No Fine Tuning"
"2409","Lapatinib","pearson_corr","RandomForest",0.495021609839165,"No Fine Tuning"
"2410","Lapatinib","pearson_corr","RandomForest",0.530736413304563,"No Fine Tuning"
"2411","Lapatinib","pearson_corr","RandomForest",0.428856819743163,"No Fine Tuning"
"2412","Lapatinib","pearson_corr","RandomForest",0.557472349367271,"No Fine Tuning"
"2413","Lapatinib","pearson_corr","RandomForest",0.526772122929333,"No Fine Tuning"
"2414","Lapatinib","pearson_corr","RandomForest",0.542238214931072,"No Fine Tuning"
"2415","Lapatinib","pearson_corr","RandomForest",0.41451846062919,"No Fine Tuning"
"2416","Lapatinib","pearson_corr","RandomForest",0.493637990970963,"No Fine Tuning"
"2417","Lapatinib","pearson_corr","RandomForest",0.620516532656901,"No Fine Tuning"
"2418","Lapatinib","pearson_corr","RandomForest",0.572287565171283,"No Fine Tuning"
"2419","Lapatinib","pearson_corr","RandomForest",0.452811102245862,"No Fine Tuning"
"2420","Lapatinib","pearson_corr","RandomForest",0.569803524324494,"No Fine Tuning"
"2421","Lapatinib","pearson_corr","RandomForest",0.575659254995579,"No Fine Tuning"
"2422","Lapatinib","pearson_corr","RandomForest",0.618186734932498,"No Fine Tuning"
"2423","Lapatinib","pearson_corr","RandomForest",0.594341197209971,"No Fine Tuning"
"2424","Lapatinib","pearson_corr","RandomForest",0.585358490349747,"No Fine Tuning"
"2425","Lapatinib","pearson_corr","RandomForest",0.480817042817502,"No Fine Tuning"
"2426","Lapatinib","pearson_corr","RandomForest",0.55855046184533,"No Fine Tuning"
"2427","Lapatinib","pearson_corr","RandomForest",0.603339269414732,"No Fine Tuning"
"2428","Lapatinib","pearson_corr","RandomForest",0.401491735827801,"No Fine Tuning"
"2429","Lapatinib","pearson_corr","RandomForest",0.560710348555785,"No Fine Tuning"
"2430","Lapatinib","pearson_corr","RandomForest",0.42714224122724,"No Fine Tuning"
"2431","Lapatinib","pearson_corr","RandomForest",0.450637134619898,"No Fine Tuning"
"2432","Lapatinib","pearson_corr","RandomForest",0.579442403209416,"No Fine Tuning"
"2433","Lapatinib","pearson_corr","RandomForest",0.465222980231973,"No Fine Tuning"
"2434","Lapatinib","pearson_corr","RandomForest",0.430557507010236,"No Fine Tuning"
"2435","Lapatinib","pearson_corr","RandomForest",0.502656621793772,"No Fine Tuning"
"2436","Lapatinib","pearson_corr","RandomForest",0.423832674607702,"No Fine Tuning"
"2437","Lapatinib","pearson_corr","RandomForest",0.643649093461753,"No Fine Tuning"
"2438","Lapatinib","pearson_corr","RandomForest",0.564983524709097,"No Fine Tuning"
"2439","Lapatinib","pearson_corr","RandomForest",0.488530540183857,"No Fine Tuning"
"2440","Lapatinib","pearson_corr","RandomForest",0.613514361297469,"No Fine Tuning"
"2441","Lapatinib","pearson_corr","RandomForest",0.540538212214549,"No Fine Tuning"
"2442","Lapatinib","pearson_corr","RandomForest",0.543670911819115,"No Fine Tuning"
"2443","Lapatinib","pearson_corr","RandomForest",0.568012560220724,"No Fine Tuning"
"2444","Lapatinib","pearson_corr","RandomForest",0.493359109329378,"No Fine Tuning"
"2445","Lapatinib","pearson_corr","RandomForest",0.411634664389312,"No Fine Tuning"
"2446","Lapatinib","pearson_corr","RandomForest",0.57132918992344,"No Fine Tuning"
"2447","Lapatinib","pearson_corr","RandomForest",0.583957493029757,"No Fine Tuning"
"2448","Lapatinib","pearson_corr","RandomForest",0.567165698938236,"No Fine Tuning"
"2449","Lapatinib","pearson_corr","RandomForest",0.579563146658467,"No Fine Tuning"
"2450","Lapatinib","pearson_corr","RandomForest",0.379328676130922,"No Fine Tuning"
"2451","Lapatinib","pearson_corr","RandomForest",0.476657790791095,"No Fine Tuning"
"2452","Lapatinib","pearson_corr","RandomForest",0.583250015804537,"No Fine Tuning"
"2453","Lapatinib","pearson_corr","RandomForest",0.487657067906837,"No Fine Tuning"
"2454","Lapatinib","pearson_corr","RandomForest",0.475810937615669,"No Fine Tuning"
"2455","Lapatinib","pearson_corr","RandomForest",0.548459044252611,"No Fine Tuning"
"2456","Lapatinib","pearson_corr","RandomForest",0.475947431276128,"No Fine Tuning"
"2457","Lapatinib","pearson_corr","RandomForest",0.561465371680082,"No Fine Tuning"
"2458","Lapatinib","pearson_corr","RandomForest",0.590814752661216,"No Fine Tuning"
"2459","Lapatinib","pearson_corr","RandomForest",0.528603752574691,"No Fine Tuning"
"2460","Lapatinib","pearson_corr","RandomForest",0.494199820226769,"No Fine Tuning"
"2461","Lapatinib","pearson_corr","RandomForest",0.658537076441733,"No Fine Tuning"
"2462","Lapatinib","pearson_corr","RandomForest",0.491045107213769,"No Fine Tuning"
"2463","Lapatinib","pearson_corr","RandomForest",0.491128755903558,"No Fine Tuning"
"2464","Lapatinib","pearson_corr","RandomForest",0.61742124115697,"No Fine Tuning"
"2465","Lapatinib","pearson_corr","RandomForest",0.50420355761665,"No Fine Tuning"
"2466","Lapatinib","pearson_corr","RandomForest",0.553171448219387,"No Fine Tuning"
"2467","Lapatinib","pearson_corr","RandomForest",0.534653432183152,"No Fine Tuning"
"2468","Lapatinib","pearson_corr","RandomForest",0.445040652912535,"No Fine Tuning"
"2469","Lapatinib","pearson_corr","RandomForest",0.484571036428759,"No Fine Tuning"
"2470","Lapatinib","pearson_corr","RandomForest",0.610409235503836,"No Fine Tuning"
"2471","Lapatinib","pearson_corr","RandomForest",0.59228398815932,"No Fine Tuning"
"2472","Lapatinib","pearson_corr","RandomForest",0.594153833471319,"No Fine Tuning"
"2473","Lapatinib","pearson_corr","RandomForest",0.580520315846562,"No Fine Tuning"
"2474","Lapatinib","pearson_corr","RandomForest",0.561154272294168,"No Fine Tuning"
"2475","Lapatinib","pearson_corr","RandomForest",0.534419567372865,"No Fine Tuning"
"2476","Lapatinib","pearson_corr","RandomForest",0.59206317846779,"No Fine Tuning"
"2477","Lapatinib","pearson_corr","RandomForest",0.579963195838099,"No Fine Tuning"
"2478","Lapatinib","pearson_corr","RandomForest",0.59698797993078,"No Fine Tuning"
"2479","Lapatinib","pearson_corr","RandomForest",0.588712250563833,"No Fine Tuning"
"2480","Lapatinib","pearson_corr","RandomForest",0.501702943631458,"No Fine Tuning"
"2481","Lapatinib","pearson_corr","RandomForest",0.541549953550906,"No Fine Tuning"
"2482","Lapatinib","pearson_corr","RandomForest",0.455112579834016,"No Fine Tuning"
"2483","Lapatinib","pearson_corr","RandomForest",0.496508475232601,"No Fine Tuning"
"2484","Lapatinib","pearson_corr","RandomForest",0.545276937520742,"No Fine Tuning"
"2485","Lapatinib","pearson_corr","RandomForest",0.582968111380157,"No Fine Tuning"
"2486","Lapatinib","pearson_corr","RandomForest",0.527919462498496,"No Fine Tuning"
"2487","Lapatinib","pearson_corr","RandomForest",0.558099353645587,"No Fine Tuning"
"2488","Lapatinib","pearson_corr","RandomForest",0.492575882715308,"No Fine Tuning"
"2489","Lapatinib","pearson_corr","RandomForest",0.581543288781723,"No Fine Tuning"
"2490","Lapatinib","pearson_corr","RandomForest",0.487405972804768,"No Fine Tuning"
"2491","Lapatinib","pearson_corr","RandomForest",0.486339092203533,"No Fine Tuning"
"2492","Lapatinib","pearson_corr","RandomForest",0.394550585979853,"No Fine Tuning"
"2493","Lapatinib","pearson_corr","RandomForest",0.605315692555495,"No Fine Tuning"
"2494","Lapatinib","pearson_corr","RandomForest",0.39169330715002,"No Fine Tuning"
"2495","Lapatinib","pearson_corr","RandomForest",0.501043711973681,"No Fine Tuning"
"2496","Lapatinib","pearson_corr","RandomForest",0.523456994596573,"No Fine Tuning"
"2497","Lapatinib","pearson_corr","RandomForest",0.629154807002874,"No Fine Tuning"
"2498","Lapatinib","pearson_corr","RandomForest",0.466819973640942,"No Fine Tuning"
"2499","Lapatinib","pearson_corr","RandomForest",0.473358652708065,"No Fine Tuning"
"2500","Lapatinib","pearson_corr","RandomForest",0.536815352231468,"No Fine Tuning"
"2501","Lapatinib","pearson_corr","SVM",0.487774267414162,"No Fine Tuning"
"2502","Lapatinib","pearson_corr","SVM",0.506257647497269,"No Fine Tuning"
"2503","Lapatinib","pearson_corr","SVM",0.469852504485069,"No Fine Tuning"
"2504","Lapatinib","pearson_corr","SVM",0.443360452845305,"No Fine Tuning"
"2505","Lapatinib","pearson_corr","SVM",0.463355946101327,"No Fine Tuning"
"2506","Lapatinib","pearson_corr","SVM",0.522779697916762,"No Fine Tuning"
"2507","Lapatinib","pearson_corr","SVM",0.537830249600868,"No Fine Tuning"
"2508","Lapatinib","pearson_corr","SVM",0.488772102000683,"No Fine Tuning"
"2509","Lapatinib","pearson_corr","SVM",0.397332418379188,"No Fine Tuning"
"2510","Lapatinib","pearson_corr","SVM",0.43499374182289,"No Fine Tuning"
"2511","Lapatinib","pearson_corr","SVM",0.314976854266339,"No Fine Tuning"
"2512","Lapatinib","pearson_corr","SVM",0.452500265846557,"No Fine Tuning"
"2513","Lapatinib","pearson_corr","SVM",0.486927993453242,"No Fine Tuning"
"2514","Lapatinib","pearson_corr","SVM",0.451682099955267,"No Fine Tuning"
"2515","Lapatinib","pearson_corr","SVM",0.342160784258528,"No Fine Tuning"
"2516","Lapatinib","pearson_corr","SVM",0.443037817415482,"No Fine Tuning"
"2517","Lapatinib","pearson_corr","SVM",0.595605029587483,"No Fine Tuning"
"2518","Lapatinib","pearson_corr","SVM",0.336051396069125,"No Fine Tuning"
"2519","Lapatinib","pearson_corr","SVM",0.354422455271631,"No Fine Tuning"
"2520","Lapatinib","pearson_corr","SVM",0.410639917176942,"No Fine Tuning"
"2521","Lapatinib","pearson_corr","SVM",0.539063341851094,"No Fine Tuning"
"2522","Lapatinib","pearson_corr","SVM",0.422455706460537,"No Fine Tuning"
"2523","Lapatinib","pearson_corr","SVM",0.479382353388055,"No Fine Tuning"
"2524","Lapatinib","pearson_corr","SVM",0.392118115457201,"No Fine Tuning"
"2525","Lapatinib","pearson_corr","SVM",0.346804377664034,"No Fine Tuning"
"2526","Lapatinib","pearson_corr","SVM",0.463889393447178,"No Fine Tuning"
"2527","Lapatinib","pearson_corr","SVM",0.549993291038762,"No Fine Tuning"
"2528","Lapatinib","pearson_corr","SVM",0.34335672174303,"No Fine Tuning"
"2529","Lapatinib","pearson_corr","SVM",0.420712617037438,"No Fine Tuning"
"2530","Lapatinib","pearson_corr","SVM",0.396812954452798,"No Fine Tuning"
"2531","Lapatinib","pearson_corr","SVM",0.432980708560424,"No Fine Tuning"
"2532","Lapatinib","pearson_corr","SVM",0.518634807702049,"No Fine Tuning"
"2533","Lapatinib","pearson_corr","SVM",0.363840037909315,"No Fine Tuning"
"2534","Lapatinib","pearson_corr","SVM",0.398723089807399,"No Fine Tuning"
"2535","Lapatinib","pearson_corr","SVM",0.358241273010158,"No Fine Tuning"
"2536","Lapatinib","pearson_corr","SVM",0.351919763050077,"No Fine Tuning"
"2537","Lapatinib","pearson_corr","SVM",0.514621279656549,"No Fine Tuning"
"2538","Lapatinib","pearson_corr","SVM",0.478185706380973,"No Fine Tuning"
"2539","Lapatinib","pearson_corr","SVM",0.451659705810367,"No Fine Tuning"
"2540","Lapatinib","pearson_corr","SVM",0.511849050390873,"No Fine Tuning"
"2541","Lapatinib","pearson_corr","SVM",0.395649147925029,"No Fine Tuning"
"2542","Lapatinib","pearson_corr","SVM",0.404252073184071,"No Fine Tuning"
"2543","Lapatinib","pearson_corr","SVM",0.45655791596332,"No Fine Tuning"
"2544","Lapatinib","pearson_corr","SVM",0.44937649177168,"No Fine Tuning"
"2545","Lapatinib","pearson_corr","SVM",0.301206457131315,"No Fine Tuning"
"2546","Lapatinib","pearson_corr","SVM",0.471136129854849,"No Fine Tuning"
"2547","Lapatinib","pearson_corr","SVM",0.493496570291794,"No Fine Tuning"
"2548","Lapatinib","pearson_corr","SVM",0.52913583089836,"No Fine Tuning"
"2549","Lapatinib","pearson_corr","SVM",0.546801095649482,"No Fine Tuning"
"2550","Lapatinib","pearson_corr","SVM",0.350742420161472,"No Fine Tuning"
"2551","Lapatinib","pearson_corr","SVM",0.375943667296691,"No Fine Tuning"
"2552","Lapatinib","pearson_corr","SVM",0.467453244956958,"No Fine Tuning"
"2553","Lapatinib","pearson_corr","SVM",0.35369560069198,"No Fine Tuning"
"2554","Lapatinib","pearson_corr","SVM",0.365946374565342,"No Fine Tuning"
"2555","Lapatinib","pearson_corr","SVM",0.423473772055887,"No Fine Tuning"
"2556","Lapatinib","pearson_corr","SVM",0.400200220779755,"No Fine Tuning"
"2557","Lapatinib","pearson_corr","SVM",0.475819017836356,"No Fine Tuning"
"2558","Lapatinib","pearson_corr","SVM",0.503320292741002,"No Fine Tuning"
"2559","Lapatinib","pearson_corr","SVM",0.37195923078452,"No Fine Tuning"
"2560","Lapatinib","pearson_corr","SVM",0.467816410670787,"No Fine Tuning"
"2561","Lapatinib","pearson_corr","SVM",0.590197038585206,"No Fine Tuning"
"2562","Lapatinib","pearson_corr","SVM",0.375709596073171,"No Fine Tuning"
"2563","Lapatinib","pearson_corr","SVM",0.377640806249169,"No Fine Tuning"
"2564","Lapatinib","pearson_corr","SVM",0.54651608944005,"No Fine Tuning"
"2565","Lapatinib","pearson_corr","SVM",0.400884696191827,"No Fine Tuning"
"2566","Lapatinib","pearson_corr","SVM",0.480309813088922,"No Fine Tuning"
"2567","Lapatinib","pearson_corr","SVM",0.450772081732298,"No Fine Tuning"
"2568","Lapatinib","pearson_corr","SVM",0.356751963971206,"No Fine Tuning"
"2569","Lapatinib","pearson_corr","SVM",0.390687998832095,"No Fine Tuning"
"2570","Lapatinib","pearson_corr","SVM",0.548113905424689,"No Fine Tuning"
"2571","Lapatinib","pearson_corr","SVM",0.41402678525264,"No Fine Tuning"
"2572","Lapatinib","pearson_corr","SVM",0.481177410088938,"No Fine Tuning"
"2573","Lapatinib","pearson_corr","SVM",0.499206753025318,"No Fine Tuning"
"2574","Lapatinib","pearson_corr","SVM",0.436914655445811,"No Fine Tuning"
"2575","Lapatinib","pearson_corr","SVM",0.470529373706207,"No Fine Tuning"
"2576","Lapatinib","pearson_corr","SVM",0.518609604686345,"No Fine Tuning"
"2577","Lapatinib","pearson_corr","SVM",0.440689806632237,"No Fine Tuning"
"2578","Lapatinib","pearson_corr","SVM",0.448663266190114,"No Fine Tuning"
"2579","Lapatinib","pearson_corr","SVM",0.506918442584045,"No Fine Tuning"
"2580","Lapatinib","pearson_corr","SVM",0.458312243969641,"No Fine Tuning"
"2581","Lapatinib","pearson_corr","SVM",0.443608688828487,"No Fine Tuning"
"2582","Lapatinib","pearson_corr","SVM",0.328553270873699,"No Fine Tuning"
"2583","Lapatinib","pearson_corr","SVM",0.45445433633737,"No Fine Tuning"
"2584","Lapatinib","pearson_corr","SVM",0.480367563422882,"No Fine Tuning"
"2585","Lapatinib","pearson_corr","SVM",0.394509401229536,"No Fine Tuning"
"2586","Lapatinib","pearson_corr","SVM",0.49193622014264,"No Fine Tuning"
"2587","Lapatinib","pearson_corr","SVM",0.54640855132333,"No Fine Tuning"
"2588","Lapatinib","pearson_corr","SVM",0.428671463371726,"No Fine Tuning"
"2589","Lapatinib","pearson_corr","SVM",0.452970718319323,"No Fine Tuning"
"2590","Lapatinib","pearson_corr","SVM",0.381380292426968,"No Fine Tuning"
"2591","Lapatinib","pearson_corr","SVM",0.359303829240684,"No Fine Tuning"
"2592","Lapatinib","pearson_corr","SVM",0.354370960277647,"No Fine Tuning"
"2593","Lapatinib","pearson_corr","SVM",0.52042328075527,"No Fine Tuning"
"2594","Lapatinib","pearson_corr","SVM",0.333814556438685,"No Fine Tuning"
"2595","Lapatinib","pearson_corr","SVM",0.402600162728188,"No Fine Tuning"
"2596","Lapatinib","pearson_corr","SVM",0.351126608393098,"No Fine Tuning"
"2597","Lapatinib","pearson_corr","SVM",0.521579272985357,"No Fine Tuning"
"2598","Lapatinib","pearson_corr","SVM",0.375395854580841,"No Fine Tuning"
"2599","Lapatinib","pearson_corr","SVM",0.407532808018406,"No Fine Tuning"
"2600","Lapatinib","pearson_corr","SVM",0.433200641429786,"No Fine Tuning"
"2601","Lapatinib","pearson_corr","XGBoost",0.56139790064096,"No Fine Tuning"
"2602","Lapatinib","pearson_corr","XGBoost",0.565016501324006,"No Fine Tuning"
"2603","Lapatinib","pearson_corr","XGBoost",0.557238790205478,"No Fine Tuning"
"2604","Lapatinib","pearson_corr","XGBoost",0.489836925218878,"No Fine Tuning"
"2605","Lapatinib","pearson_corr","XGBoost",0.459066468363639,"No Fine Tuning"
"2606","Lapatinib","pearson_corr","XGBoost",0.585376924833442,"No Fine Tuning"
"2607","Lapatinib","pearson_corr","XGBoost",0.502029346247141,"No Fine Tuning"
"2608","Lapatinib","pearson_corr","XGBoost",0.574421999135027,"No Fine Tuning"
"2609","Lapatinib","pearson_corr","XGBoost",0.465585489794137,"No Fine Tuning"
"2610","Lapatinib","pearson_corr","XGBoost",0.514535204069197,"No Fine Tuning"
"2611","Lapatinib","pearson_corr","XGBoost",0.434979283503535,"No Fine Tuning"
"2612","Lapatinib","pearson_corr","XGBoost",0.567386815060519,"No Fine Tuning"
"2613","Lapatinib","pearson_corr","XGBoost",0.511247719752292,"No Fine Tuning"
"2614","Lapatinib","pearson_corr","XGBoost",0.517036847622814,"No Fine Tuning"
"2615","Lapatinib","pearson_corr","XGBoost",0.440591084863015,"No Fine Tuning"
"2616","Lapatinib","pearson_corr","XGBoost",0.440888228290442,"No Fine Tuning"
"2617","Lapatinib","pearson_corr","XGBoost",0.619012596037648,"No Fine Tuning"
"2618","Lapatinib","pearson_corr","XGBoost",0.557272806986684,"No Fine Tuning"
"2619","Lapatinib","pearson_corr","XGBoost",0.434994873238202,"No Fine Tuning"
"2620","Lapatinib","pearson_corr","XGBoost",0.601204463552625,"No Fine Tuning"
"2621","Lapatinib","pearson_corr","XGBoost",0.597753647120385,"No Fine Tuning"
"2622","Lapatinib","pearson_corr","XGBoost",0.637417107061089,"No Fine Tuning"
"2623","Lapatinib","pearson_corr","XGBoost",0.574594678159637,"No Fine Tuning"
"2624","Lapatinib","pearson_corr","XGBoost",0.564833559079054,"No Fine Tuning"
"2625","Lapatinib","pearson_corr","XGBoost",0.526520928709056,"No Fine Tuning"
"2626","Lapatinib","pearson_corr","XGBoost",0.560762400413365,"No Fine Tuning"
"2627","Lapatinib","pearson_corr","XGBoost",0.563908755128005,"No Fine Tuning"
"2628","Lapatinib","pearson_corr","XGBoost",0.443135598143315,"No Fine Tuning"
"2629","Lapatinib","pearson_corr","XGBoost",0.544600234462799,"No Fine Tuning"
"2630","Lapatinib","pearson_corr","XGBoost",0.334547752923612,"No Fine Tuning"
"2631","Lapatinib","pearson_corr","XGBoost",0.417950732362976,"No Fine Tuning"
"2632","Lapatinib","pearson_corr","XGBoost",0.572943786968641,"No Fine Tuning"
"2633","Lapatinib","pearson_corr","XGBoost",0.493587577540452,"No Fine Tuning"
"2634","Lapatinib","pearson_corr","XGBoost",0.393881716755663,"No Fine Tuning"
"2635","Lapatinib","pearson_corr","XGBoost",0.499984651168271,"No Fine Tuning"
"2636","Lapatinib","pearson_corr","XGBoost",0.385408743159882,"No Fine Tuning"
"2637","Lapatinib","pearson_corr","XGBoost",0.624649559689668,"No Fine Tuning"
"2638","Lapatinib","pearson_corr","XGBoost",0.55776079702673,"No Fine Tuning"
"2639","Lapatinib","pearson_corr","XGBoost",0.472752276998271,"No Fine Tuning"
"2640","Lapatinib","pearson_corr","XGBoost",0.60236351294737,"No Fine Tuning"
"2641","Lapatinib","pearson_corr","XGBoost",0.532129990623451,"No Fine Tuning"
"2642","Lapatinib","pearson_corr","XGBoost",0.57469274871543,"No Fine Tuning"
"2643","Lapatinib","pearson_corr","XGBoost",0.538496393305762,"No Fine Tuning"
"2644","Lapatinib","pearson_corr","XGBoost",0.432813505641213,"No Fine Tuning"
"2645","Lapatinib","pearson_corr","XGBoost",0.409449671755476,"No Fine Tuning"
"2646","Lapatinib","pearson_corr","XGBoost",0.536055560787161,"No Fine Tuning"
"2647","Lapatinib","pearson_corr","XGBoost",0.560222248429179,"No Fine Tuning"
"2648","Lapatinib","pearson_corr","XGBoost",0.508362822887399,"No Fine Tuning"
"2649","Lapatinib","pearson_corr","XGBoost",0.540883847893486,"No Fine Tuning"
"2650","Lapatinib","pearson_corr","XGBoost",0.410047702491758,"No Fine Tuning"
"2651","Lapatinib","pearson_corr","XGBoost",0.46378574597575,"No Fine Tuning"
"2652","Lapatinib","pearson_corr","XGBoost",0.577427183200287,"No Fine Tuning"
"2653","Lapatinib","pearson_corr","XGBoost",0.418644122959707,"No Fine Tuning"
"2654","Lapatinib","pearson_corr","XGBoost",0.487691876738875,"No Fine Tuning"
"2655","Lapatinib","pearson_corr","XGBoost",0.563632294990964,"No Fine Tuning"
"2656","Lapatinib","pearson_corr","XGBoost",0.47751653837204,"No Fine Tuning"
"2657","Lapatinib","pearson_corr","XGBoost",0.540749127405089,"No Fine Tuning"
"2658","Lapatinib","pearson_corr","XGBoost",0.585827191488165,"No Fine Tuning"
"2659","Lapatinib","pearson_corr","XGBoost",0.557265034967355,"No Fine Tuning"
"2660","Lapatinib","pearson_corr","XGBoost",0.453876881590659,"No Fine Tuning"
"2661","Lapatinib","pearson_corr","XGBoost",0.610711982193001,"No Fine Tuning"
"2662","Lapatinib","pearson_corr","XGBoost",0.521758316355703,"No Fine Tuning"
"2663","Lapatinib","pearson_corr","XGBoost",0.497791663232885,"No Fine Tuning"
"2664","Lapatinib","pearson_corr","XGBoost",0.581387597449507,"No Fine Tuning"
"2665","Lapatinib","pearson_corr","XGBoost",0.477518832138402,"No Fine Tuning"
"2666","Lapatinib","pearson_corr","XGBoost",0.56111927051871,"No Fine Tuning"
"2667","Lapatinib","pearson_corr","XGBoost",0.519159225357273,"No Fine Tuning"
"2668","Lapatinib","pearson_corr","XGBoost",0.41147603984165,"No Fine Tuning"
"2669","Lapatinib","pearson_corr","XGBoost",0.490402708284678,"No Fine Tuning"
"2670","Lapatinib","pearson_corr","XGBoost",0.57420550558223,"No Fine Tuning"
"2671","Lapatinib","pearson_corr","XGBoost",0.59631293486717,"No Fine Tuning"
"2672","Lapatinib","pearson_corr","XGBoost",0.614228609895542,"No Fine Tuning"
"2673","Lapatinib","pearson_corr","XGBoost",0.557377663018208,"No Fine Tuning"
"2674","Lapatinib","pearson_corr","XGBoost",0.586244447609826,"No Fine Tuning"
"2675","Lapatinib","pearson_corr","XGBoost",0.527396353199915,"No Fine Tuning"
"2676","Lapatinib","pearson_corr","XGBoost",0.598271701414261,"No Fine Tuning"
"2677","Lapatinib","pearson_corr","XGBoost",0.584675283846986,"No Fine Tuning"
"2678","Lapatinib","pearson_corr","XGBoost",0.678408735059408,"No Fine Tuning"
"2679","Lapatinib","pearson_corr","XGBoost",0.608602057340409,"No Fine Tuning"
"2680","Lapatinib","pearson_corr","XGBoost",0.456371895617296,"No Fine Tuning"
"2681","Lapatinib","pearson_corr","XGBoost",0.508975453787038,"No Fine Tuning"
"2682","Lapatinib","pearson_corr","XGBoost",0.503526834154822,"No Fine Tuning"
"2683","Lapatinib","pearson_corr","XGBoost",0.441165902176382,"No Fine Tuning"
"2684","Lapatinib","pearson_corr","XGBoost",0.556367471109826,"No Fine Tuning"
"2685","Lapatinib","pearson_corr","XGBoost",0.611523525811416,"No Fine Tuning"
"2686","Lapatinib","pearson_corr","XGBoost",0.504584023439701,"No Fine Tuning"
"2687","Lapatinib","pearson_corr","XGBoost",0.537859360079836,"No Fine Tuning"
"2688","Lapatinib","pearson_corr","XGBoost",0.387230109644452,"No Fine Tuning"
"2689","Lapatinib","pearson_corr","XGBoost",0.565789131297197,"No Fine Tuning"
"2690","Lapatinib","pearson_corr","XGBoost",0.448769327675174,"No Fine Tuning"
"2691","Lapatinib","pearson_corr","XGBoost",0.506306736918442,"No Fine Tuning"
"2692","Lapatinib","pearson_corr","XGBoost",0.353003815382225,"No Fine Tuning"
"2693","Lapatinib","pearson_corr","XGBoost",0.566010882120803,"No Fine Tuning"
"2694","Lapatinib","pearson_corr","XGBoost",0.413579038915179,"No Fine Tuning"
"2695","Lapatinib","pearson_corr","XGBoost",0.483511545421356,"No Fine Tuning"
"2696","Lapatinib","pearson_corr","XGBoost",0.537642671409801,"No Fine Tuning"
"2697","Lapatinib","pearson_corr","XGBoost",0.603564425082283,"No Fine Tuning"
"2698","Lapatinib","pearson_corr","XGBoost",0.513975638628887,"No Fine Tuning"
"2699","Lapatinib","pearson_corr","XGBoost",0.427766322668089,"No Fine Tuning"
"2700","Lapatinib","pearson_corr","XGBoost",0.533250301262979,"No Fine Tuning"
"2701","Lapatinib","pearson_corr","SupervisedVAE",0.452902623326574,"No Fine Tuning"
"2702","Lapatinib","pearson_corr","SupervisedVAE",0.55799115102521,"No Fine Tuning"
"2703","Lapatinib","pearson_corr","SupervisedVAE",0.467818421743226,"No Fine Tuning"
"2704","Lapatinib","pearson_corr","SupervisedVAE",0.455385219237153,"No Fine Tuning"
"2705","Lapatinib","pearson_corr","SupervisedVAE",0.435044714324357,"No Fine Tuning"
"2706","Lapatinib","pearson_corr","SupervisedVAE",0.539589576771184,"No Fine Tuning"
"2707","Lapatinib","pearson_corr","SupervisedVAE",0.573325243449938,"No Fine Tuning"
"2708","Lapatinib","pearson_corr","SupervisedVAE",0.507187450266426,"No Fine Tuning"
"2709","Lapatinib","pearson_corr","SupervisedVAE",0.447694716211598,"No Fine Tuning"
"2710","Lapatinib","pearson_corr","SupervisedVAE",0.508214436632128,"No Fine Tuning"
"2711","Lapatinib","pearson_corr","SupervisedVAE",0.412509388114587,"No Fine Tuning"
"2712","Lapatinib","pearson_corr","SupervisedVAE",0.471088790552413,"No Fine Tuning"
"2713","Lapatinib","pearson_corr","SupervisedVAE",0.481210796074212,"No Fine Tuning"
"2714","Lapatinib","pearson_corr","SupervisedVAE",0.442745668606526,"No Fine Tuning"
"2715","Lapatinib","pearson_corr","SupervisedVAE",0.35871639990014,"No Fine Tuning"
"2716","Lapatinib","pearson_corr","SupervisedVAE",0.490347181284972,"No Fine Tuning"
"2717","Lapatinib","pearson_corr","SupervisedVAE",0.490647815565785,"No Fine Tuning"
"2718","Lapatinib","pearson_corr","SupervisedVAE",0.448267902088907,"No Fine Tuning"
"2719","Lapatinib","pearson_corr","SupervisedVAE",0.340885345492871,"No Fine Tuning"
"2720","Lapatinib","pearson_corr","SupervisedVAE",0.497961799561755,"No Fine Tuning"
"2721","Lapatinib","pearson_corr","SupervisedVAE",0.493434745670372,"No Fine Tuning"
"2722","Lapatinib","pearson_corr","SupervisedVAE",0.470982942410158,"No Fine Tuning"
"2723","Lapatinib","pearson_corr","SupervisedVAE",0.492418606420707,"No Fine Tuning"
"2724","Lapatinib","pearson_corr","SupervisedVAE",0.478669137372291,"No Fine Tuning"
"2725","Lapatinib","pearson_corr","SupervisedVAE",0.414361890050073,"No Fine Tuning"
"2726","Lapatinib","pearson_corr","SupervisedVAE",0.494883132373379,"No Fine Tuning"
"2727","Lapatinib","pearson_corr","SupervisedVAE",0.526394066082289,"No Fine Tuning"
"2728","Lapatinib","pearson_corr","SupervisedVAE",0.414224415238356,"No Fine Tuning"
"2729","Lapatinib","pearson_corr","SupervisedVAE",0.461648452022984,"No Fine Tuning"
"2730","Lapatinib","pearson_corr","SupervisedVAE",0.39720718043946,"No Fine Tuning"
"2731","Lapatinib","pearson_corr","SupervisedVAE",0.426406984390279,"No Fine Tuning"
"2732","Lapatinib","pearson_corr","SupervisedVAE",0.458395901532814,"No Fine Tuning"
"2733","Lapatinib","pearson_corr","SupervisedVAE",0.357766047928604,"No Fine Tuning"
"2734","Lapatinib","pearson_corr","SupervisedVAE",0.394717690200921,"No Fine Tuning"
"2735","Lapatinib","pearson_corr","SupervisedVAE",0.487507081342527,"No Fine Tuning"
"2736","Lapatinib","pearson_corr","SupervisedVAE",0.373525708807863,"No Fine Tuning"
"2737","Lapatinib","pearson_corr","SupervisedVAE",0.520745941482409,"No Fine Tuning"
"2738","Lapatinib","pearson_corr","SupervisedVAE",0.503036314503609,"No Fine Tuning"
"2739","Lapatinib","pearson_corr","SupervisedVAE",0.39526822739357,"No Fine Tuning"
"2740","Lapatinib","pearson_corr","SupervisedVAE",0.527575024806934,"No Fine Tuning"
"2741","Lapatinib","pearson_corr","SupervisedVAE",0.47550212026826,"No Fine Tuning"
"2742","Lapatinib","pearson_corr","SupervisedVAE",0.461089470367726,"No Fine Tuning"
"2743","Lapatinib","pearson_corr","SupervisedVAE",0.466158523236866,"No Fine Tuning"
"2744","Lapatinib","pearson_corr","SupervisedVAE",0.496638901476534,"No Fine Tuning"
"2745","Lapatinib","pearson_corr","SupervisedVAE",0.363115349260189,"No Fine Tuning"
"2746","Lapatinib","pearson_corr","SupervisedVAE",0.517440619086678,"No Fine Tuning"
"2747","Lapatinib","pearson_corr","SupervisedVAE",0.494776948788276,"No Fine Tuning"
"2748","Lapatinib","pearson_corr","SupervisedVAE",0.469046560874894,"No Fine Tuning"
"2749","Lapatinib","pearson_corr","SupervisedVAE",0.532515199309767,"No Fine Tuning"
"2750","Lapatinib","pearson_corr","SupervisedVAE",0.311428327846346,"No Fine Tuning"
"2751","Lapatinib","pearson_corr","SupervisedVAE",0.443930094865936,"No Fine Tuning"
"2752","Lapatinib","pearson_corr","SupervisedVAE",0.50818249310064,"No Fine Tuning"
"2753","Lapatinib","pearson_corr","SupervisedVAE",0.381527361109201,"No Fine Tuning"
"2754","Lapatinib","pearson_corr","SupervisedVAE",0.405965960923057,"No Fine Tuning"
"2755","Lapatinib","pearson_corr","SupervisedVAE",0.46563163614465,"No Fine Tuning"
"2756","Lapatinib","pearson_corr","SupervisedVAE",0.400176813746832,"No Fine Tuning"
"2757","Lapatinib","pearson_corr","SupervisedVAE",0.489112081202291,"No Fine Tuning"
"2758","Lapatinib","pearson_corr","SupervisedVAE",0.492022616291094,"No Fine Tuning"
"2759","Lapatinib","pearson_corr","SupervisedVAE",0.429091364483815,"No Fine Tuning"
"2760","Lapatinib","pearson_corr","SupervisedVAE",0.43029233284639,"No Fine Tuning"
"2761","Lapatinib","pearson_corr","SupervisedVAE",0.588282386767894,"No Fine Tuning"
"2762","Lapatinib","pearson_corr","SupervisedVAE",0.450601173893544,"No Fine Tuning"
"2763","Lapatinib","pearson_corr","SupervisedVAE",0.456592511666695,"No Fine Tuning"
"2764","Lapatinib","pearson_corr","SupervisedVAE",0.491762154121866,"No Fine Tuning"
"2765","Lapatinib","pearson_corr","SupervisedVAE",0.496340658924499,"No Fine Tuning"
"2766","Lapatinib","pearson_corr","SupervisedVAE",0.517084277613901,"No Fine Tuning"
"2767","Lapatinib","pearson_corr","SupervisedVAE",0.466625586088437,"No Fine Tuning"
"2768","Lapatinib","pearson_corr","SupervisedVAE",0.371577412687938,"No Fine Tuning"
"2769","Lapatinib","pearson_corr","SupervisedVAE",0.484751274047788,"No Fine Tuning"
"2770","Lapatinib","pearson_corr","SupervisedVAE",0.460065150027824,"No Fine Tuning"
"2771","Lapatinib","pearson_corr","SupervisedVAE",0.518250730298947,"No Fine Tuning"
"2772","Lapatinib","pearson_corr","SupervisedVAE",0.502953897500534,"No Fine Tuning"
"2773","Lapatinib","pearson_corr","SupervisedVAE",0.532173888611473,"No Fine Tuning"
"2774","Lapatinib","pearson_corr","SupervisedVAE",0.474369954927782,"No Fine Tuning"
"2775","Lapatinib","pearson_corr","SupervisedVAE",0.393149008882442,"No Fine Tuning"
"2776","Lapatinib","pearson_corr","SupervisedVAE",0.463130149270416,"No Fine Tuning"
"2777","Lapatinib","pearson_corr","SupervisedVAE",0.528838666022131,"No Fine Tuning"
"2778","Lapatinib","pearson_corr","SupervisedVAE",0.439464671862067,"No Fine Tuning"
"2779","Lapatinib","pearson_corr","SupervisedVAE",0.509269634299269,"No Fine Tuning"
"2780","Lapatinib","pearson_corr","SupervisedVAE",0.464103080016286,"No Fine Tuning"
"2781","Lapatinib","pearson_corr","SupervisedVAE",0.454095343289262,"No Fine Tuning"
"2782","Lapatinib","pearson_corr","SupervisedVAE",0.383536727039608,"No Fine Tuning"
"2783","Lapatinib","pearson_corr","SupervisedVAE",0.459396950591131,"No Fine Tuning"
"2784","Lapatinib","pearson_corr","SupervisedVAE",0.444920217564163,"No Fine Tuning"
"2785","Lapatinib","pearson_corr","SupervisedVAE",0.558989629106294,"No Fine Tuning"
"2786","Lapatinib","pearson_corr","SupervisedVAE",0.44003423235277,"No Fine Tuning"
"2787","Lapatinib","pearson_corr","SupervisedVAE",0.513050398847662,"No Fine Tuning"
"2788","Lapatinib","pearson_corr","SupervisedVAE",0.469441257552251,"No Fine Tuning"
"2789","Lapatinib","pearson_corr","SupervisedVAE",0.537672648479271,"No Fine Tuning"
"2790","Lapatinib","pearson_corr","SupervisedVAE",0.454109520296445,"No Fine Tuning"
"2791","Lapatinib","pearson_corr","SupervisedVAE",0.392341689699845,"No Fine Tuning"
"2792","Lapatinib","pearson_corr","SupervisedVAE",0.39743033111694,"No Fine Tuning"
"2793","Lapatinib","pearson_corr","SupervisedVAE",0.449818566951122,"No Fine Tuning"
"2794","Lapatinib","pearson_corr","SupervisedVAE",0.42864948611968,"No Fine Tuning"
"2795","Lapatinib","pearson_corr","SupervisedVAE",0.466073431984248,"No Fine Tuning"
"2796","Lapatinib","pearson_corr","SupervisedVAE",0.488852198511254,"No Fine Tuning"
"2797","Lapatinib","pearson_corr","SupervisedVAE",0.528331381946155,"No Fine Tuning"
"2798","Lapatinib","pearson_corr","SupervisedVAE",0.378602072521517,"No Fine Tuning"
"2799","Lapatinib","pearson_corr","SupervisedVAE",0.413738460991824,"No Fine Tuning"
"2800","Lapatinib","pearson_corr","SupervisedVAE",0.43031086438484,"No Fine Tuning"
"2801","Paclitaxel","pearson_corr","DirectPred_finetuned",0.241673927026958,"With Fine Tuning"
"2802","Paclitaxel","pearson_corr","DirectPred_finetuned",0.24346566053095,"With Fine Tuning"
"2803","Paclitaxel","pearson_corr","DirectPred_finetuned",0.318905189519708,"With Fine Tuning"
"2804","Paclitaxel","pearson_corr","DirectPred_finetuned",0.272177713695193,"With Fine Tuning"
"2805","Paclitaxel","pearson_corr","DirectPred_finetuned",0.327530709767021,"With Fine Tuning"
"2806","Paclitaxel","pearson_corr","DirectPred_finetuned",0.417175948109452,"With Fine Tuning"
"2807","Paclitaxel","pearson_corr","DirectPred_finetuned",0.335763124910347,"With Fine Tuning"
"2808","Paclitaxel","pearson_corr","DirectPred_finetuned",0.21582806208264,"With Fine Tuning"
"2809","Paclitaxel","pearson_corr","DirectPred_finetuned",0.32934262918406,"With Fine Tuning"
"2810","Paclitaxel","pearson_corr","DirectPred_finetuned",0.180550146384715,"With Fine Tuning"
"2811","Paclitaxel","pearson_corr","DirectPred_finetuned",0.326736853179142,"With Fine Tuning"
"2812","Paclitaxel","pearson_corr","DirectPred_finetuned",0.354898665223039,"With Fine Tuning"
"2813","Paclitaxel","pearson_corr","DirectPred_finetuned",0.252839477706004,"With Fine Tuning"
"2814","Paclitaxel","pearson_corr","DirectPred_finetuned",0.360057536834472,"With Fine Tuning"
"2815","Paclitaxel","pearson_corr","DirectPred_finetuned",0.346439413329499,"With Fine Tuning"
"2816","Paclitaxel","pearson_corr","DirectPred_finetuned",0.291683744327498,"With Fine Tuning"
"2817","Paclitaxel","pearson_corr","DirectPred_finetuned",0.238950338849316,"With Fine Tuning"
"2818","Paclitaxel","pearson_corr","DirectPred_finetuned",0.290691861220516,"With Fine Tuning"
"2819","Paclitaxel","pearson_corr","DirectPred_finetuned",0.380646527182702,"With Fine Tuning"
"2820","Paclitaxel","pearson_corr","DirectPred_finetuned",0.347669656753202,"With Fine Tuning"
"2821","Paclitaxel","pearson_corr","DirectPred_finetuned",0.326279084572619,"With Fine Tuning"
"2822","Paclitaxel","pearson_corr","DirectPred_finetuned",0.350246360628637,"With Fine Tuning"
"2823","Paclitaxel","pearson_corr","DirectPred_finetuned",0.294361110799185,"With Fine Tuning"
"2824","Paclitaxel","pearson_corr","DirectPred_finetuned",0.288106286085776,"With Fine Tuning"
"2825","Paclitaxel","pearson_corr","DirectPred_finetuned",0.295817671614639,"With Fine Tuning"
"2826","Paclitaxel","pearson_corr","DirectPred_finetuned",0.336066692667049,"With Fine Tuning"
"2827","Paclitaxel","pearson_corr","DirectPred_finetuned",0.315418810028715,"With Fine Tuning"
"2828","Paclitaxel","pearson_corr","DirectPred_finetuned",0.291735803592923,"With Fine Tuning"
"2829","Paclitaxel","pearson_corr","DirectPred_finetuned",0.307388126409746,"With Fine Tuning"
"2830","Paclitaxel","pearson_corr","DirectPred_finetuned",0.306527502951939,"With Fine Tuning"
"2831","Paclitaxel","pearson_corr","DirectPred_finetuned",0.369539279640279,"With Fine Tuning"
"2832","Paclitaxel","pearson_corr","DirectPred_finetuned",0.333482324702512,"With Fine Tuning"
"2833","Paclitaxel","pearson_corr","DirectPred_finetuned",0.350473220701529,"With Fine Tuning"
"2834","Paclitaxel","pearson_corr","DirectPred_finetuned",0.355152067949877,"With Fine Tuning"
"2835","Paclitaxel","pearson_corr","DirectPred_finetuned",0.302501503844338,"With Fine Tuning"
"2836","Paclitaxel","pearson_corr","DirectPred_finetuned",0.349159668034627,"With Fine Tuning"
"2837","Paclitaxel","pearson_corr","DirectPred_finetuned",0.243931307601842,"With Fine Tuning"
"2838","Paclitaxel","pearson_corr","DirectPred_finetuned",0.357600526553725,"With Fine Tuning"
"2839","Paclitaxel","pearson_corr","DirectPred_finetuned",0.342239673251613,"With Fine Tuning"
"2840","Paclitaxel","pearson_corr","DirectPred_finetuned",0.32866733821351,"With Fine Tuning"
"2841","Paclitaxel","pearson_corr","DirectPred_finetuned",0.247019743436781,"With Fine Tuning"
"2842","Paclitaxel","pearson_corr","DirectPred_finetuned",0.38769988550459,"With Fine Tuning"
"2843","Paclitaxel","pearson_corr","DirectPred_finetuned",0.383650670976679,"With Fine Tuning"
"2844","Paclitaxel","pearson_corr","DirectPred_finetuned",0.290797944625316,"With Fine Tuning"
"2845","Paclitaxel","pearson_corr","DirectPred_finetuned",0.326688772973878,"With Fine Tuning"
"2846","Paclitaxel","pearson_corr","DirectPred_finetuned",0.280918595440925,"With Fine Tuning"
"2847","Paclitaxel","pearson_corr","DirectPred_finetuned",0.290364749941985,"With Fine Tuning"
"2848","Paclitaxel","pearson_corr","DirectPred_finetuned",0.319530785239753,"With Fine Tuning"
"2849","Paclitaxel","pearson_corr","DirectPred_finetuned",0.308153384417657,"With Fine Tuning"
"2850","Paclitaxel","pearson_corr","DirectPred_finetuned",0.362459640787632,"With Fine Tuning"
"2851","Paclitaxel","pearson_corr","DirectPred_finetuned",0.340766927654592,"With Fine Tuning"
"2852","Paclitaxel","pearson_corr","DirectPred_finetuned",0.3139506842644,"With Fine Tuning"
"2853","Paclitaxel","pearson_corr","DirectPred_finetuned",0.237224494705736,"With Fine Tuning"
"2854","Paclitaxel","pearson_corr","DirectPred_finetuned",0.310193626633966,"With Fine Tuning"
"2855","Paclitaxel","pearson_corr","DirectPred_finetuned",0.352766899776118,"With Fine Tuning"
"2856","Paclitaxel","pearson_corr","DirectPred_finetuned",0.390495092624414,"With Fine Tuning"
"2857","Paclitaxel","pearson_corr","DirectPred_finetuned",0.348535449849233,"With Fine Tuning"
"2858","Paclitaxel","pearson_corr","DirectPred_finetuned",0.367086944672367,"With Fine Tuning"
"2859","Paclitaxel","pearson_corr","DirectPred_finetuned",0.32440607058108,"With Fine Tuning"
"2860","Paclitaxel","pearson_corr","DirectPred_finetuned",0.246670138897405,"With Fine Tuning"
"2861","Paclitaxel","pearson_corr","DirectPred_finetuned",0.279568927685979,"With Fine Tuning"
"2862","Paclitaxel","pearson_corr","DirectPred_finetuned",0.364629131065467,"With Fine Tuning"
"2863","Paclitaxel","pearson_corr","DirectPred_finetuned",0.34533228743808,"With Fine Tuning"
"2864","Paclitaxel","pearson_corr","DirectPred_finetuned",0.346083570516994,"With Fine Tuning"
"2865","Paclitaxel","pearson_corr","DirectPred_finetuned",0.327577970932943,"With Fine Tuning"
"2866","Paclitaxel","pearson_corr","DirectPred_finetuned",0.267120440545602,"With Fine Tuning"
"2867","Paclitaxel","pearson_corr","DirectPred_finetuned",0.399568105527891,"With Fine Tuning"
"2868","Paclitaxel","pearson_corr","DirectPred_finetuned",0.344465471856163,"With Fine Tuning"
"2869","Paclitaxel","pearson_corr","DirectPred_finetuned",0.309713029648237,"With Fine Tuning"
"2870","Paclitaxel","pearson_corr","DirectPred_finetuned",0.31006129729893,"With Fine Tuning"
"2871","Paclitaxel","pearson_corr","DirectPred_finetuned",0.358272487951901,"With Fine Tuning"
"2872","Paclitaxel","pearson_corr","DirectPred_finetuned",0.247064294360773,"With Fine Tuning"
"2873","Paclitaxel","pearson_corr","DirectPred_finetuned",0.282418873768339,"With Fine Tuning"
"2874","Paclitaxel","pearson_corr","DirectPred_finetuned",0.235584055445022,"With Fine Tuning"
"2875","Paclitaxel","pearson_corr","DirectPred_finetuned",0.315249875248739,"With Fine Tuning"
"2876","Paclitaxel","pearson_corr","DirectPred_finetuned",0.358533887261815,"With Fine Tuning"
"2877","Paclitaxel","pearson_corr","DirectPred_finetuned",0.290626466639087,"With Fine Tuning"
"2878","Paclitaxel","pearson_corr","DirectPred_finetuned",0.407383067129857,"With Fine Tuning"
"2879","Paclitaxel","pearson_corr","DirectPred_finetuned",0.286551255358774,"With Fine Tuning"
"2880","Paclitaxel","pearson_corr","DirectPred_finetuned",0.333503886997678,"With Fine Tuning"
"2881","Paclitaxel","pearson_corr","DirectPred_finetuned",0.28106835700306,"With Fine Tuning"
"2882","Paclitaxel","pearson_corr","DirectPred_finetuned",0.316304257955235,"With Fine Tuning"
"2883","Paclitaxel","pearson_corr","DirectPred_finetuned",0.335718666577753,"With Fine Tuning"
"2884","Paclitaxel","pearson_corr","DirectPred_finetuned",0.312206573684105,"With Fine Tuning"
"2885","Paclitaxel","pearson_corr","DirectPred_finetuned",0.264714111468698,"With Fine Tuning"
"2886","Paclitaxel","pearson_corr","DirectPred_finetuned",0.335871973763242,"With Fine Tuning"
"2887","Paclitaxel","pearson_corr","DirectPred_finetuned",0.339870762515459,"With Fine Tuning"
"2888","Paclitaxel","pearson_corr","DirectPred_finetuned",0.199111146060238,"With Fine Tuning"
"2889","Paclitaxel","pearson_corr","DirectPred_finetuned",0.30078364530762,"With Fine Tuning"
"2890","Paclitaxel","pearson_corr","DirectPred_finetuned",0.323572564965186,"With Fine Tuning"
"2891","Paclitaxel","pearson_corr","DirectPred_finetuned",0.319762424244404,"With Fine Tuning"
"2892","Paclitaxel","pearson_corr","DirectPred_finetuned",0.361874959588396,"With Fine Tuning"
"2893","Paclitaxel","pearson_corr","DirectPred_finetuned",0.280502539269232,"With Fine Tuning"
"2894","Paclitaxel","pearson_corr","DirectPred_finetuned",0.326440166929773,"With Fine Tuning"
"2895","Paclitaxel","pearson_corr","DirectPred_finetuned",0.253197143582457,"With Fine Tuning"
"2896","Paclitaxel","pearson_corr","DirectPred_finetuned",0.354224505917964,"With Fine Tuning"
"2897","Paclitaxel","pearson_corr","DirectPred_finetuned",0.307923999382403,"With Fine Tuning"
"2898","Paclitaxel","pearson_corr","DirectPred_finetuned",0.28202095493896,"With Fine Tuning"
"2899","Paclitaxel","pearson_corr","DirectPred_finetuned",0.280280272246241,"With Fine Tuning"
"2900","Paclitaxel","pearson_corr","DirectPred_finetuned",0.287287706615231,"With Fine Tuning"
"2901","Paclitaxel","pearson_corr","DirectPred",0.328669688240246,"No Fine Tuning"
"2902","Paclitaxel","pearson_corr","DirectPred",0.33853341236543,"No Fine Tuning"
"2903","Paclitaxel","pearson_corr","DirectPred",0.341545161134979,"No Fine Tuning"
"2904","Paclitaxel","pearson_corr","DirectPred",0.313237080287362,"No Fine Tuning"
"2905","Paclitaxel","pearson_corr","DirectPred",0.308860396988782,"No Fine Tuning"
"2906","Paclitaxel","pearson_corr","DirectPred",0.468440170430602,"No Fine Tuning"
"2907","Paclitaxel","pearson_corr","DirectPred",0.336998789514569,"No Fine Tuning"
"2908","Paclitaxel","pearson_corr","DirectPred",0.209985684380794,"No Fine Tuning"
"2909","Paclitaxel","pearson_corr","DirectPred",0.346108425765616,"No Fine Tuning"
"2910","Paclitaxel","pearson_corr","DirectPred",0.282971457445955,"No Fine Tuning"
"2911","Paclitaxel","pearson_corr","DirectPred",0.358944231384268,"No Fine Tuning"
"2912","Paclitaxel","pearson_corr","DirectPred",0.384794035765509,"No Fine Tuning"
"2913","Paclitaxel","pearson_corr","DirectPred",0.275897430748871,"No Fine Tuning"
"2914","Paclitaxel","pearson_corr","DirectPred",0.310035069512918,"No Fine Tuning"
"2915","Paclitaxel","pearson_corr","DirectPred",0.347612901225152,"No Fine Tuning"
"2916","Paclitaxel","pearson_corr","DirectPred",0.251254578298877,"No Fine Tuning"
"2917","Paclitaxel","pearson_corr","DirectPred",0.299795064511684,"No Fine Tuning"
"2918","Paclitaxel","pearson_corr","DirectPred",0.284045928378785,"No Fine Tuning"
"2919","Paclitaxel","pearson_corr","DirectPred",0.395322649970184,"No Fine Tuning"
"2920","Paclitaxel","pearson_corr","DirectPred",0.32084327899868,"No Fine Tuning"
"2921","Paclitaxel","pearson_corr","DirectPred",0.330641580494212,"No Fine Tuning"
"2922","Paclitaxel","pearson_corr","DirectPred",0.358906873014642,"No Fine Tuning"
"2923","Paclitaxel","pearson_corr","DirectPred",0.359408920287531,"No Fine Tuning"
"2924","Paclitaxel","pearson_corr","DirectPred",0.296611196124956,"No Fine Tuning"
"2925","Paclitaxel","pearson_corr","DirectPred",0.311924242643055,"No Fine Tuning"
"2926","Paclitaxel","pearson_corr","DirectPred",0.304514303480787,"No Fine Tuning"
"2927","Paclitaxel","pearson_corr","DirectPred",0.345995488040539,"No Fine Tuning"
"2928","Paclitaxel","pearson_corr","DirectPred",0.301704017640017,"No Fine Tuning"
"2929","Paclitaxel","pearson_corr","DirectPred",0.346652028644997,"No Fine Tuning"
"2930","Paclitaxel","pearson_corr","DirectPred",0.330029580497789,"No Fine Tuning"
"2931","Paclitaxel","pearson_corr","DirectPred",0.39083756892828,"No Fine Tuning"
"2932","Paclitaxel","pearson_corr","DirectPred",0.433158820913591,"No Fine Tuning"
"2933","Paclitaxel","pearson_corr","DirectPred",0.34045701952964,"No Fine Tuning"
"2934","Paclitaxel","pearson_corr","DirectPred",0.28641183616347,"No Fine Tuning"
"2935","Paclitaxel","pearson_corr","DirectPred",0.244644260869942,"No Fine Tuning"
"2936","Paclitaxel","pearson_corr","DirectPred",0.330506219677453,"No Fine Tuning"
"2937","Paclitaxel","pearson_corr","DirectPred",0.249581939900914,"No Fine Tuning"
"2938","Paclitaxel","pearson_corr","DirectPred",0.343917129077374,"No Fine Tuning"
"2939","Paclitaxel","pearson_corr","DirectPred",0.330252039448435,"No Fine Tuning"
"2940","Paclitaxel","pearson_corr","DirectPred",0.360857015001954,"No Fine Tuning"
"2941","Paclitaxel","pearson_corr","DirectPred",0.320773437676962,"No Fine Tuning"
"2942","Paclitaxel","pearson_corr","DirectPred",0.365639780809064,"No Fine Tuning"
"2943","Paclitaxel","pearson_corr","DirectPred",0.311277993634965,"No Fine Tuning"
"2944","Paclitaxel","pearson_corr","DirectPred",0.287598222267839,"No Fine Tuning"
"2945","Paclitaxel","pearson_corr","DirectPred",0.283384062126755,"No Fine Tuning"
"2946","Paclitaxel","pearson_corr","DirectPred",0.297627472572904,"No Fine Tuning"
"2947","Paclitaxel","pearson_corr","DirectPred",0.386482349492694,"No Fine Tuning"
"2948","Paclitaxel","pearson_corr","DirectPred",0.270280137740077,"No Fine Tuning"
"2949","Paclitaxel","pearson_corr","DirectPred",0.319806172835146,"No Fine Tuning"
"2950","Paclitaxel","pearson_corr","DirectPred",0.383105115567335,"No Fine Tuning"
"2951","Paclitaxel","pearson_corr","DirectPred",0.347928678674474,"No Fine Tuning"
"2952","Paclitaxel","pearson_corr","DirectPred",0.332776195839925,"No Fine Tuning"
"2953","Paclitaxel","pearson_corr","DirectPred",0.313899104767384,"No Fine Tuning"
"2954","Paclitaxel","pearson_corr","DirectPred",0.278154685128648,"No Fine Tuning"
"2955","Paclitaxel","pearson_corr","DirectPred",0.331341654838589,"No Fine Tuning"
"2956","Paclitaxel","pearson_corr","DirectPred",0.341170485408311,"No Fine Tuning"
"2957","Paclitaxel","pearson_corr","DirectPred",0.351506627051468,"No Fine Tuning"
"2958","Paclitaxel","pearson_corr","DirectPred",0.306149951401765,"No Fine Tuning"
"2959","Paclitaxel","pearson_corr","DirectPred",0.296185870884706,"No Fine Tuning"
"2960","Paclitaxel","pearson_corr","DirectPred",0.325551191387189,"No Fine Tuning"
"2961","Paclitaxel","pearson_corr","DirectPred",0.277964363429032,"No Fine Tuning"
"2962","Paclitaxel","pearson_corr","DirectPred",0.379280575242566,"No Fine Tuning"
"2963","Paclitaxel","pearson_corr","DirectPred",0.33594238330078,"No Fine Tuning"
"2964","Paclitaxel","pearson_corr","DirectPred",0.30548594313723,"No Fine Tuning"
"2965","Paclitaxel","pearson_corr","DirectPred",0.34460229487076,"No Fine Tuning"
"2966","Paclitaxel","pearson_corr","DirectPred",0.277679452253127,"No Fine Tuning"
"2967","Paclitaxel","pearson_corr","DirectPred",0.387395810246295,"No Fine Tuning"
"2968","Paclitaxel","pearson_corr","DirectPred",0.338665829876912,"No Fine Tuning"
"2969","Paclitaxel","pearson_corr","DirectPred",0.258942750310588,"No Fine Tuning"
"2970","Paclitaxel","pearson_corr","DirectPred",0.328922982646941,"No Fine Tuning"
"2971","Paclitaxel","pearson_corr","DirectPred",0.329137872407913,"No Fine Tuning"
"2972","Paclitaxel","pearson_corr","DirectPred",0.337124641379312,"No Fine Tuning"
"2973","Paclitaxel","pearson_corr","DirectPred",0.287349226404365,"No Fine Tuning"
"2974","Paclitaxel","pearson_corr","DirectPred",0.212316410867066,"No Fine Tuning"
"2975","Paclitaxel","pearson_corr","DirectPred",0.344285606537569,"No Fine Tuning"
"2976","Paclitaxel","pearson_corr","DirectPred",0.357194088294163,"No Fine Tuning"
"2977","Paclitaxel","pearson_corr","DirectPred",0.301941466498491,"No Fine Tuning"
"2978","Paclitaxel","pearson_corr","DirectPred",0.371531829565993,"No Fine Tuning"
"2979","Paclitaxel","pearson_corr","DirectPred",0.25060476534809,"No Fine Tuning"
"2980","Paclitaxel","pearson_corr","DirectPred",0.414355217703898,"No Fine Tuning"
"2981","Paclitaxel","pearson_corr","DirectPred",0.273458438004908,"No Fine Tuning"
"2982","Paclitaxel","pearson_corr","DirectPred",0.332311437187097,"No Fine Tuning"
"2983","Paclitaxel","pearson_corr","DirectPred",0.40110459812717,"No Fine Tuning"
"2984","Paclitaxel","pearson_corr","DirectPred",0.319996998964723,"No Fine Tuning"
"2985","Paclitaxel","pearson_corr","DirectPred",0.28567705930884,"No Fine Tuning"
"2986","Paclitaxel","pearson_corr","DirectPred",0.369019382931719,"No Fine Tuning"
"2987","Paclitaxel","pearson_corr","DirectPred",0.348828025943084,"No Fine Tuning"
"2988","Paclitaxel","pearson_corr","DirectPred",0.285241722514733,"No Fine Tuning"
"2989","Paclitaxel","pearson_corr","DirectPred",0.314465558468289,"No Fine Tuning"
"2990","Paclitaxel","pearson_corr","DirectPred",0.326023597825823,"No Fine Tuning"
"2991","Paclitaxel","pearson_corr","DirectPred",0.362875442335298,"No Fine Tuning"
"2992","Paclitaxel","pearson_corr","DirectPred",0.352199941004341,"No Fine Tuning"
"2993","Paclitaxel","pearson_corr","DirectPred",0.350971882442692,"No Fine Tuning"
"2994","Paclitaxel","pearson_corr","DirectPred",0.287719383042059,"No Fine Tuning"
"2995","Paclitaxel","pearson_corr","DirectPred",0.342003411717288,"No Fine Tuning"
"2996","Paclitaxel","pearson_corr","DirectPred",0.361857256212509,"No Fine Tuning"
"2997","Paclitaxel","pearson_corr","DirectPred",0.268378861794466,"No Fine Tuning"
"2998","Paclitaxel","pearson_corr","DirectPred",0.270076277045821,"No Fine Tuning"
"2999","Paclitaxel","pearson_corr","DirectPred",0.259738139393558,"No Fine Tuning"
"3000","Paclitaxel","pearson_corr","DirectPred",0.288681298741874,"No Fine Tuning"
"3001","Paclitaxel","pearson_corr","GNN",0.255908440474915,"No Fine Tuning"
"3002","Paclitaxel","pearson_corr","GNN",0.244278225371607,"No Fine Tuning"
"3003","Paclitaxel","pearson_corr","GNN",0.313445624658475,"No Fine Tuning"
"3004","Paclitaxel","pearson_corr","GNN",0.2796408977729,"No Fine Tuning"
"3005","Paclitaxel","pearson_corr","GNN",0.361460767536462,"No Fine Tuning"
"3006","Paclitaxel","pearson_corr","GNN",0.372672151470909,"No Fine Tuning"
"3007","Paclitaxel","pearson_corr","GNN",0.345190745122042,"No Fine Tuning"
"3008","Paclitaxel","pearson_corr","GNN",0.236924268458623,"No Fine Tuning"
"3009","Paclitaxel","pearson_corr","GNN",0.281012117688317,"No Fine Tuning"
"3010","Paclitaxel","pearson_corr","GNN",0.22089076690071,"No Fine Tuning"
"3011","Paclitaxel","pearson_corr","GNN",0.346603414367116,"No Fine Tuning"
"3012","Paclitaxel","pearson_corr","GNN",0.415580590564635,"No Fine Tuning"
"3013","Paclitaxel","pearson_corr","GNN",0.231797075808993,"No Fine Tuning"
"3014","Paclitaxel","pearson_corr","GNN",0.346453467635334,"No Fine Tuning"
"3015","Paclitaxel","pearson_corr","GNN",0.321049848381686,"No Fine Tuning"
"3016","Paclitaxel","pearson_corr","GNN",0.250503117525817,"No Fine Tuning"
"3017","Paclitaxel","pearson_corr","GNN",0.302057213447619,"No Fine Tuning"
"3018","Paclitaxel","pearson_corr","GNN",0.276876038407102,"No Fine Tuning"
"3019","Paclitaxel","pearson_corr","GNN",0.271144656056911,"No Fine Tuning"
"3020","Paclitaxel","pearson_corr","GNN",0.323817953705421,"No Fine Tuning"
"3021","Paclitaxel","pearson_corr","GNN",0.294674169437718,"No Fine Tuning"
"3022","Paclitaxel","pearson_corr","GNN",0.346190212652932,"No Fine Tuning"
"3023","Paclitaxel","pearson_corr","GNN",0.270655213434649,"No Fine Tuning"
"3024","Paclitaxel","pearson_corr","GNN",0.240324367124897,"No Fine Tuning"
"3025","Paclitaxel","pearson_corr","GNN",0.287759675761714,"No Fine Tuning"
"3026","Paclitaxel","pearson_corr","GNN",0.261957085921706,"No Fine Tuning"
"3027","Paclitaxel","pearson_corr","GNN",0.237270111182007,"No Fine Tuning"
"3028","Paclitaxel","pearson_corr","GNN",0.284495472021108,"No Fine Tuning"
"3029","Paclitaxel","pearson_corr","GNN",0.385361310412489,"No Fine Tuning"
"3030","Paclitaxel","pearson_corr","GNN",0.345840849306668,"No Fine Tuning"
"3031","Paclitaxel","pearson_corr","GNN",0.300626685076206,"No Fine Tuning"
"3032","Paclitaxel","pearson_corr","GNN",0.289454503778013,"No Fine Tuning"
"3033","Paclitaxel","pearson_corr","GNN",0.291256260297786,"No Fine Tuning"
"3034","Paclitaxel","pearson_corr","GNN",0.290327930916789,"No Fine Tuning"
"3035","Paclitaxel","pearson_corr","GNN",0.225702378906498,"No Fine Tuning"
"3036","Paclitaxel","pearson_corr","GNN",0.386344150217936,"No Fine Tuning"
"3037","Paclitaxel","pearson_corr","GNN",0.279266419111886,"No Fine Tuning"
"3038","Paclitaxel","pearson_corr","GNN",0.266610551078081,"No Fine Tuning"
"3039","Paclitaxel","pearson_corr","GNN",0.383571332769502,"No Fine Tuning"
"3040","Paclitaxel","pearson_corr","GNN",0.322074671247924,"No Fine Tuning"
"3041","Paclitaxel","pearson_corr","GNN",0.255476919352272,"No Fine Tuning"
"3042","Paclitaxel","pearson_corr","GNN",0.340460034929507,"No Fine Tuning"
"3043","Paclitaxel","pearson_corr","GNN",0.29789581897614,"No Fine Tuning"
"3044","Paclitaxel","pearson_corr","GNN",0.333985415894694,"No Fine Tuning"
"3045","Paclitaxel","pearson_corr","GNN",0.328711561683403,"No Fine Tuning"
"3046","Paclitaxel","pearson_corr","GNN",0.264663232739897,"No Fine Tuning"
"3047","Paclitaxel","pearson_corr","GNN",0.387778977258449,"No Fine Tuning"
"3048","Paclitaxel","pearson_corr","GNN",0.386643117077739,"No Fine Tuning"
"3049","Paclitaxel","pearson_corr","GNN",0.283850297207728,"No Fine Tuning"
"3050","Paclitaxel","pearson_corr","GNN",0.300255554671104,"No Fine Tuning"
"3051","Paclitaxel","pearson_corr","GNN",0.297932310675748,"No Fine Tuning"
"3052","Paclitaxel","pearson_corr","GNN",0.302928482906861,"No Fine Tuning"
"3053","Paclitaxel","pearson_corr","GNN",0.312606207345849,"No Fine Tuning"
"3054","Paclitaxel","pearson_corr","GNN",0.259582990729559,"No Fine Tuning"
"3055","Paclitaxel","pearson_corr","GNN",0.363244124007206,"No Fine Tuning"
"3056","Paclitaxel","pearson_corr","GNN",0.349764951954912,"No Fine Tuning"
"3057","Paclitaxel","pearson_corr","GNN",0.273855524226418,"No Fine Tuning"
"3058","Paclitaxel","pearson_corr","GNN",0.339602547122023,"No Fine Tuning"
"3059","Paclitaxel","pearson_corr","GNN",0.324165751752907,"No Fine Tuning"
"3060","Paclitaxel","pearson_corr","GNN",0.23846282960906,"No Fine Tuning"
"3061","Paclitaxel","pearson_corr","GNN",0.255456756454143,"No Fine Tuning"
"3062","Paclitaxel","pearson_corr","GNN",0.307400100988144,"No Fine Tuning"
"3063","Paclitaxel","pearson_corr","GNN",0.297852128154352,"No Fine Tuning"
"3064","Paclitaxel","pearson_corr","GNN",0.279031447600008,"No Fine Tuning"
"3065","Paclitaxel","pearson_corr","GNN",0.336213323333962,"No Fine Tuning"
"3066","Paclitaxel","pearson_corr","GNN",0.297408479034942,"No Fine Tuning"
"3067","Paclitaxel","pearson_corr","GNN",0.344951150883271,"No Fine Tuning"
"3068","Paclitaxel","pearson_corr","GNN",0.274616250232672,"No Fine Tuning"
"3069","Paclitaxel","pearson_corr","GNN",0.294893033588153,"No Fine Tuning"
"3070","Paclitaxel","pearson_corr","GNN",0.268906080120934,"No Fine Tuning"
"3071","Paclitaxel","pearson_corr","GNN",0.322896886065604,"No Fine Tuning"
"3072","Paclitaxel","pearson_corr","GNN",0.234274755069271,"No Fine Tuning"
"3073","Paclitaxel","pearson_corr","GNN",0.318110800173879,"No Fine Tuning"
"3074","Paclitaxel","pearson_corr","GNN",0.301430654738936,"No Fine Tuning"
"3075","Paclitaxel","pearson_corr","GNN",0.371562989802092,"No Fine Tuning"
"3076","Paclitaxel","pearson_corr","GNN",0.368556369582134,"No Fine Tuning"
"3077","Paclitaxel","pearson_corr","GNN",0.343088806720304,"No Fine Tuning"
"3078","Paclitaxel","pearson_corr","GNN",0.359671495483432,"No Fine Tuning"
"3079","Paclitaxel","pearson_corr","GNN",0.275057101138322,"No Fine Tuning"
"3080","Paclitaxel","pearson_corr","GNN",0.337291871377701,"No Fine Tuning"
"3081","Paclitaxel","pearson_corr","GNN",0.262309316444954,"No Fine Tuning"
"3082","Paclitaxel","pearson_corr","GNN",0.362905639167958,"No Fine Tuning"
"3083","Paclitaxel","pearson_corr","GNN",0.325967268687828,"No Fine Tuning"
"3084","Paclitaxel","pearson_corr","GNN",0.272858990780639,"No Fine Tuning"
"3085","Paclitaxel","pearson_corr","GNN",0.260255141566143,"No Fine Tuning"
"3086","Paclitaxel","pearson_corr","GNN",0.312431673273045,"No Fine Tuning"
"3087","Paclitaxel","pearson_corr","GNN",0.308169251028644,"No Fine Tuning"
"3088","Paclitaxel","pearson_corr","GNN",0.212935058135905,"No Fine Tuning"
"3089","Paclitaxel","pearson_corr","GNN",0.26090885793588,"No Fine Tuning"
"3090","Paclitaxel","pearson_corr","GNN",0.35280472178969,"No Fine Tuning"
"3091","Paclitaxel","pearson_corr","GNN",0.378325360032895,"No Fine Tuning"
"3092","Paclitaxel","pearson_corr","GNN",0.357513316653726,"No Fine Tuning"
"3093","Paclitaxel","pearson_corr","GNN",0.239794088814024,"No Fine Tuning"
"3094","Paclitaxel","pearson_corr","GNN",0.346071829589921,"No Fine Tuning"
"3095","Paclitaxel","pearson_corr","GNN",0.26654530026237,"No Fine Tuning"
"3096","Paclitaxel","pearson_corr","GNN",0.344590336234724,"No Fine Tuning"
"3097","Paclitaxel","pearson_corr","GNN",0.24571343812459,"No Fine Tuning"
"3098","Paclitaxel","pearson_corr","GNN",0.299326413040293,"No Fine Tuning"
"3099","Paclitaxel","pearson_corr","GNN",0.306206548348626,"No Fine Tuning"
"3100","Paclitaxel","pearson_corr","GNN",0.356555585933512,"No Fine Tuning"
"3101","Paclitaxel","pearson_corr","RandomForest",0.283719974771205,"No Fine Tuning"
"3102","Paclitaxel","pearson_corr","RandomForest",0.285687145448005,"No Fine Tuning"
"3103","Paclitaxel","pearson_corr","RandomForest",0.316101478573773,"No Fine Tuning"
"3104","Paclitaxel","pearson_corr","RandomForest",0.299444829798675,"No Fine Tuning"
"3105","Paclitaxel","pearson_corr","RandomForest",0.300693189000732,"No Fine Tuning"
"3106","Paclitaxel","pearson_corr","RandomForest",0.363477115822881,"No Fine Tuning"
"3107","Paclitaxel","pearson_corr","RandomForest",0.355891981900438,"No Fine Tuning"
"3108","Paclitaxel","pearson_corr","RandomForest",0.271241793311144,"No Fine Tuning"
"3109","Paclitaxel","pearson_corr","RandomForest",0.250237080438293,"No Fine Tuning"
"3110","Paclitaxel","pearson_corr","RandomForest",0.269806210387241,"No Fine Tuning"
"3111","Paclitaxel","pearson_corr","RandomForest",0.310541030669327,"No Fine Tuning"
"3112","Paclitaxel","pearson_corr","RandomForest",0.324392534011045,"No Fine Tuning"
"3113","Paclitaxel","pearson_corr","RandomForest",0.268218789005831,"No Fine Tuning"
"3114","Paclitaxel","pearson_corr","RandomForest",0.360416406505835,"No Fine Tuning"
"3115","Paclitaxel","pearson_corr","RandomForest",0.353813181905312,"No Fine Tuning"
"3116","Paclitaxel","pearson_corr","RandomForest",0.278721679596084,"No Fine Tuning"
"3117","Paclitaxel","pearson_corr","RandomForest",0.319992850707838,"No Fine Tuning"
"3118","Paclitaxel","pearson_corr","RandomForest",0.269434045405929,"No Fine Tuning"
"3119","Paclitaxel","pearson_corr","RandomForest",0.312114856894112,"No Fine Tuning"
"3120","Paclitaxel","pearson_corr","RandomForest",0.312706265914838,"No Fine Tuning"
"3121","Paclitaxel","pearson_corr","RandomForest",0.344138664529356,"No Fine Tuning"
"3122","Paclitaxel","pearson_corr","RandomForest",0.347007116309426,"No Fine Tuning"
"3123","Paclitaxel","pearson_corr","RandomForest",0.252682895418528,"No Fine Tuning"
"3124","Paclitaxel","pearson_corr","RandomForest",0.207820769106441,"No Fine Tuning"
"3125","Paclitaxel","pearson_corr","RandomForest",0.259006950219929,"No Fine Tuning"
"3126","Paclitaxel","pearson_corr","RandomForest",0.233330870966892,"No Fine Tuning"
"3127","Paclitaxel","pearson_corr","RandomForest",0.205997787025254,"No Fine Tuning"
"3128","Paclitaxel","pearson_corr","RandomForest",0.308573483730994,"No Fine Tuning"
"3129","Paclitaxel","pearson_corr","RandomForest",0.316801290988224,"No Fine Tuning"
"3130","Paclitaxel","pearson_corr","RandomForest",0.308067716847519,"No Fine Tuning"
"3131","Paclitaxel","pearson_corr","RandomForest",0.316911599666782,"No Fine Tuning"
"3132","Paclitaxel","pearson_corr","RandomForest",0.293293839167035,"No Fine Tuning"
"3133","Paclitaxel","pearson_corr","RandomForest",0.351928045819767,"No Fine Tuning"
"3134","Paclitaxel","pearson_corr","RandomForest",0.305547059228887,"No Fine Tuning"
"3135","Paclitaxel","pearson_corr","RandomForest",0.239632474766153,"No Fine Tuning"
"3136","Paclitaxel","pearson_corr","RandomForest",0.27554643008343,"No Fine Tuning"
"3137","Paclitaxel","pearson_corr","RandomForest",0.22946446632106,"No Fine Tuning"
"3138","Paclitaxel","pearson_corr","RandomForest",0.32849126637955,"No Fine Tuning"
"3139","Paclitaxel","pearson_corr","RandomForest",0.339698438958197,"No Fine Tuning"
"3140","Paclitaxel","pearson_corr","RandomForest",0.309240300545364,"No Fine Tuning"
"3141","Paclitaxel","pearson_corr","RandomForest",0.256148029440113,"No Fine Tuning"
"3142","Paclitaxel","pearson_corr","RandomForest",0.333462328747271,"No Fine Tuning"
"3143","Paclitaxel","pearson_corr","RandomForest",0.293860907848595,"No Fine Tuning"
"3144","Paclitaxel","pearson_corr","RandomForest",0.293040293426956,"No Fine Tuning"
"3145","Paclitaxel","pearson_corr","RandomForest",0.313261973995573,"No Fine Tuning"
"3146","Paclitaxel","pearson_corr","RandomForest",0.308045928346709,"No Fine Tuning"
"3147","Paclitaxel","pearson_corr","RandomForest",0.314361377024454,"No Fine Tuning"
"3148","Paclitaxel","pearson_corr","RandomForest",0.358716078868861,"No Fine Tuning"
"3149","Paclitaxel","pearson_corr","RandomForest",0.279950533117514,"No Fine Tuning"
"3150","Paclitaxel","pearson_corr","RandomForest",0.325752726177893,"No Fine Tuning"
"3151","Paclitaxel","pearson_corr","RandomForest",0.308998283502449,"No Fine Tuning"
"3152","Paclitaxel","pearson_corr","RandomForest",0.308296729894709,"No Fine Tuning"
"3153","Paclitaxel","pearson_corr","RandomForest",0.262001591856504,"No Fine Tuning"
"3154","Paclitaxel","pearson_corr","RandomForest",0.226310623663815,"No Fine Tuning"
"3155","Paclitaxel","pearson_corr","RandomForest",0.286426754298443,"No Fine Tuning"
"3156","Paclitaxel","pearson_corr","RandomForest",0.313685451004771,"No Fine Tuning"
"3157","Paclitaxel","pearson_corr","RandomForest",0.330776075149697,"No Fine Tuning"
"3158","Paclitaxel","pearson_corr","RandomForest",0.295752991297775,"No Fine Tuning"
"3159","Paclitaxel","pearson_corr","RandomForest",0.296607473735113,"No Fine Tuning"
"3160","Paclitaxel","pearson_corr","RandomForest",0.277775369771737,"No Fine Tuning"
"3161","Paclitaxel","pearson_corr","RandomForest",0.264402285996969,"No Fine Tuning"
"3162","Paclitaxel","pearson_corr","RandomForest",0.295265663409949,"No Fine Tuning"
"3163","Paclitaxel","pearson_corr","RandomForest",0.252229215432746,"No Fine Tuning"
"3164","Paclitaxel","pearson_corr","RandomForest",0.282270983178188,"No Fine Tuning"
"3165","Paclitaxel","pearson_corr","RandomForest",0.325917639603473,"No Fine Tuning"
"3166","Paclitaxel","pearson_corr","RandomForest",0.270366131666491,"No Fine Tuning"
"3167","Paclitaxel","pearson_corr","RandomForest",0.384298513230065,"No Fine Tuning"
"3168","Paclitaxel","pearson_corr","RandomForest",0.270140203312689,"No Fine Tuning"
"3169","Paclitaxel","pearson_corr","RandomForest",0.206707737885414,"No Fine Tuning"
"3170","Paclitaxel","pearson_corr","RandomForest",0.339533455353164,"No Fine Tuning"
"3171","Paclitaxel","pearson_corr","RandomForest",0.309937571656307,"No Fine Tuning"
"3172","Paclitaxel","pearson_corr","RandomForest",0.272682928445982,"No Fine Tuning"
"3173","Paclitaxel","pearson_corr","RandomForest",0.288172260876116,"No Fine Tuning"
"3174","Paclitaxel","pearson_corr","RandomForest",0.253486813471001,"No Fine Tuning"
"3175","Paclitaxel","pearson_corr","RandomForest",0.318558551375729,"No Fine Tuning"
"3176","Paclitaxel","pearson_corr","RandomForest",0.33399290630623,"No Fine Tuning"
"3177","Paclitaxel","pearson_corr","RandomForest",0.311724844498396,"No Fine Tuning"
"3178","Paclitaxel","pearson_corr","RandomForest",0.300698409393692,"No Fine Tuning"
"3179","Paclitaxel","pearson_corr","RandomForest",0.214651384066736,"No Fine Tuning"
"3180","Paclitaxel","pearson_corr","RandomForest",0.338756440401828,"No Fine Tuning"
"3181","Paclitaxel","pearson_corr","RandomForest",0.24427660130495,"No Fine Tuning"
"3182","Paclitaxel","pearson_corr","RandomForest",0.275696618429325,"No Fine Tuning"
"3183","Paclitaxel","pearson_corr","RandomForest",0.334476029515813,"No Fine Tuning"
"3184","Paclitaxel","pearson_corr","RandomForest",0.246606025129722,"No Fine Tuning"
"3185","Paclitaxel","pearson_corr","RandomForest",0.246640447675737,"No Fine Tuning"
"3186","Paclitaxel","pearson_corr","RandomForest",0.300064189854829,"No Fine Tuning"
"3187","Paclitaxel","pearson_corr","RandomForest",0.239592001737818,"No Fine Tuning"
"3188","Paclitaxel","pearson_corr","RandomForest",0.315686086749314,"No Fine Tuning"
"3189","Paclitaxel","pearson_corr","RandomForest",0.292893168290499,"No Fine Tuning"
"3190","Paclitaxel","pearson_corr","RandomForest",0.336562295325512,"No Fine Tuning"
"3191","Paclitaxel","pearson_corr","RandomForest",0.309333584429777,"No Fine Tuning"
"3192","Paclitaxel","pearson_corr","RandomForest",0.3000676021259,"No Fine Tuning"
"3193","Paclitaxel","pearson_corr","RandomForest",0.23409775355266,"No Fine Tuning"
"3194","Paclitaxel","pearson_corr","RandomForest",0.312960969883124,"No Fine Tuning"
"3195","Paclitaxel","pearson_corr","RandomForest",0.323212743793946,"No Fine Tuning"
"3196","Paclitaxel","pearson_corr","RandomForest",0.370897859705089,"No Fine Tuning"
"3197","Paclitaxel","pearson_corr","RandomForest",0.22594721796105,"No Fine Tuning"
"3198","Paclitaxel","pearson_corr","RandomForest",0.266967912156771,"No Fine Tuning"
"3199","Paclitaxel","pearson_corr","RandomForest",0.242497851181514,"No Fine Tuning"
"3200","Paclitaxel","pearson_corr","RandomForest",0.250009677893699,"No Fine Tuning"
"3201","Paclitaxel","pearson_corr","SVM",0.366774627343474,"No Fine Tuning"
"3202","Paclitaxel","pearson_corr","SVM",0.358795040532602,"No Fine Tuning"
"3203","Paclitaxel","pearson_corr","SVM",0.355877874681873,"No Fine Tuning"
"3204","Paclitaxel","pearson_corr","SVM",0.329554437625567,"No Fine Tuning"
"3205","Paclitaxel","pearson_corr","SVM",0.345077582661563,"No Fine Tuning"
"3206","Paclitaxel","pearson_corr","SVM",0.417531202446324,"No Fine Tuning"
"3207","Paclitaxel","pearson_corr","SVM",0.413245415059923,"No Fine Tuning"
"3208","Paclitaxel","pearson_corr","SVM",0.259360484033942,"No Fine Tuning"
"3209","Paclitaxel","pearson_corr","SVM",0.340875024472248,"No Fine Tuning"
"3210","Paclitaxel","pearson_corr","SVM",0.285642956336338,"No Fine Tuning"
"3211","Paclitaxel","pearson_corr","SVM",0.343394787413751,"No Fine Tuning"
"3212","Paclitaxel","pearson_corr","SVM",0.428021364605656,"No Fine Tuning"
"3213","Paclitaxel","pearson_corr","SVM",0.279683979054753,"No Fine Tuning"
"3214","Paclitaxel","pearson_corr","SVM",0.379475102454303,"No Fine Tuning"
"3215","Paclitaxel","pearson_corr","SVM",0.364308213265077,"No Fine Tuning"
"3216","Paclitaxel","pearson_corr","SVM",0.318978044998047,"No Fine Tuning"
"3217","Paclitaxel","pearson_corr","SVM",0.413862453335262,"No Fine Tuning"
"3218","Paclitaxel","pearson_corr","SVM",0.310433671009047,"No Fine Tuning"
"3219","Paclitaxel","pearson_corr","SVM",0.360086067214675,"No Fine Tuning"
"3220","Paclitaxel","pearson_corr","SVM",0.442068723196454,"No Fine Tuning"
"3221","Paclitaxel","pearson_corr","SVM",0.35828283900062,"No Fine Tuning"
"3222","Paclitaxel","pearson_corr","SVM",0.373032672649103,"No Fine Tuning"
"3223","Paclitaxel","pearson_corr","SVM",0.254414105511024,"No Fine Tuning"
"3224","Paclitaxel","pearson_corr","SVM",0.24324593230431,"No Fine Tuning"
"3225","Paclitaxel","pearson_corr","SVM",0.33669655255631,"No Fine Tuning"
"3226","Paclitaxel","pearson_corr","SVM",0.317681398538867,"No Fine Tuning"
"3227","Paclitaxel","pearson_corr","SVM",0.266351604497396,"No Fine Tuning"
"3228","Paclitaxel","pearson_corr","SVM",0.376290698429277,"No Fine Tuning"
"3229","Paclitaxel","pearson_corr","SVM",0.404630226153469,"No Fine Tuning"
"3230","Paclitaxel","pearson_corr","SVM",0.349577522345554,"No Fine Tuning"
"3231","Paclitaxel","pearson_corr","SVM",0.418435809813251,"No Fine Tuning"
"3232","Paclitaxel","pearson_corr","SVM",0.393761267142282,"No Fine Tuning"
"3233","Paclitaxel","pearson_corr","SVM",0.373937733945744,"No Fine Tuning"
"3234","Paclitaxel","pearson_corr","SVM",0.325139046720709,"No Fine Tuning"
"3235","Paclitaxel","pearson_corr","SVM",0.244296296080468,"No Fine Tuning"
"3236","Paclitaxel","pearson_corr","SVM",0.32194717196813,"No Fine Tuning"
"3237","Paclitaxel","pearson_corr","SVM",0.271022777411163,"No Fine Tuning"
"3238","Paclitaxel","pearson_corr","SVM",0.368702803914002,"No Fine Tuning"
"3239","Paclitaxel","pearson_corr","SVM",0.381004311721453,"No Fine Tuning"
"3240","Paclitaxel","pearson_corr","SVM",0.357197076100018,"No Fine Tuning"
"3241","Paclitaxel","pearson_corr","SVM",0.33471265458139,"No Fine Tuning"
"3242","Paclitaxel","pearson_corr","SVM",0.38736053169996,"No Fine Tuning"
"3243","Paclitaxel","pearson_corr","SVM",0.349145942679207,"No Fine Tuning"
"3244","Paclitaxel","pearson_corr","SVM",0.372449779420396,"No Fine Tuning"
"3245","Paclitaxel","pearson_corr","SVM",0.412711850962674,"No Fine Tuning"
"3246","Paclitaxel","pearson_corr","SVM",0.372408355017234,"No Fine Tuning"
"3247","Paclitaxel","pearson_corr","SVM",0.362975721251634,"No Fine Tuning"
"3248","Paclitaxel","pearson_corr","SVM",0.417718582321552,"No Fine Tuning"
"3249","Paclitaxel","pearson_corr","SVM",0.352882333783421,"No Fine Tuning"
"3250","Paclitaxel","pearson_corr","SVM",0.400965343649409,"No Fine Tuning"
"3251","Paclitaxel","pearson_corr","SVM",0.351479624754127,"No Fine Tuning"
"3252","Paclitaxel","pearson_corr","SVM",0.390052058413975,"No Fine Tuning"
"3253","Paclitaxel","pearson_corr","SVM",0.331829939195959,"No Fine Tuning"
"3254","Paclitaxel","pearson_corr","SVM",0.272972951986201,"No Fine Tuning"
"3255","Paclitaxel","pearson_corr","SVM",0.344181118540208,"No Fine Tuning"
"3256","Paclitaxel","pearson_corr","SVM",0.375204944748429,"No Fine Tuning"
"3257","Paclitaxel","pearson_corr","SVM",0.394052774829889,"No Fine Tuning"
"3258","Paclitaxel","pearson_corr","SVM",0.354245112733167,"No Fine Tuning"
"3259","Paclitaxel","pearson_corr","SVM",0.378252192833776,"No Fine Tuning"
"3260","Paclitaxel","pearson_corr","SVM",0.307573173250631,"No Fine Tuning"
"3261","Paclitaxel","pearson_corr","SVM",0.319205228217133,"No Fine Tuning"
"3262","Paclitaxel","pearson_corr","SVM",0.369616760684016,"No Fine Tuning"
"3263","Paclitaxel","pearson_corr","SVM",0.333963849910525,"No Fine Tuning"
"3264","Paclitaxel","pearson_corr","SVM",0.322556649794723,"No Fine Tuning"
"3265","Paclitaxel","pearson_corr","SVM",0.362768768297522,"No Fine Tuning"
"3266","Paclitaxel","pearson_corr","SVM",0.35589489083412,"No Fine Tuning"
"3267","Paclitaxel","pearson_corr","SVM",0.500235708383114,"No Fine Tuning"
"3268","Paclitaxel","pearson_corr","SVM",0.320703668690235,"No Fine Tuning"
"3269","Paclitaxel","pearson_corr","SVM",0.275712316390002,"No Fine Tuning"
"3270","Paclitaxel","pearson_corr","SVM",0.380173654394314,"No Fine Tuning"
"3271","Paclitaxel","pearson_corr","SVM",0.357471876801612,"No Fine Tuning"
"3272","Paclitaxel","pearson_corr","SVM",0.365058009573918,"No Fine Tuning"
"3273","Paclitaxel","pearson_corr","SVM",0.387923356657932,"No Fine Tuning"
"3274","Paclitaxel","pearson_corr","SVM",0.330095022416182,"No Fine Tuning"
"3275","Paclitaxel","pearson_corr","SVM",0.330638387709294,"No Fine Tuning"
"3276","Paclitaxel","pearson_corr","SVM",0.419528189982082,"No Fine Tuning"
"3277","Paclitaxel","pearson_corr","SVM",0.348445487599614,"No Fine Tuning"
"3278","Paclitaxel","pearson_corr","SVM",0.351291559240476,"No Fine Tuning"
"3279","Paclitaxel","pearson_corr","SVM",0.303420267103781,"No Fine Tuning"
"3280","Paclitaxel","pearson_corr","SVM",0.399489489800218,"No Fine Tuning"
"3281","Paclitaxel","pearson_corr","SVM",0.300000402845832,"No Fine Tuning"
"3282","Paclitaxel","pearson_corr","SVM",0.403513502958558,"No Fine Tuning"
"3283","Paclitaxel","pearson_corr","SVM",0.339212848430725,"No Fine Tuning"
"3284","Paclitaxel","pearson_corr","SVM",0.291283355499751,"No Fine Tuning"
"3285","Paclitaxel","pearson_corr","SVM",0.286119983767745,"No Fine Tuning"
"3286","Paclitaxel","pearson_corr","SVM",0.385940012981641,"No Fine Tuning"
"3287","Paclitaxel","pearson_corr","SVM",0.282169084406171,"No Fine Tuning"
"3288","Paclitaxel","pearson_corr","SVM",0.362527490529259,"No Fine Tuning"
"3289","Paclitaxel","pearson_corr","SVM",0.370724899286696,"No Fine Tuning"
"3290","Paclitaxel","pearson_corr","SVM",0.394704013299462,"No Fine Tuning"
"3291","Paclitaxel","pearson_corr","SVM",0.321204499024754,"No Fine Tuning"
"3292","Paclitaxel","pearson_corr","SVM",0.366669527103255,"No Fine Tuning"
"3293","Paclitaxel","pearson_corr","SVM",0.296723173420568,"No Fine Tuning"
"3294","Paclitaxel","pearson_corr","SVM",0.359829170049639,"No Fine Tuning"
"3295","Paclitaxel","pearson_corr","SVM",0.333170650353877,"No Fine Tuning"
"3296","Paclitaxel","pearson_corr","SVM",0.396579015505244,"No Fine Tuning"
"3297","Paclitaxel","pearson_corr","SVM",0.309732126661275,"No Fine Tuning"
"3298","Paclitaxel","pearson_corr","SVM",0.278723554768199,"No Fine Tuning"
"3299","Paclitaxel","pearson_corr","SVM",0.308487091314249,"No Fine Tuning"
"3300","Paclitaxel","pearson_corr","SVM",0.301174648234071,"No Fine Tuning"
"3301","Paclitaxel","pearson_corr","XGBoost",0.230508228092981,"No Fine Tuning"
"3302","Paclitaxel","pearson_corr","XGBoost",0.274186882207652,"No Fine Tuning"
"3303","Paclitaxel","pearson_corr","XGBoost",0.293422648991796,"No Fine Tuning"
"3304","Paclitaxel","pearson_corr","XGBoost",0.275382115655013,"No Fine Tuning"
"3305","Paclitaxel","pearson_corr","XGBoost",0.292255789221309,"No Fine Tuning"
"3306","Paclitaxel","pearson_corr","XGBoost",0.309876615303892,"No Fine Tuning"
"3307","Paclitaxel","pearson_corr","XGBoost",0.292600046301027,"No Fine Tuning"
"3308","Paclitaxel","pearson_corr","XGBoost",0.260889917134205,"No Fine Tuning"
"3309","Paclitaxel","pearson_corr","XGBoost",0.259705095118514,"No Fine Tuning"
"3310","Paclitaxel","pearson_corr","XGBoost",0.176939848024305,"No Fine Tuning"
"3311","Paclitaxel","pearson_corr","XGBoost",0.279316708225212,"No Fine Tuning"
"3312","Paclitaxel","pearson_corr","XGBoost",0.294766999402212,"No Fine Tuning"
"3313","Paclitaxel","pearson_corr","XGBoost",0.199271553110537,"No Fine Tuning"
"3314","Paclitaxel","pearson_corr","XGBoost",0.341084601230917,"No Fine Tuning"
"3315","Paclitaxel","pearson_corr","XGBoost",0.275794850785515,"No Fine Tuning"
"3316","Paclitaxel","pearson_corr","XGBoost",0.233129307720897,"No Fine Tuning"
"3317","Paclitaxel","pearson_corr","XGBoost",0.280461442545165,"No Fine Tuning"
"3318","Paclitaxel","pearson_corr","XGBoost",0.225593183479156,"No Fine Tuning"
"3319","Paclitaxel","pearson_corr","XGBoost",0.287476161288083,"No Fine Tuning"
"3320","Paclitaxel","pearson_corr","XGBoost",0.261375620690062,"No Fine Tuning"
"3321","Paclitaxel","pearson_corr","XGBoost",0.279449503996148,"No Fine Tuning"
"3322","Paclitaxel","pearson_corr","XGBoost",0.31188464621494,"No Fine Tuning"
"3323","Paclitaxel","pearson_corr","XGBoost",0.240699856588174,"No Fine Tuning"
"3324","Paclitaxel","pearson_corr","XGBoost",0.253202255188811,"No Fine Tuning"
"3325","Paclitaxel","pearson_corr","XGBoost",0.206265387852116,"No Fine Tuning"
"3326","Paclitaxel","pearson_corr","XGBoost",0.216940242273709,"No Fine Tuning"
"3327","Paclitaxel","pearson_corr","XGBoost",0.223432023926371,"No Fine Tuning"
"3328","Paclitaxel","pearson_corr","XGBoost",0.214595532499938,"No Fine Tuning"
"3329","Paclitaxel","pearson_corr","XGBoost",0.251903304525724,"No Fine Tuning"
"3330","Paclitaxel","pearson_corr","XGBoost",0.286132818996328,"No Fine Tuning"
"3331","Paclitaxel","pearson_corr","XGBoost",0.240046296348232,"No Fine Tuning"
"3332","Paclitaxel","pearson_corr","XGBoost",0.246779695620446,"No Fine Tuning"
"3333","Paclitaxel","pearson_corr","XGBoost",0.271150491833177,"No Fine Tuning"
"3334","Paclitaxel","pearson_corr","XGBoost",0.267568914607856,"No Fine Tuning"
"3335","Paclitaxel","pearson_corr","XGBoost",0.165468151866366,"No Fine Tuning"
"3336","Paclitaxel","pearson_corr","XGBoost",0.239512262396902,"No Fine Tuning"
"3337","Paclitaxel","pearson_corr","XGBoost",0.228023027850762,"No Fine Tuning"
"3338","Paclitaxel","pearson_corr","XGBoost",0.252327243080205,"No Fine Tuning"
"3339","Paclitaxel","pearson_corr","XGBoost",0.279255015935862,"No Fine Tuning"
"3340","Paclitaxel","pearson_corr","XGBoost",0.237212099818745,"No Fine Tuning"
"3341","Paclitaxel","pearson_corr","XGBoost",0.19379772176852,"No Fine Tuning"
"3342","Paclitaxel","pearson_corr","XGBoost",0.297345608037288,"No Fine Tuning"
"3343","Paclitaxel","pearson_corr","XGBoost",0.302325052231862,"No Fine Tuning"
"3344","Paclitaxel","pearson_corr","XGBoost",0.246552234910214,"No Fine Tuning"
"3345","Paclitaxel","pearson_corr","XGBoost",0.261908009496087,"No Fine Tuning"
"3346","Paclitaxel","pearson_corr","XGBoost",0.275352036468367,"No Fine Tuning"
"3347","Paclitaxel","pearson_corr","XGBoost",0.269291433410113,"No Fine Tuning"
"3348","Paclitaxel","pearson_corr","XGBoost",0.28288651898045,"No Fine Tuning"
"3349","Paclitaxel","pearson_corr","XGBoost",0.258232032571696,"No Fine Tuning"
"3350","Paclitaxel","pearson_corr","XGBoost",0.296012455048338,"No Fine Tuning"
"3351","Paclitaxel","pearson_corr","XGBoost",0.246856142387957,"No Fine Tuning"
"3352","Paclitaxel","pearson_corr","XGBoost",0.229689290437551,"No Fine Tuning"
"3353","Paclitaxel","pearson_corr","XGBoost",0.2031469554165,"No Fine Tuning"
"3354","Paclitaxel","pearson_corr","XGBoost",0.238715604106219,"No Fine Tuning"
"3355","Paclitaxel","pearson_corr","XGBoost",0.261075371403493,"No Fine Tuning"
"3356","Paclitaxel","pearson_corr","XGBoost",0.264227926274597,"No Fine Tuning"
"3357","Paclitaxel","pearson_corr","XGBoost",0.308136176171225,"No Fine Tuning"
"3358","Paclitaxel","pearson_corr","XGBoost",0.244114410517324,"No Fine Tuning"
"3359","Paclitaxel","pearson_corr","XGBoost",0.276350728395381,"No Fine Tuning"
"3360","Paclitaxel","pearson_corr","XGBoost",0.259471110997879,"No Fine Tuning"
"3361","Paclitaxel","pearson_corr","XGBoost",0.211221266760314,"No Fine Tuning"
"3362","Paclitaxel","pearson_corr","XGBoost",0.282821711046475,"No Fine Tuning"
"3363","Paclitaxel","pearson_corr","XGBoost",0.247821091894681,"No Fine Tuning"
"3364","Paclitaxel","pearson_corr","XGBoost",0.269234730772632,"No Fine Tuning"
"3365","Paclitaxel","pearson_corr","XGBoost",0.306923030697315,"No Fine Tuning"
"3366","Paclitaxel","pearson_corr","XGBoost",0.237878860459589,"No Fine Tuning"
"3367","Paclitaxel","pearson_corr","XGBoost",0.314948001142277,"No Fine Tuning"
"3368","Paclitaxel","pearson_corr","XGBoost",0.275085066602414,"No Fine Tuning"
"3369","Paclitaxel","pearson_corr","XGBoost",0.196963358197723,"No Fine Tuning"
"3370","Paclitaxel","pearson_corr","XGBoost",0.282154776210193,"No Fine Tuning"
"3371","Paclitaxel","pearson_corr","XGBoost",0.292020579339896,"No Fine Tuning"
"3372","Paclitaxel","pearson_corr","XGBoost",0.231583909848605,"No Fine Tuning"
"3373","Paclitaxel","pearson_corr","XGBoost",0.247566372079984,"No Fine Tuning"
"3374","Paclitaxel","pearson_corr","XGBoost",0.260668804162324,"No Fine Tuning"
"3375","Paclitaxel","pearson_corr","XGBoost",0.304403209325248,"No Fine Tuning"
"3376","Paclitaxel","pearson_corr","XGBoost",0.27326955462599,"No Fine Tuning"
"3377","Paclitaxel","pearson_corr","XGBoost",0.250928062361714,"No Fine Tuning"
"3378","Paclitaxel","pearson_corr","XGBoost",0.253740462329717,"No Fine Tuning"
"3379","Paclitaxel","pearson_corr","XGBoost",0.218467963591118,"No Fine Tuning"
"3380","Paclitaxel","pearson_corr","XGBoost",0.240942100298318,"No Fine Tuning"
"3381","Paclitaxel","pearson_corr","XGBoost",0.196519116169749,"No Fine Tuning"
"3382","Paclitaxel","pearson_corr","XGBoost",0.259109383200254,"No Fine Tuning"
"3383","Paclitaxel","pearson_corr","XGBoost",0.265796717795805,"No Fine Tuning"
"3384","Paclitaxel","pearson_corr","XGBoost",0.264414254594314,"No Fine Tuning"
"3385","Paclitaxel","pearson_corr","XGBoost",0.196156210483034,"No Fine Tuning"
"3386","Paclitaxel","pearson_corr","XGBoost",0.28202300032967,"No Fine Tuning"
"3387","Paclitaxel","pearson_corr","XGBoost",0.170470945414841,"No Fine Tuning"
"3388","Paclitaxel","pearson_corr","XGBoost",0.256878425180595,"No Fine Tuning"
"3389","Paclitaxel","pearson_corr","XGBoost",0.264952921028255,"No Fine Tuning"
"3390","Paclitaxel","pearson_corr","XGBoost",0.213678997378212,"No Fine Tuning"
"3391","Paclitaxel","pearson_corr","XGBoost",0.317963053105503,"No Fine Tuning"
"3392","Paclitaxel","pearson_corr","XGBoost",0.228287629010307,"No Fine Tuning"
"3393","Paclitaxel","pearson_corr","XGBoost",0.202278156763913,"No Fine Tuning"
"3394","Paclitaxel","pearson_corr","XGBoost",0.30299714545242,"No Fine Tuning"
"3395","Paclitaxel","pearson_corr","XGBoost",0.226436195538085,"No Fine Tuning"
"3396","Paclitaxel","pearson_corr","XGBoost",0.336698562640593,"No Fine Tuning"
"3397","Paclitaxel","pearson_corr","XGBoost",0.243196909209712,"No Fine Tuning"
"3398","Paclitaxel","pearson_corr","XGBoost",0.284347046893081,"No Fine Tuning"
"3399","Paclitaxel","pearson_corr","XGBoost",0.163643575663812,"No Fine Tuning"
"3400","Paclitaxel","pearson_corr","XGBoost",0.198495433569796,"No Fine Tuning"
"3401","Paclitaxel","pearson_corr","SupervisedVAE",0.274411629934739,"No Fine Tuning"
"3402","Paclitaxel","pearson_corr","SupervisedVAE",0.288117242337136,"No Fine Tuning"
"3403","Paclitaxel","pearson_corr","SupervisedVAE",0.394994157056733,"No Fine Tuning"
"3404","Paclitaxel","pearson_corr","SupervisedVAE",0.321504454439826,"No Fine Tuning"
"3405","Paclitaxel","pearson_corr","SupervisedVAE",0.344909043885774,"No Fine Tuning"
"3406","Paclitaxel","pearson_corr","SupervisedVAE",0.427281977732734,"No Fine Tuning"
"3407","Paclitaxel","pearson_corr","SupervisedVAE",0.404706038861408,"No Fine Tuning"
"3408","Paclitaxel","pearson_corr","SupervisedVAE",0.20372918695296,"No Fine Tuning"
"3409","Paclitaxel","pearson_corr","SupervisedVAE",0.271558518282821,"No Fine Tuning"
"3410","Paclitaxel","pearson_corr","SupervisedVAE",0.249233009496476,"No Fine Tuning"
"3411","Paclitaxel","pearson_corr","SupervisedVAE",0.340514697752335,"No Fine Tuning"
"3412","Paclitaxel","pearson_corr","SupervisedVAE",0.398546324412625,"No Fine Tuning"
"3413","Paclitaxel","pearson_corr","SupervisedVAE",0.262904022674847,"No Fine Tuning"
"3414","Paclitaxel","pearson_corr","SupervisedVAE",0.362789281263023,"No Fine Tuning"
"3415","Paclitaxel","pearson_corr","SupervisedVAE",0.284680951810059,"No Fine Tuning"
"3416","Paclitaxel","pearson_corr","SupervisedVAE",0.249183781543588,"No Fine Tuning"
"3417","Paclitaxel","pearson_corr","SupervisedVAE",0.28797669447033,"No Fine Tuning"
"3418","Paclitaxel","pearson_corr","SupervisedVAE",0.324465100061829,"No Fine Tuning"
"3419","Paclitaxel","pearson_corr","SupervisedVAE",0.383521703639395,"No Fine Tuning"
"3420","Paclitaxel","pearson_corr","SupervisedVAE",0.377813813818733,"No Fine Tuning"
"3421","Paclitaxel","pearson_corr","SupervisedVAE",0.347700950502022,"No Fine Tuning"
"3422","Paclitaxel","pearson_corr","SupervisedVAE",0.372961290147827,"No Fine Tuning"
"3423","Paclitaxel","pearson_corr","SupervisedVAE",0.291575348653077,"No Fine Tuning"
"3424","Paclitaxel","pearson_corr","SupervisedVAE",0.295107197103267,"No Fine Tuning"
"3425","Paclitaxel","pearson_corr","SupervisedVAE",0.28291523234552,"No Fine Tuning"
"3426","Paclitaxel","pearson_corr","SupervisedVAE",0.304409400987465,"No Fine Tuning"
"3427","Paclitaxel","pearson_corr","SupervisedVAE",0.312548127740585,"No Fine Tuning"
"3428","Paclitaxel","pearson_corr","SupervisedVAE",0.322763503038984,"No Fine Tuning"
"3429","Paclitaxel","pearson_corr","SupervisedVAE",0.368576832724832,"No Fine Tuning"
"3430","Paclitaxel","pearson_corr","SupervisedVAE",0.323714285789426,"No Fine Tuning"
"3431","Paclitaxel","pearson_corr","SupervisedVAE",0.379870922112542,"No Fine Tuning"
"3432","Paclitaxel","pearson_corr","SupervisedVAE",0.400868893255311,"No Fine Tuning"
"3433","Paclitaxel","pearson_corr","SupervisedVAE",0.377853121745914,"No Fine Tuning"
"3434","Paclitaxel","pearson_corr","SupervisedVAE",0.289081264803802,"No Fine Tuning"
"3435","Paclitaxel","pearson_corr","SupervisedVAE",0.251870121234945,"No Fine Tuning"
"3436","Paclitaxel","pearson_corr","SupervisedVAE",0.352963743238289,"No Fine Tuning"
"3437","Paclitaxel","pearson_corr","SupervisedVAE",0.326233475970498,"No Fine Tuning"
"3438","Paclitaxel","pearson_corr","SupervisedVAE",0.349054553476663,"No Fine Tuning"
"3439","Paclitaxel","pearson_corr","SupervisedVAE",0.356922020878234,"No Fine Tuning"
"3440","Paclitaxel","pearson_corr","SupervisedVAE",0.335904521043162,"No Fine Tuning"
"3441","Paclitaxel","pearson_corr","SupervisedVAE",0.356267907540633,"No Fine Tuning"
"3442","Paclitaxel","pearson_corr","SupervisedVAE",0.388233910361979,"No Fine Tuning"
"3443","Paclitaxel","pearson_corr","SupervisedVAE",0.386802854669286,"No Fine Tuning"
"3444","Paclitaxel","pearson_corr","SupervisedVAE",0.334553458591465,"No Fine Tuning"
"3445","Paclitaxel","pearson_corr","SupervisedVAE",0.334979776350388,"No Fine Tuning"
"3446","Paclitaxel","pearson_corr","SupervisedVAE",0.314920756897626,"No Fine Tuning"
"3447","Paclitaxel","pearson_corr","SupervisedVAE",0.399818378188833,"No Fine Tuning"
"3448","Paclitaxel","pearson_corr","SupervisedVAE",0.381015757832626,"No Fine Tuning"
"3449","Paclitaxel","pearson_corr","SupervisedVAE",0.308819480718425,"No Fine Tuning"
"3450","Paclitaxel","pearson_corr","SupervisedVAE",0.386033112725905,"No Fine Tuning"
"3451","Paclitaxel","pearson_corr","SupervisedVAE",0.410433654479562,"No Fine Tuning"
"3452","Paclitaxel","pearson_corr","SupervisedVAE",0.336356360984645,"No Fine Tuning"
"3453","Paclitaxel","pearson_corr","SupervisedVAE",0.324175808645495,"No Fine Tuning"
"3454","Paclitaxel","pearson_corr","SupervisedVAE",0.251100594979002,"No Fine Tuning"
"3455","Paclitaxel","pearson_corr","SupervisedVAE",0.368369988930576,"No Fine Tuning"
"3456","Paclitaxel","pearson_corr","SupervisedVAE",0.367359510394924,"No Fine Tuning"
"3457","Paclitaxel","pearson_corr","SupervisedVAE",0.402704407013759,"No Fine Tuning"
"3458","Paclitaxel","pearson_corr","SupervisedVAE",0.345015103185029,"No Fine Tuning"
"3459","Paclitaxel","pearson_corr","SupervisedVAE",0.308652636966588,"No Fine Tuning"
"3460","Paclitaxel","pearson_corr","SupervisedVAE",0.285901535508348,"No Fine Tuning"
"3461","Paclitaxel","pearson_corr","SupervisedVAE",0.31564761780369,"No Fine Tuning"
"3462","Paclitaxel","pearson_corr","SupervisedVAE",0.328503258394808,"No Fine Tuning"
"3463","Paclitaxel","pearson_corr","SupervisedVAE",0.329226883579828,"No Fine Tuning"
"3464","Paclitaxel","pearson_corr","SupervisedVAE",0.304511529064913,"No Fine Tuning"
"3465","Paclitaxel","pearson_corr","SupervisedVAE",0.339922195914602,"No Fine Tuning"
"3466","Paclitaxel","pearson_corr","SupervisedVAE",0.281643987302697,"No Fine Tuning"
"3467","Paclitaxel","pearson_corr","SupervisedVAE",0.461117475464206,"No Fine Tuning"
"3468","Paclitaxel","pearson_corr","SupervisedVAE",0.281443670254401,"No Fine Tuning"
"3469","Paclitaxel","pearson_corr","SupervisedVAE",0.319356663392322,"No Fine Tuning"
"3470","Paclitaxel","pearson_corr","SupervisedVAE",0.316401143982901,"No Fine Tuning"
"3471","Paclitaxel","pearson_corr","SupervisedVAE",0.357058141647596,"No Fine Tuning"
"3472","Paclitaxel","pearson_corr","SupervisedVAE",0.323347519670428,"No Fine Tuning"
"3473","Paclitaxel","pearson_corr","SupervisedVAE",0.338392967243991,"No Fine Tuning"
"3474","Paclitaxel","pearson_corr","SupervisedVAE",0.236503222685292,"No Fine Tuning"
"3475","Paclitaxel","pearson_corr","SupervisedVAE",0.317687863195079,"No Fine Tuning"
"3476","Paclitaxel","pearson_corr","SupervisedVAE",0.353875622159897,"No Fine Tuning"
"3477","Paclitaxel","pearson_corr","SupervisedVAE",0.350096896516718,"No Fine Tuning"
"3478","Paclitaxel","pearson_corr","SupervisedVAE",0.427430475635988,"No Fine Tuning"
"3479","Paclitaxel","pearson_corr","SupervisedVAE",0.280437765402349,"No Fine Tuning"
"3480","Paclitaxel","pearson_corr","SupervisedVAE",0.364258767960771,"No Fine Tuning"
"3481","Paclitaxel","pearson_corr","SupervisedVAE",0.31629312378168,"No Fine Tuning"
"3482","Paclitaxel","pearson_corr","SupervisedVAE",0.332444340209879,"No Fine Tuning"
"3483","Paclitaxel","pearson_corr","SupervisedVAE",0.381822254562534,"No Fine Tuning"
"3484","Paclitaxel","pearson_corr","SupervisedVAE",0.30076128834745,"No Fine Tuning"
"3485","Paclitaxel","pearson_corr","SupervisedVAE",0.27965926569858,"No Fine Tuning"
"3486","Paclitaxel","pearson_corr","SupervisedVAE",0.367209375535563,"No Fine Tuning"
"3487","Paclitaxel","pearson_corr","SupervisedVAE",0.36194048622494,"No Fine Tuning"
"3488","Paclitaxel","pearson_corr","SupervisedVAE",0.328294412061865,"No Fine Tuning"
"3489","Paclitaxel","pearson_corr","SupervisedVAE",0.381561540809656,"No Fine Tuning"
"3490","Paclitaxel","pearson_corr","SupervisedVAE",0.360389566873083,"No Fine Tuning"
"3491","Paclitaxel","pearson_corr","SupervisedVAE",0.342361363780559,"No Fine Tuning"
"3492","Paclitaxel","pearson_corr","SupervisedVAE",0.370936015461489,"No Fine Tuning"
"3493","Paclitaxel","pearson_corr","SupervisedVAE",0.306522382261575,"No Fine Tuning"
"3494","Paclitaxel","pearson_corr","SupervisedVAE",0.317157943415527,"No Fine Tuning"
"3495","Paclitaxel","pearson_corr","SupervisedVAE",0.326838447037682,"No Fine Tuning"
"3496","Paclitaxel","pearson_corr","SupervisedVAE",0.336321233394285,"No Fine Tuning"
"3497","Paclitaxel","pearson_corr","SupervisedVAE",0.283312305753902,"No Fine Tuning"
"3498","Paclitaxel","pearson_corr","SupervisedVAE",0.32302040963834,"No Fine Tuning"
"3499","Paclitaxel","pearson_corr","SupervisedVAE",0.286120904570505,"No Fine Tuning"
"3500","Paclitaxel","pearson_corr","SupervisedVAE",0.302976299681795,"No Fine Tuning"
"3501","Palbociclib","pearson_corr","SupervisedVAE_finetuned",0.421467268611382,"With Fine Tuning"
"3502","Palbociclib","pearson_corr","SupervisedVAE_finetuned",0.406723275455959,"With Fine Tuning"
"3503","Palbociclib","pearson_corr","SupervisedVAE_finetuned",0.425472320805678,"With Fine Tuning"
"3504","Palbociclib","pearson_corr","SupervisedVAE_finetuned",0.35834466243747,"With Fine Tuning"
"3505","Palbociclib","pearson_corr","SupervisedVAE_finetuned",0.429123865312714,"With Fine Tuning"
"3506","Palbociclib","pearson_corr","SupervisedVAE_finetuned",0.403413223639048,"With Fine Tuning"
"3507","Palbociclib","pearson_corr","SupervisedVAE_finetuned",0.434955979459297,"With Fine Tuning"
"3508","Palbociclib","pearson_corr","SupervisedVAE_finetuned",0.381388676400051,"With Fine Tuning"
"3509","Palbociclib","pearson_corr","SupervisedVAE_finetuned",0.456288166511505,"With Fine Tuning"
"3510","Palbociclib","pearson_corr","SupervisedVAE_finetuned",0.42856193486406,"With Fine Tuning"
"3511","Palbociclib","pearson_corr","SupervisedVAE_finetuned",0.46844404719203,"With Fine Tuning"
"3512","Palbociclib","pearson_corr","SupervisedVAE_finetuned",0.437207046199165,"With Fine Tuning"
"3513","Palbociclib","pearson_corr","SupervisedVAE_finetuned",0.439561834747885,"With Fine Tuning"
"3514","Palbociclib","pearson_corr","SupervisedVAE_finetuned",0.437040248827426,"With Fine Tuning"
"3515","Palbociclib","pearson_corr","SupervisedVAE_finetuned",0.319464905475101,"With Fine Tuning"
"3516","Palbociclib","pearson_corr","SupervisedVAE_finetuned",0.332846904027344,"With Fine Tuning"
"3517","Palbociclib","pearson_corr","SupervisedVAE_finetuned",0.40160266048557,"With Fine Tuning"
"3518","Palbociclib","pearson_corr","SupervisedVAE_finetuned",0.416370776790058,"With Fine Tuning"
"3519","Palbociclib","pearson_corr","SupervisedVAE_finetuned",0.404353482896632,"With Fine Tuning"
"3520","Palbociclib","pearson_corr","SupervisedVAE_finetuned",0.422498860291246,"With Fine Tuning"
"3521","Palbociclib","pearson_corr","SupervisedVAE_finetuned",0.407058572149735,"With Fine Tuning"
"3522","Palbociclib","pearson_corr","SupervisedVAE_finetuned",0.387477280477059,"With Fine Tuning"
"3523","Palbociclib","pearson_corr","SupervisedVAE_finetuned",0.431858743254176,"With Fine Tuning"
"3524","Palbociclib","pearson_corr","SupervisedVAE_finetuned",0.444710092731277,"With Fine Tuning"
"3525","Palbociclib","pearson_corr","SupervisedVAE_finetuned",0.412706383817033,"With Fine Tuning"
"3526","Palbociclib","pearson_corr","SupervisedVAE_finetuned",0.402675819756407,"With Fine Tuning"
"3527","Palbociclib","pearson_corr","SupervisedVAE_finetuned",0.494428838905995,"With Fine Tuning"
"3528","Palbociclib","pearson_corr","SupervisedVAE_finetuned",0.449683663884813,"With Fine Tuning"
"3529","Palbociclib","pearson_corr","SupervisedVAE_finetuned",0.385000098680285,"With Fine Tuning"
"3530","Palbociclib","pearson_corr","SupervisedVAE_finetuned",0.423412154905697,"With Fine Tuning"
"3531","Palbociclib","pearson_corr","SupervisedVAE_finetuned",0.421399091880981,"With Fine Tuning"
"3532","Palbociclib","pearson_corr","SupervisedVAE_finetuned",0.350618654848669,"With Fine Tuning"
"3533","Palbociclib","pearson_corr","SupervisedVAE_finetuned",0.351304813935941,"With Fine Tuning"
"3534","Palbociclib","pearson_corr","SupervisedVAE_finetuned",0.388550749975802,"With Fine Tuning"
"3535","Palbociclib","pearson_corr","SupervisedVAE_finetuned",0.416079899727362,"With Fine Tuning"
"3536","Palbociclib","pearson_corr","SupervisedVAE_finetuned",0.441680554101297,"With Fine Tuning"
"3537","Palbociclib","pearson_corr","SupervisedVAE_finetuned",0.434429167920251,"With Fine Tuning"
"3538","Palbociclib","pearson_corr","SupervisedVAE_finetuned",0.425524861018538,"With Fine Tuning"
"3539","Palbociclib","pearson_corr","SupervisedVAE_finetuned",0.393098012448451,"With Fine Tuning"
"3540","Palbociclib","pearson_corr","SupervisedVAE_finetuned",0.446587000970956,"With Fine Tuning"
"3541","Palbociclib","pearson_corr","SupervisedVAE_finetuned",0.410728976145067,"With Fine Tuning"
"3542","Palbociclib","pearson_corr","SupervisedVAE_finetuned",0.378172542598407,"With Fine Tuning"
"3543","Palbociclib","pearson_corr","SupervisedVAE_finetuned",0.366125113841519,"With Fine Tuning"
"3544","Palbociclib","pearson_corr","SupervisedVAE_finetuned",0.368475532194257,"With Fine Tuning"
"3545","Palbociclib","pearson_corr","SupervisedVAE_finetuned",0.392043502344477,"With Fine Tuning"
"3546","Palbociclib","pearson_corr","SupervisedVAE_finetuned",0.388192611733109,"With Fine Tuning"
"3547","Palbociclib","pearson_corr","SupervisedVAE_finetuned",0.37817774469606,"With Fine Tuning"
"3548","Palbociclib","pearson_corr","SupervisedVAE_finetuned",0.401462350366924,"With Fine Tuning"
"3549","Palbociclib","pearson_corr","SupervisedVAE_finetuned",0.44258916561359,"With Fine Tuning"
"3550","Palbociclib","pearson_corr","SupervisedVAE_finetuned",0.362283258949821,"With Fine Tuning"
"3551","Palbociclib","pearson_corr","SupervisedVAE_finetuned",0.369984303401493,"With Fine Tuning"
"3552","Palbociclib","pearson_corr","SupervisedVAE_finetuned",0.43249193792602,"With Fine Tuning"
"3553","Palbociclib","pearson_corr","SupervisedVAE_finetuned",0.372832709875724,"With Fine Tuning"
"3554","Palbociclib","pearson_corr","SupervisedVAE_finetuned",0.334948295588153,"With Fine Tuning"
"3555","Palbociclib","pearson_corr","SupervisedVAE_finetuned",0.41850742772144,"With Fine Tuning"
"3556","Palbociclib","pearson_corr","SupervisedVAE_finetuned",0.439991396787199,"With Fine Tuning"
"3557","Palbociclib","pearson_corr","SupervisedVAE_finetuned",0.408576873382755,"With Fine Tuning"
"3558","Palbociclib","pearson_corr","SupervisedVAE_finetuned",0.450509264821424,"With Fine Tuning"
"3559","Palbociclib","pearson_corr","SupervisedVAE_finetuned",0.399354307876029,"With Fine Tuning"
"3560","Palbociclib","pearson_corr","SupervisedVAE_finetuned",0.370682036270197,"With Fine Tuning"
"3561","Palbociclib","pearson_corr","SupervisedVAE_finetuned",0.376325875559708,"With Fine Tuning"
"3562","Palbociclib","pearson_corr","SupervisedVAE_finetuned",0.34304557615815,"With Fine Tuning"
"3563","Palbociclib","pearson_corr","SupervisedVAE_finetuned",0.344970928511861,"With Fine Tuning"
"3564","Palbociclib","pearson_corr","SupervisedVAE_finetuned",0.349354698815159,"With Fine Tuning"
"3565","Palbociclib","pearson_corr","SupervisedVAE_finetuned",0.445883675393872,"With Fine Tuning"
"3566","Palbociclib","pearson_corr","SupervisedVAE_finetuned",0.291769716064477,"With Fine Tuning"
"3567","Palbociclib","pearson_corr","SupervisedVAE_finetuned",0.369445585722994,"With Fine Tuning"
"3568","Palbociclib","pearson_corr","SupervisedVAE_finetuned",0.3903631659761,"With Fine Tuning"
"3569","Palbociclib","pearson_corr","SupervisedVAE_finetuned",0.38703201098268,"With Fine Tuning"
"3570","Palbociclib","pearson_corr","SupervisedVAE_finetuned",0.393946161165368,"With Fine Tuning"
"3571","Palbociclib","pearson_corr","SupervisedVAE_finetuned",0.371130497137317,"With Fine Tuning"
"3572","Palbociclib","pearson_corr","SupervisedVAE_finetuned",0.443013451564674,"With Fine Tuning"
"3573","Palbociclib","pearson_corr","SupervisedVAE_finetuned",0.443441910994945,"With Fine Tuning"
"3574","Palbociclib","pearson_corr","SupervisedVAE_finetuned",0.389696637217752,"With Fine Tuning"
"3575","Palbociclib","pearson_corr","SupervisedVAE_finetuned",0.390697023413067,"With Fine Tuning"
"3576","Palbociclib","pearson_corr","SupervisedVAE_finetuned",0.479098925698659,"With Fine Tuning"
"3577","Palbociclib","pearson_corr","SupervisedVAE_finetuned",0.396085366676361,"With Fine Tuning"
"3578","Palbociclib","pearson_corr","SupervisedVAE_finetuned",0.484488538141522,"With Fine Tuning"
"3579","Palbociclib","pearson_corr","SupervisedVAE_finetuned",0.419850984215892,"With Fine Tuning"
"3580","Palbociclib","pearson_corr","SupervisedVAE_finetuned",0.378067197109052,"With Fine Tuning"
"3581","Palbociclib","pearson_corr","SupervisedVAE_finetuned",0.418066082152393,"With Fine Tuning"
"3582","Palbociclib","pearson_corr","SupervisedVAE_finetuned",0.365422122726214,"With Fine Tuning"
"3583","Palbociclib","pearson_corr","SupervisedVAE_finetuned",0.414484290207098,"With Fine Tuning"
"3584","Palbociclib","pearson_corr","SupervisedVAE_finetuned",0.393451106046126,"With Fine Tuning"
"3585","Palbociclib","pearson_corr","SupervisedVAE_finetuned",0.343378415498847,"With Fine Tuning"
"3586","Palbociclib","pearson_corr","SupervisedVAE_finetuned",0.395461646845903,"With Fine Tuning"
"3587","Palbociclib","pearson_corr","SupervisedVAE_finetuned",0.304009879645845,"With Fine Tuning"
"3588","Palbociclib","pearson_corr","SupervisedVAE_finetuned",0.424659046387921,"With Fine Tuning"
"3589","Palbociclib","pearson_corr","SupervisedVAE_finetuned",0.39965885645503,"With Fine Tuning"
"3590","Palbociclib","pearson_corr","SupervisedVAE_finetuned",0.47971424579569,"With Fine Tuning"
"3591","Palbociclib","pearson_corr","SupervisedVAE_finetuned",0.35760306759181,"With Fine Tuning"
"3592","Palbociclib","pearson_corr","SupervisedVAE_finetuned",0.382156052374389,"With Fine Tuning"
"3593","Palbociclib","pearson_corr","SupervisedVAE_finetuned",0.327523811481612,"With Fine Tuning"
"3594","Palbociclib","pearson_corr","SupervisedVAE_finetuned",0.432985457200617,"With Fine Tuning"
"3595","Palbociclib","pearson_corr","SupervisedVAE_finetuned",0.419939889105335,"With Fine Tuning"
"3596","Palbociclib","pearson_corr","SupervisedVAE_finetuned",0.371829753285724,"With Fine Tuning"
"3597","Palbociclib","pearson_corr","SupervisedVAE_finetuned",0.389409249454611,"With Fine Tuning"
"3598","Palbociclib","pearson_corr","SupervisedVAE_finetuned",0.352910662110135,"With Fine Tuning"
"3599","Palbociclib","pearson_corr","SupervisedVAE_finetuned",0.394754449478698,"With Fine Tuning"
"3600","Palbociclib","pearson_corr","SupervisedVAE_finetuned",0.32817092174585,"With Fine Tuning"
"3601","Palbociclib","pearson_corr","DirectPred",0.319983167227451,"No Fine Tuning"
"3602","Palbociclib","pearson_corr","DirectPred",0.307310008196528,"No Fine Tuning"
"3603","Palbociclib","pearson_corr","DirectPred",0.301893412632899,"No Fine Tuning"
"3604","Palbociclib","pearson_corr","DirectPred",0.357420190030663,"No Fine Tuning"
"3605","Palbociclib","pearson_corr","DirectPred",0.29559054691811,"No Fine Tuning"
"3606","Palbociclib","pearson_corr","DirectPred",0.360157608443949,"No Fine Tuning"
"3607","Palbociclib","pearson_corr","DirectPred",0.292164480560381,"No Fine Tuning"
"3608","Palbociclib","pearson_corr","DirectPred",0.389109482638849,"No Fine Tuning"
"3609","Palbociclib","pearson_corr","DirectPred",0.349623950433823,"No Fine Tuning"
"3610","Palbociclib","pearson_corr","DirectPred",0.264367730738263,"No Fine Tuning"
"3611","Palbociclib","pearson_corr","DirectPred",0.362808144812796,"No Fine Tuning"
"3612","Palbociclib","pearson_corr","DirectPred",0.36855969951014,"No Fine Tuning"
"3613","Palbociclib","pearson_corr","DirectPred",0.274148895644997,"No Fine Tuning"
"3614","Palbociclib","pearson_corr","DirectPred",0.327738699092773,"No Fine Tuning"
"3615","Palbociclib","pearson_corr","DirectPred",0.20950296274842,"No Fine Tuning"
"3616","Palbociclib","pearson_corr","DirectPred",0.258880356020312,"No Fine Tuning"
"3617","Palbociclib","pearson_corr","DirectPred",0.285881167318268,"No Fine Tuning"
"3618","Palbociclib","pearson_corr","DirectPred",0.338436968974131,"No Fine Tuning"
"3619","Palbociclib","pearson_corr","DirectPred",0.303062332153569,"No Fine Tuning"
"3620","Palbociclib","pearson_corr","DirectPred",0.263464981805441,"No Fine Tuning"
"3621","Palbociclib","pearson_corr","DirectPred",0.344040330626425,"No Fine Tuning"
"3622","Palbociclib","pearson_corr","DirectPred",0.338576911319953,"No Fine Tuning"
"3623","Palbociclib","pearson_corr","DirectPred",0.394868541169463,"No Fine Tuning"
"3624","Palbociclib","pearson_corr","DirectPred",0.315403691789773,"No Fine Tuning"
"3625","Palbociclib","pearson_corr","DirectPred",0.360768278867264,"No Fine Tuning"
"3626","Palbociclib","pearson_corr","DirectPred",0.3017073098531,"No Fine Tuning"
"3627","Palbociclib","pearson_corr","DirectPred",0.372216917706171,"No Fine Tuning"
"3628","Palbociclib","pearson_corr","DirectPred",0.256824716984255,"No Fine Tuning"
"3629","Palbociclib","pearson_corr","DirectPred",0.260648841625331,"No Fine Tuning"
"3630","Palbociclib","pearson_corr","DirectPred",0.306991053009784,"No Fine Tuning"
"3631","Palbociclib","pearson_corr","DirectPred",0.304126488453681,"No Fine Tuning"
"3632","Palbociclib","pearson_corr","DirectPred",0.286192509903443,"No Fine Tuning"
"3633","Palbociclib","pearson_corr","DirectPred",0.298958580771887,"No Fine Tuning"
"3634","Palbociclib","pearson_corr","DirectPred",0.304477236822078,"No Fine Tuning"
"3635","Palbociclib","pearson_corr","DirectPred",0.314399033103828,"No Fine Tuning"
"3636","Palbociclib","pearson_corr","DirectPred",0.305884843326881,"No Fine Tuning"
"3637","Palbociclib","pearson_corr","DirectPred",0.344017277148879,"No Fine Tuning"
"3638","Palbociclib","pearson_corr","DirectPred",0.282187448161004,"No Fine Tuning"
"3639","Palbociclib","pearson_corr","DirectPred",0.331176699031946,"No Fine Tuning"
"3640","Palbociclib","pearson_corr","DirectPred",0.315964871245616,"No Fine Tuning"
"3641","Palbociclib","pearson_corr","DirectPred",0.322168055776777,"No Fine Tuning"
"3642","Palbociclib","pearson_corr","DirectPred",0.296392531039389,"No Fine Tuning"
"3643","Palbociclib","pearson_corr","DirectPred",0.300837746043714,"No Fine Tuning"
"3644","Palbociclib","pearson_corr","DirectPred",0.258951361725621,"No Fine Tuning"
"3645","Palbociclib","pearson_corr","DirectPred",0.221100970899186,"No Fine Tuning"
"3646","Palbociclib","pearson_corr","DirectPred",0.334605913809976,"No Fine Tuning"
"3647","Palbociclib","pearson_corr","DirectPred",0.312449609683208,"No Fine Tuning"
"3648","Palbociclib","pearson_corr","DirectPred",0.323044961354546,"No Fine Tuning"
"3649","Palbociclib","pearson_corr","DirectPred",0.368253861192497,"No Fine Tuning"
"3650","Palbociclib","pearson_corr","DirectPred",0.312719960981345,"No Fine Tuning"
"3651","Palbociclib","pearson_corr","DirectPred",0.298149410620442,"No Fine Tuning"
"3652","Palbociclib","pearson_corr","DirectPred",0.331948232728298,"No Fine Tuning"
"3653","Palbociclib","pearson_corr","DirectPred",0.218864623286759,"No Fine Tuning"
"3654","Palbociclib","pearson_corr","DirectPred",0.244650687860721,"No Fine Tuning"
"3655","Palbociclib","pearson_corr","DirectPred",0.322537016938076,"No Fine Tuning"
"3656","Palbociclib","pearson_corr","DirectPred",0.35768188174265,"No Fine Tuning"
"3657","Palbociclib","pearson_corr","DirectPred",0.270659154341162,"No Fine Tuning"
"3658","Palbociclib","pearson_corr","DirectPred",0.282812888141171,"No Fine Tuning"
"3659","Palbociclib","pearson_corr","DirectPred",0.273706488759483,"No Fine Tuning"
"3660","Palbociclib","pearson_corr","DirectPred",0.291324269044614,"No Fine Tuning"
"3661","Palbociclib","pearson_corr","DirectPred",0.287041463305215,"No Fine Tuning"
"3662","Palbociclib","pearson_corr","DirectPred",0.253204327568366,"No Fine Tuning"
"3663","Palbociclib","pearson_corr","DirectPred",0.319982013312229,"No Fine Tuning"
"3664","Palbociclib","pearson_corr","DirectPred",0.249379691797022,"No Fine Tuning"
"3665","Palbociclib","pearson_corr","DirectPred",0.322014016132126,"No Fine Tuning"
"3666","Palbociclib","pearson_corr","DirectPred",0.25290755269908,"No Fine Tuning"
"3667","Palbociclib","pearson_corr","DirectPred",0.291667833540873,"No Fine Tuning"
"3668","Palbociclib","pearson_corr","DirectPred",0.343019251978434,"No Fine Tuning"
"3669","Palbociclib","pearson_corr","DirectPred",0.169462063224173,"No Fine Tuning"
"3670","Palbociclib","pearson_corr","DirectPred",0.314537907243246,"No Fine Tuning"
"3671","Palbociclib","pearson_corr","DirectPred",0.308977874241816,"No Fine Tuning"
"3672","Palbociclib","pearson_corr","DirectPred",0.350674869765529,"No Fine Tuning"
"3673","Palbociclib","pearson_corr","DirectPred",0.334248219461612,"No Fine Tuning"
"3674","Palbociclib","pearson_corr","DirectPred",0.355022566221574,"No Fine Tuning"
"3675","Palbociclib","pearson_corr","DirectPred",0.257183331406226,"No Fine Tuning"
"3676","Palbociclib","pearson_corr","DirectPred",0.340576884882711,"No Fine Tuning"
"3677","Palbociclib","pearson_corr","DirectPred",0.265350177363192,"No Fine Tuning"
"3678","Palbociclib","pearson_corr","DirectPred",0.353553560732505,"No Fine Tuning"
"3679","Palbociclib","pearson_corr","DirectPred",0.309257502828026,"No Fine Tuning"
"3680","Palbociclib","pearson_corr","DirectPred",0.286767748948014,"No Fine Tuning"
"3681","Palbociclib","pearson_corr","DirectPred",0.219043386875874,"No Fine Tuning"
"3682","Palbociclib","pearson_corr","DirectPred",0.293432544124246,"No Fine Tuning"
"3683","Palbociclib","pearson_corr","DirectPred",0.317551741956253,"No Fine Tuning"
"3684","Palbociclib","pearson_corr","DirectPred",0.281677782998073,"No Fine Tuning"
"3685","Palbociclib","pearson_corr","DirectPred",0.189939250047131,"No Fine Tuning"
"3686","Palbociclib","pearson_corr","DirectPred",0.273551397643986,"No Fine Tuning"
"3687","Palbociclib","pearson_corr","DirectPred",0.258339374695622,"No Fine Tuning"
"3688","Palbociclib","pearson_corr","DirectPred",0.318496946717845,"No Fine Tuning"
"3689","Palbociclib","pearson_corr","DirectPred",0.354011790497238,"No Fine Tuning"
"3690","Palbociclib","pearson_corr","DirectPred",0.442194983250429,"No Fine Tuning"
"3691","Palbociclib","pearson_corr","DirectPred",0.23123533098848,"No Fine Tuning"
"3692","Palbociclib","pearson_corr","DirectPred",0.351621058885225,"No Fine Tuning"
"3693","Palbociclib","pearson_corr","DirectPred",0.228271337414043,"No Fine Tuning"
"3694","Palbociclib","pearson_corr","DirectPred",0.362774537164517,"No Fine Tuning"
"3695","Palbociclib","pearson_corr","DirectPred",0.293702269012891,"No Fine Tuning"
"3696","Palbociclib","pearson_corr","DirectPred",0.28196979815258,"No Fine Tuning"
"3697","Palbociclib","pearson_corr","DirectPred",0.32267960165108,"No Fine Tuning"
"3698","Palbociclib","pearson_corr","DirectPred",0.229348801111419,"No Fine Tuning"
"3699","Palbociclib","pearson_corr","DirectPred",0.339743717093717,"No Fine Tuning"
"3700","Palbociclib","pearson_corr","DirectPred",0.225018228014984,"No Fine Tuning"
"3701","Palbociclib","pearson_corr","GNN",0.344857773220828,"No Fine Tuning"
"3702","Palbociclib","pearson_corr","GNN",0.22747471539322,"No Fine Tuning"
"3703","Palbociclib","pearson_corr","GNN",0.340588877084149,"No Fine Tuning"
"3704","Palbociclib","pearson_corr","GNN",0.363097543006535,"No Fine Tuning"
"3705","Palbociclib","pearson_corr","GNN",0.316352935660023,"No Fine Tuning"
"3706","Palbociclib","pearson_corr","GNN",0.342796779576503,"No Fine Tuning"
"3707","Palbociclib","pearson_corr","GNN",0.265144629198978,"No Fine Tuning"
"3708","Palbociclib","pearson_corr","GNN",0.364690712878451,"No Fine Tuning"
"3709","Palbociclib","pearson_corr","GNN",0.353795797998866,"No Fine Tuning"
"3710","Palbociclib","pearson_corr","GNN",0.277304137682153,"No Fine Tuning"
"3711","Palbociclib","pearson_corr","GNN",0.347937312631365,"No Fine Tuning"
"3712","Palbociclib","pearson_corr","GNN",0.289168547889891,"No Fine Tuning"
"3713","Palbociclib","pearson_corr","GNN",0.299275767074717,"No Fine Tuning"
"3714","Palbociclib","pearson_corr","GNN",0.340952946480062,"No Fine Tuning"
"3715","Palbociclib","pearson_corr","GNN",0.209358432080153,"No Fine Tuning"
"3716","Palbociclib","pearson_corr","GNN",0.245041474526336,"No Fine Tuning"
"3717","Palbociclib","pearson_corr","GNN",0.275587915948869,"No Fine Tuning"
"3718","Palbociclib","pearson_corr","GNN",0.302135095708124,"No Fine Tuning"
"3719","Palbociclib","pearson_corr","GNN",0.288165398940373,"No Fine Tuning"
"3720","Palbociclib","pearson_corr","GNN",0.287465033459959,"No Fine Tuning"
"3721","Palbociclib","pearson_corr","GNN",0.357029085934961,"No Fine Tuning"
"3722","Palbociclib","pearson_corr","GNN",0.304262469019112,"No Fine Tuning"
"3723","Palbociclib","pearson_corr","GNN",0.338510011020544,"No Fine Tuning"
"3724","Palbociclib","pearson_corr","GNN",0.328463737240638,"No Fine Tuning"
"3725","Palbociclib","pearson_corr","GNN",0.345682685716213,"No Fine Tuning"
"3726","Palbociclib","pearson_corr","GNN",0.280012431528804,"No Fine Tuning"
"3727","Palbociclib","pearson_corr","GNN",0.393669242571297,"No Fine Tuning"
"3728","Palbociclib","pearson_corr","GNN",0.296584817683608,"No Fine Tuning"
"3729","Palbociclib","pearson_corr","GNN",0.292487738236716,"No Fine Tuning"
"3730","Palbociclib","pearson_corr","GNN",0.238095602143944,"No Fine Tuning"
"3731","Palbociclib","pearson_corr","GNN",0.327390747351884,"No Fine Tuning"
"3732","Palbociclib","pearson_corr","GNN",0.225188910051791,"No Fine Tuning"
"3733","Palbociclib","pearson_corr","GNN",0.29676550389808,"No Fine Tuning"
"3734","Palbociclib","pearson_corr","GNN",0.297211768065813,"No Fine Tuning"
"3735","Palbociclib","pearson_corr","GNN",0.284037695926513,"No Fine Tuning"
"3736","Palbociclib","pearson_corr","GNN",0.279360012028309,"No Fine Tuning"
"3737","Palbociclib","pearson_corr","GNN",0.334479484222062,"No Fine Tuning"
"3738","Palbociclib","pearson_corr","GNN",0.243510395674913,"No Fine Tuning"
"3739","Palbociclib","pearson_corr","GNN",0.346128214638836,"No Fine Tuning"
"3740","Palbociclib","pearson_corr","GNN",0.350059986648857,"No Fine Tuning"
"3741","Palbociclib","pearson_corr","GNN",0.311617358930181,"No Fine Tuning"
"3742","Palbociclib","pearson_corr","GNN",0.294165078723263,"No Fine Tuning"
"3743","Palbociclib","pearson_corr","GNN",0.312225980773606,"No Fine Tuning"
"3744","Palbociclib","pearson_corr","GNN",0.260915581138905,"No Fine Tuning"
"3745","Palbociclib","pearson_corr","GNN",0.217960267323092,"No Fine Tuning"
"3746","Palbociclib","pearson_corr","GNN",0.337311930552402,"No Fine Tuning"
"3747","Palbociclib","pearson_corr","GNN",0.272336684223918,"No Fine Tuning"
"3748","Palbociclib","pearson_corr","GNN",0.336812336296446,"No Fine Tuning"
"3749","Palbociclib","pearson_corr","GNN",0.337643315810239,"No Fine Tuning"
"3750","Palbociclib","pearson_corr","GNN",0.276108694113718,"No Fine Tuning"
"3751","Palbociclib","pearson_corr","GNN",0.314152353525365,"No Fine Tuning"
"3752","Palbociclib","pearson_corr","GNN",0.34394261883812,"No Fine Tuning"
"3753","Palbociclib","pearson_corr","GNN",0.288394076326213,"No Fine Tuning"
"3754","Palbociclib","pearson_corr","GNN",0.270610175678123,"No Fine Tuning"
"3755","Palbociclib","pearson_corr","GNN",0.31368120555787,"No Fine Tuning"
"3756","Palbociclib","pearson_corr","GNN",0.38994583090031,"No Fine Tuning"
"3757","Palbociclib","pearson_corr","GNN",0.257770830959733,"No Fine Tuning"
"3758","Palbociclib","pearson_corr","GNN",0.257007790937784,"No Fine Tuning"
"3759","Palbociclib","pearson_corr","GNN",0.280782699815436,"No Fine Tuning"
"3760","Palbociclib","pearson_corr","GNN",0.363058927407117,"No Fine Tuning"
"3761","Palbociclib","pearson_corr","GNN",0.325329062666942,"No Fine Tuning"
"3762","Palbociclib","pearson_corr","GNN",0.233039248701824,"No Fine Tuning"
"3763","Palbociclib","pearson_corr","GNN",0.317385460882838,"No Fine Tuning"
"3764","Palbociclib","pearson_corr","GNN",0.263076078831496,"No Fine Tuning"
"3765","Palbociclib","pearson_corr","GNN",0.293146988087595,"No Fine Tuning"
"3766","Palbociclib","pearson_corr","GNN",0.291987981483176,"No Fine Tuning"
"3767","Palbociclib","pearson_corr","GNN",0.269725089115878,"No Fine Tuning"
"3768","Palbociclib","pearson_corr","GNN",0.335720975200278,"No Fine Tuning"
"3769","Palbociclib","pearson_corr","GNN",0.239469290153216,"No Fine Tuning"
"3770","Palbociclib","pearson_corr","GNN",0.296980253821497,"No Fine Tuning"
"3771","Palbociclib","pearson_corr","GNN",0.264644680715501,"No Fine Tuning"
"3772","Palbociclib","pearson_corr","GNN",0.360213739321553,"No Fine Tuning"
"3773","Palbociclib","pearson_corr","GNN",0.31305151398336,"No Fine Tuning"
"3774","Palbociclib","pearson_corr","GNN",0.333182437997328,"No Fine Tuning"
"3775","Palbociclib","pearson_corr","GNN",0.327479267542707,"No Fine Tuning"
"3776","Palbociclib","pearson_corr","GNN",0.332787953556264,"No Fine Tuning"
"3777","Palbociclib","pearson_corr","GNN",0.271255555950142,"No Fine Tuning"
"3778","Palbociclib","pearson_corr","GNN",0.30430847047909,"No Fine Tuning"
"3779","Palbociclib","pearson_corr","GNN",0.275860197697943,"No Fine Tuning"
"3780","Palbociclib","pearson_corr","GNN",0.292078509041419,"No Fine Tuning"
"3781","Palbociclib","pearson_corr","GNN",0.262592356588052,"No Fine Tuning"
"3782","Palbociclib","pearson_corr","GNN",0.251624164328987,"No Fine Tuning"
"3783","Palbociclib","pearson_corr","GNN",0.265326190198909,"No Fine Tuning"
"3784","Palbociclib","pearson_corr","GNN",0.32818764145371,"No Fine Tuning"
"3785","Palbociclib","pearson_corr","GNN",0.239425539878177,"No Fine Tuning"
"3786","Palbociclib","pearson_corr","GNN",0.26887897979197,"No Fine Tuning"
"3787","Palbociclib","pearson_corr","GNN",0.306259209629717,"No Fine Tuning"
"3788","Palbociclib","pearson_corr","GNN",0.293384318008961,"No Fine Tuning"
"3789","Palbociclib","pearson_corr","GNN",0.316963319321413,"No Fine Tuning"
"3790","Palbociclib","pearson_corr","GNN",0.397850965702222,"No Fine Tuning"
"3791","Palbociclib","pearson_corr","GNN",0.192695695564745,"No Fine Tuning"
"3792","Palbociclib","pearson_corr","GNN",0.384507000330817,"No Fine Tuning"
"3793","Palbociclib","pearson_corr","GNN",0.200765990680172,"No Fine Tuning"
"3794","Palbociclib","pearson_corr","GNN",0.385558592489011,"No Fine Tuning"
"3795","Palbociclib","pearson_corr","GNN",0.285677015951923,"No Fine Tuning"
"3796","Palbociclib","pearson_corr","GNN",0.284097109991837,"No Fine Tuning"
"3797","Palbociclib","pearson_corr","GNN",0.350288239534717,"No Fine Tuning"
"3798","Palbociclib","pearson_corr","GNN",0.253211106011096,"No Fine Tuning"
"3799","Palbociclib","pearson_corr","GNN",0.30997493977314,"No Fine Tuning"
"3800","Palbociclib","pearson_corr","GNN",0.270993182566223,"No Fine Tuning"
"3801","Palbociclib","pearson_corr","RandomForest",0.437832192763106,"No Fine Tuning"
"3802","Palbociclib","pearson_corr","RandomForest",0.349483263307463,"No Fine Tuning"
"3803","Palbociclib","pearson_corr","RandomForest",0.392413892381818,"No Fine Tuning"
"3804","Palbociclib","pearson_corr","RandomForest",0.386673532475876,"No Fine Tuning"
"3805","Palbociclib","pearson_corr","RandomForest",0.425307246099036,"No Fine Tuning"
"3806","Palbociclib","pearson_corr","RandomForest",0.461981876119225,"No Fine Tuning"
"3807","Palbociclib","pearson_corr","RandomForest",0.405339416772673,"No Fine Tuning"
"3808","Palbociclib","pearson_corr","RandomForest",0.4658187626676,"No Fine Tuning"
"3809","Palbociclib","pearson_corr","RandomForest",0.436970827461334,"No Fine Tuning"
"3810","Palbociclib","pearson_corr","RandomForest",0.382741937007767,"No Fine Tuning"
"3811","Palbociclib","pearson_corr","RandomForest",0.451784094480329,"No Fine Tuning"
"3812","Palbociclib","pearson_corr","RandomForest",0.411127989737715,"No Fine Tuning"
"3813","Palbociclib","pearson_corr","RandomForest",0.366679148775078,"No Fine Tuning"
"3814","Palbociclib","pearson_corr","RandomForest",0.447079065211537,"No Fine Tuning"
"3815","Palbociclib","pearson_corr","RandomForest",0.312767844165843,"No Fine Tuning"
"3816","Palbociclib","pearson_corr","RandomForest",0.343013754680526,"No Fine Tuning"
"3817","Palbociclib","pearson_corr","RandomForest",0.374061471607177,"No Fine Tuning"
"3818","Palbociclib","pearson_corr","RandomForest",0.385857429391695,"No Fine Tuning"
"3819","Palbociclib","pearson_corr","RandomForest",0.394420281439302,"No Fine Tuning"
"3820","Palbociclib","pearson_corr","RandomForest",0.35167469376562,"No Fine Tuning"
"3821","Palbociclib","pearson_corr","RandomForest",0.436357674684652,"No Fine Tuning"
"3822","Palbociclib","pearson_corr","RandomForest",0.422957549730434,"No Fine Tuning"
"3823","Palbociclib","pearson_corr","RandomForest",0.447548439801476,"No Fine Tuning"
"3824","Palbociclib","pearson_corr","RandomForest",0.379409623359992,"No Fine Tuning"
"3825","Palbociclib","pearson_corr","RandomForest",0.40010213583418,"No Fine Tuning"
"3826","Palbociclib","pearson_corr","RandomForest",0.344484468177259,"No Fine Tuning"
"3827","Palbociclib","pearson_corr","RandomForest",0.448560320776601,"No Fine Tuning"
"3828","Palbociclib","pearson_corr","RandomForest",0.441800501065598,"No Fine Tuning"
"3829","Palbociclib","pearson_corr","RandomForest",0.386652970824538,"No Fine Tuning"
"3830","Palbociclib","pearson_corr","RandomForest",0.404000142959684,"No Fine Tuning"
"3831","Palbociclib","pearson_corr","RandomForest",0.424497412275545,"No Fine Tuning"
"3832","Palbociclib","pearson_corr","RandomForest",0.316789550723194,"No Fine Tuning"
"3833","Palbociclib","pearson_corr","RandomForest",0.375906649112638,"No Fine Tuning"
"3834","Palbociclib","pearson_corr","RandomForest",0.363946731206091,"No Fine Tuning"
"3835","Palbociclib","pearson_corr","RandomForest",0.384450371589973,"No Fine Tuning"
"3836","Palbociclib","pearson_corr","RandomForest",0.394435996657968,"No Fine Tuning"
"3837","Palbociclib","pearson_corr","RandomForest",0.420814855505854,"No Fine Tuning"
"3838","Palbociclib","pearson_corr","RandomForest",0.370827193486075,"No Fine Tuning"
"3839","Palbociclib","pearson_corr","RandomForest",0.411731719215389,"No Fine Tuning"
"3840","Palbociclib","pearson_corr","RandomForest",0.420473752696626,"No Fine Tuning"
"3841","Palbociclib","pearson_corr","RandomForest",0.404749327453604,"No Fine Tuning"
"3842","Palbociclib","pearson_corr","RandomForest",0.411280872398467,"No Fine Tuning"
"3843","Palbociclib","pearson_corr","RandomForest",0.40539909268254,"No Fine Tuning"
"3844","Palbociclib","pearson_corr","RandomForest",0.343091534156478,"No Fine Tuning"
"3845","Palbociclib","pearson_corr","RandomForest",0.348637978795379,"No Fine Tuning"
"3846","Palbociclib","pearson_corr","RandomForest",0.369279611675416,"No Fine Tuning"
"3847","Palbociclib","pearson_corr","RandomForest",0.392450617482251,"No Fine Tuning"
"3848","Palbociclib","pearson_corr","RandomForest",0.416713042969556,"No Fine Tuning"
"3849","Palbociclib","pearson_corr","RandomForest",0.441338436518672,"No Fine Tuning"
"3850","Palbociclib","pearson_corr","RandomForest",0.371762420666631,"No Fine Tuning"
"3851","Palbociclib","pearson_corr","RandomForest",0.32771331607296,"No Fine Tuning"
"3852","Palbociclib","pearson_corr","RandomForest",0.448588568413099,"No Fine Tuning"
"3853","Palbociclib","pearson_corr","RandomForest",0.313442383230206,"No Fine Tuning"
"3854","Palbociclib","pearson_corr","RandomForest",0.309430615904148,"No Fine Tuning"
"3855","Palbociclib","pearson_corr","RandomForest",0.464110423867646,"No Fine Tuning"
"3856","Palbociclib","pearson_corr","RandomForest",0.478064109024368,"No Fine Tuning"
"3857","Palbociclib","pearson_corr","RandomForest",0.363286474751609,"No Fine Tuning"
"3858","Palbociclib","pearson_corr","RandomForest",0.37887989104823,"No Fine Tuning"
"3859","Palbociclib","pearson_corr","RandomForest",0.36547779053163,"No Fine Tuning"
"3860","Palbociclib","pearson_corr","RandomForest",0.384969105736778,"No Fine Tuning"
"3861","Palbociclib","pearson_corr","RandomForest",0.395599083290114,"No Fine Tuning"
"3862","Palbociclib","pearson_corr","RandomForest",0.312533879167564,"No Fine Tuning"
"3863","Palbociclib","pearson_corr","RandomForest",0.383703915785037,"No Fine Tuning"
"3864","Palbociclib","pearson_corr","RandomForest",0.289094913372956,"No Fine Tuning"
"3865","Palbociclib","pearson_corr","RandomForest",0.386756384330081,"No Fine Tuning"
"3866","Palbociclib","pearson_corr","RandomForest",0.357005858831347,"No Fine Tuning"
"3867","Palbociclib","pearson_corr","RandomForest",0.363653129852003,"No Fine Tuning"
"3868","Palbociclib","pearson_corr","RandomForest",0.406753407713119,"No Fine Tuning"
"3869","Palbociclib","pearson_corr","RandomForest",0.344251504174934,"No Fine Tuning"
"3870","Palbociclib","pearson_corr","RandomForest",0.349935569177806,"No Fine Tuning"
"3871","Palbociclib","pearson_corr","RandomForest",0.361520576191054,"No Fine Tuning"
"3872","Palbociclib","pearson_corr","RandomForest",0.424042839590694,"No Fine Tuning"
"3873","Palbociclib","pearson_corr","RandomForest",0.404993574272981,"No Fine Tuning"
"3874","Palbociclib","pearson_corr","RandomForest",0.425787031261302,"No Fine Tuning"
"3875","Palbociclib","pearson_corr","RandomForest",0.343480449199786,"No Fine Tuning"
"3876","Palbociclib","pearson_corr","RandomForest",0.428617816340721,"No Fine Tuning"
"3877","Palbociclib","pearson_corr","RandomForest",0.333233590061176,"No Fine Tuning"
"3878","Palbociclib","pearson_corr","RandomForest",0.399627326737167,"No Fine Tuning"
"3879","Palbociclib","pearson_corr","RandomForest",0.389540110628323,"No Fine Tuning"
"3880","Palbociclib","pearson_corr","RandomForest",0.396229477723106,"No Fine Tuning"
"3881","Palbociclib","pearson_corr","RandomForest",0.302029752136441,"No Fine Tuning"
"3882","Palbociclib","pearson_corr","RandomForest",0.348260067594263,"No Fine Tuning"
"3883","Palbociclib","pearson_corr","RandomForest",0.406864358630051,"No Fine Tuning"
"3884","Palbociclib","pearson_corr","RandomForest",0.372094739472513,"No Fine Tuning"
"3885","Palbociclib","pearson_corr","RandomForest",0.346084746576019,"No Fine Tuning"
"3886","Palbociclib","pearson_corr","RandomForest",0.367071753274473,"No Fine Tuning"
"3887","Palbociclib","pearson_corr","RandomForest",0.380209713481199,"No Fine Tuning"
"3888","Palbociclib","pearson_corr","RandomForest",0.401044530645594,"No Fine Tuning"
"3889","Palbociclib","pearson_corr","RandomForest",0.412241779000641,"No Fine Tuning"
"3890","Palbociclib","pearson_corr","RandomForest",0.480713740340725,"No Fine Tuning"
"3891","Palbociclib","pearson_corr","RandomForest",0.315415011523364,"No Fine Tuning"
"3892","Palbociclib","pearson_corr","RandomForest",0.461318004285999,"No Fine Tuning"
"3893","Palbociclib","pearson_corr","RandomForest",0.311601800711365,"No Fine Tuning"
"3894","Palbociclib","pearson_corr","RandomForest",0.405377666475184,"No Fine Tuning"
"3895","Palbociclib","pearson_corr","RandomForest",0.42745903316599,"No Fine Tuning"
"3896","Palbociclib","pearson_corr","RandomForest",0.360253820287471,"No Fine Tuning"
"3897","Palbociclib","pearson_corr","RandomForest",0.366633532655929,"No Fine Tuning"
"3898","Palbociclib","pearson_corr","RandomForest",0.360243770254443,"No Fine Tuning"
"3899","Palbociclib","pearson_corr","RandomForest",0.430227323257916,"No Fine Tuning"
"3900","Palbociclib","pearson_corr","RandomForest",0.326804253410003,"No Fine Tuning"
"3901","Palbociclib","pearson_corr","SVM",0.342273243551911,"No Fine Tuning"
"3902","Palbociclib","pearson_corr","SVM",0.267408267311433,"No Fine Tuning"
"3903","Palbociclib","pearson_corr","SVM",0.279361573691685,"No Fine Tuning"
"3904","Palbociclib","pearson_corr","SVM",0.340199019977095,"No Fine Tuning"
"3905","Palbociclib","pearson_corr","SVM",0.271685242023858,"No Fine Tuning"
"3906","Palbociclib","pearson_corr","SVM",0.405900395486078,"No Fine Tuning"
"3907","Palbociclib","pearson_corr","SVM",0.356774141655095,"No Fine Tuning"
"3908","Palbociclib","pearson_corr","SVM",0.304372005193074,"No Fine Tuning"
"3909","Palbociclib","pearson_corr","SVM",0.369491628679501,"No Fine Tuning"
"3910","Palbociclib","pearson_corr","SVM",0.367478420361337,"No Fine Tuning"
"3911","Palbociclib","pearson_corr","SVM",0.355473193518483,"No Fine Tuning"
"3912","Palbociclib","pearson_corr","SVM",0.29758672522693,"No Fine Tuning"
"3913","Palbociclib","pearson_corr","SVM",0.31733997869288,"No Fine Tuning"
"3914","Palbociclib","pearson_corr","SVM",0.405618604798308,"No Fine Tuning"
"3915","Palbociclib","pearson_corr","SVM",0.264998341888952,"No Fine Tuning"
"3916","Palbociclib","pearson_corr","SVM",0.31324899040057,"No Fine Tuning"
"3917","Palbociclib","pearson_corr","SVM",0.396428338730791,"No Fine Tuning"
"3918","Palbociclib","pearson_corr","SVM",0.320732397500118,"No Fine Tuning"
"3919","Palbociclib","pearson_corr","SVM",0.358032699745243,"No Fine Tuning"
"3920","Palbociclib","pearson_corr","SVM",0.254354197114099,"No Fine Tuning"
"3921","Palbociclib","pearson_corr","SVM",0.372456434035375,"No Fine Tuning"
"3922","Palbociclib","pearson_corr","SVM",0.323641661785008,"No Fine Tuning"
"3923","Palbociclib","pearson_corr","SVM",0.378633029349607,"No Fine Tuning"
"3924","Palbociclib","pearson_corr","SVM",0.372006585888081,"No Fine Tuning"
"3925","Palbociclib","pearson_corr","SVM",0.328887100373201,"No Fine Tuning"
"3926","Palbociclib","pearson_corr","SVM",0.322724568901356,"No Fine Tuning"
"3927","Palbociclib","pearson_corr","SVM",0.44609393217146,"No Fine Tuning"
"3928","Palbociclib","pearson_corr","SVM",0.348923724413272,"No Fine Tuning"
"3929","Palbociclib","pearson_corr","SVM",0.35314764199453,"No Fine Tuning"
"3930","Palbociclib","pearson_corr","SVM",0.302366880816964,"No Fine Tuning"
"3931","Palbociclib","pearson_corr","SVM",0.339142627355023,"No Fine Tuning"
"3932","Palbociclib","pearson_corr","SVM",0.216815794810886,"No Fine Tuning"
"3933","Palbociclib","pearson_corr","SVM",0.227746385979655,"No Fine Tuning"
"3934","Palbociclib","pearson_corr","SVM",0.316129957810735,"No Fine Tuning"
"3935","Palbociclib","pearson_corr","SVM",0.297517127875583,"No Fine Tuning"
"3936","Palbociclib","pearson_corr","SVM",0.272619870235092,"No Fine Tuning"
"3937","Palbociclib","pearson_corr","SVM",0.350373661325798,"No Fine Tuning"
"3938","Palbociclib","pearson_corr","SVM",0.284305181368753,"No Fine Tuning"
"3939","Palbociclib","pearson_corr","SVM",0.303848475286597,"No Fine Tuning"
"3940","Palbociclib","pearson_corr","SVM",0.393593942266065,"No Fine Tuning"
"3941","Palbociclib","pearson_corr","SVM",0.459992295548556,"No Fine Tuning"
"3942","Palbociclib","pearson_corr","SVM",0.357629017657259,"No Fine Tuning"
"3943","Palbociclib","pearson_corr","SVM",0.332109214610238,"No Fine Tuning"
"3944","Palbociclib","pearson_corr","SVM",0.323379109804358,"No Fine Tuning"
"3945","Palbociclib","pearson_corr","SVM",0.27681082138966,"No Fine Tuning"
"3946","Palbociclib","pearson_corr","SVM",0.329996765659155,"No Fine Tuning"
"3947","Palbociclib","pearson_corr","SVM",0.310757198804791,"No Fine Tuning"
"3948","Palbociclib","pearson_corr","SVM",0.342335658106819,"No Fine Tuning"
"3949","Palbociclib","pearson_corr","SVM",0.350252998433285,"No Fine Tuning"
"3950","Palbociclib","pearson_corr","SVM",0.303694363313403,"No Fine Tuning"
"3951","Palbociclib","pearson_corr","SVM",0.276966133942574,"No Fine Tuning"
"3952","Palbociclib","pearson_corr","SVM",0.351760072933802,"No Fine Tuning"
"3953","Palbociclib","pearson_corr","SVM",0.28799465537312,"No Fine Tuning"
"3954","Palbociclib","pearson_corr","SVM",0.252408376902967,"No Fine Tuning"
"3955","Palbociclib","pearson_corr","SVM",0.338149840111365,"No Fine Tuning"
"3956","Palbociclib","pearson_corr","SVM",0.372363035110262,"No Fine Tuning"
"3957","Palbociclib","pearson_corr","SVM",0.343797258403671,"No Fine Tuning"
"3958","Palbociclib","pearson_corr","SVM",0.351926869115019,"No Fine Tuning"
"3959","Palbociclib","pearson_corr","SVM",0.333602229041528,"No Fine Tuning"
"3960","Palbociclib","pearson_corr","SVM",0.317942687639992,"No Fine Tuning"
"3961","Palbociclib","pearson_corr","SVM",0.333429570543381,"No Fine Tuning"
"3962","Palbociclib","pearson_corr","SVM",0.304637977117331,"No Fine Tuning"
"3963","Palbociclib","pearson_corr","SVM",0.393805450017661,"No Fine Tuning"
"3964","Palbociclib","pearson_corr","SVM",0.290585931648797,"No Fine Tuning"
"3965","Palbociclib","pearson_corr","SVM",0.421495002879382,"No Fine Tuning"
"3966","Palbociclib","pearson_corr","SVM",0.351456571003095,"No Fine Tuning"
"3967","Palbociclib","pearson_corr","SVM",0.312399950943624,"No Fine Tuning"
"3968","Palbociclib","pearson_corr","SVM",0.359302342207922,"No Fine Tuning"
"3969","Palbociclib","pearson_corr","SVM",0.316745629408905,"No Fine Tuning"
"3970","Palbociclib","pearson_corr","SVM",0.289956606632469,"No Fine Tuning"
"3971","Palbociclib","pearson_corr","SVM",0.292126536452802,"No Fine Tuning"
"3972","Palbociclib","pearson_corr","SVM",0.38977132476198,"No Fine Tuning"
"3973","Palbociclib","pearson_corr","SVM",0.315187658941325,"No Fine Tuning"
"3974","Palbociclib","pearson_corr","SVM",0.323891556862658,"No Fine Tuning"
"3975","Palbociclib","pearson_corr","SVM",0.357196643944464,"No Fine Tuning"
"3976","Palbociclib","pearson_corr","SVM",0.283911450533211,"No Fine Tuning"
"3977","Palbociclib","pearson_corr","SVM",0.222761852788857,"No Fine Tuning"
"3978","Palbociclib","pearson_corr","SVM",0.355786415455807,"No Fine Tuning"
"3979","Palbociclib","pearson_corr","SVM",0.331812091283738,"No Fine Tuning"
"3980","Palbociclib","pearson_corr","SVM",0.31468139542669,"No Fine Tuning"
"3981","Palbociclib","pearson_corr","SVM",0.324789919338054,"No Fine Tuning"
"3982","Palbociclib","pearson_corr","SVM",0.235440238698912,"No Fine Tuning"
"3983","Palbociclib","pearson_corr","SVM",0.352080561273389,"No Fine Tuning"
"3984","Palbociclib","pearson_corr","SVM",0.332523637330273,"No Fine Tuning"
"3985","Palbociclib","pearson_corr","SVM",0.353051301513962,"No Fine Tuning"
"3986","Palbociclib","pearson_corr","SVM",0.28710662134961,"No Fine Tuning"
"3987","Palbociclib","pearson_corr","SVM",0.353300333807675,"No Fine Tuning"
"3988","Palbociclib","pearson_corr","SVM",0.263724100053395,"No Fine Tuning"
"3989","Palbociclib","pearson_corr","SVM",0.388702808879804,"No Fine Tuning"
"3990","Palbociclib","pearson_corr","SVM",0.425877249377544,"No Fine Tuning"
"3991","Palbociclib","pearson_corr","SVM",0.242186015522817,"No Fine Tuning"
"3992","Palbociclib","pearson_corr","SVM",0.353744324636642,"No Fine Tuning"
"3993","Palbociclib","pearson_corr","SVM",0.283568057398399,"No Fine Tuning"
"3994","Palbociclib","pearson_corr","SVM",0.337667034465394,"No Fine Tuning"
"3995","Palbociclib","pearson_corr","SVM",0.330505194385981,"No Fine Tuning"
"3996","Palbociclib","pearson_corr","SVM",0.247037842309301,"No Fine Tuning"
"3997","Palbociclib","pearson_corr","SVM",0.347108314105369,"No Fine Tuning"
"3998","Palbociclib","pearson_corr","SVM",0.321256064458478,"No Fine Tuning"
"3999","Palbociclib","pearson_corr","SVM",0.367791962603954,"No Fine Tuning"
"4000","Palbociclib","pearson_corr","SVM",0.332730400758051,"No Fine Tuning"
"4001","Palbociclib","pearson_corr","XGBoost",0.292218849553169,"No Fine Tuning"
"4002","Palbociclib","pearson_corr","XGBoost",0.266907149253375,"No Fine Tuning"
"4003","Palbociclib","pearson_corr","XGBoost",0.225789406951987,"No Fine Tuning"
"4004","Palbociclib","pearson_corr","XGBoost",0.288100236704828,"No Fine Tuning"
"4005","Palbociclib","pearson_corr","XGBoost",0.257531461619402,"No Fine Tuning"
"4006","Palbociclib","pearson_corr","XGBoost",0.388110063438178,"No Fine Tuning"
"4007","Palbociclib","pearson_corr","XGBoost",0.278517394771231,"No Fine Tuning"
"4008","Palbociclib","pearson_corr","XGBoost",0.350916737835044,"No Fine Tuning"
"4009","Palbociclib","pearson_corr","XGBoost",0.311485691440645,"No Fine Tuning"
"4010","Palbociclib","pearson_corr","XGBoost",0.181152293550781,"No Fine Tuning"
"4011","Palbociclib","pearson_corr","XGBoost",0.301011156414811,"No Fine Tuning"
"4012","Palbociclib","pearson_corr","XGBoost",0.268191455644402,"No Fine Tuning"
"4013","Palbociclib","pearson_corr","XGBoost",0.252588746669229,"No Fine Tuning"
"4014","Palbociclib","pearson_corr","XGBoost",0.292496023365732,"No Fine Tuning"
"4015","Palbociclib","pearson_corr","XGBoost",0.208663259043006,"No Fine Tuning"
"4016","Palbociclib","pearson_corr","XGBoost",0.162460494700637,"No Fine Tuning"
"4017","Palbociclib","pearson_corr","XGBoost",0.214065094996147,"No Fine Tuning"
"4018","Palbociclib","pearson_corr","XGBoost",0.267232605372759,"No Fine Tuning"
"4019","Palbociclib","pearson_corr","XGBoost",0.293124614969396,"No Fine Tuning"
"4020","Palbociclib","pearson_corr","XGBoost",0.245133081057415,"No Fine Tuning"
"4021","Palbociclib","pearson_corr","XGBoost",0.295744248785757,"No Fine Tuning"
"4022","Palbociclib","pearson_corr","XGBoost",0.252864424367282,"No Fine Tuning"
"4023","Palbociclib","pearson_corr","XGBoost",0.345503054760113,"No Fine Tuning"
"4024","Palbociclib","pearson_corr","XGBoost",0.240352082804427,"No Fine Tuning"
"4025","Palbociclib","pearson_corr","XGBoost",0.308943942342511,"No Fine Tuning"
"4026","Palbociclib","pearson_corr","XGBoost",0.266813849712392,"No Fine Tuning"
"4027","Palbociclib","pearson_corr","XGBoost",0.330803920755541,"No Fine Tuning"
"4028","Palbociclib","pearson_corr","XGBoost",0.295325400685158,"No Fine Tuning"
"4029","Palbociclib","pearson_corr","XGBoost",0.252409703022571,"No Fine Tuning"
"4030","Palbociclib","pearson_corr","XGBoost",0.291794157372111,"No Fine Tuning"
"4031","Palbociclib","pearson_corr","XGBoost",0.321836430641753,"No Fine Tuning"
"4032","Palbociclib","pearson_corr","XGBoost",0.249992938273959,"No Fine Tuning"
"4033","Palbociclib","pearson_corr","XGBoost",0.281873255818913,"No Fine Tuning"
"4034","Palbociclib","pearson_corr","XGBoost",0.280845409523109,"No Fine Tuning"
"4035","Palbociclib","pearson_corr","XGBoost",0.234607365292464,"No Fine Tuning"
"4036","Palbociclib","pearson_corr","XGBoost",0.223441374096162,"No Fine Tuning"
"4037","Palbociclib","pearson_corr","XGBoost",0.323204781965636,"No Fine Tuning"
"4038","Palbociclib","pearson_corr","XGBoost",0.265023808046892,"No Fine Tuning"
"4039","Palbociclib","pearson_corr","XGBoost",0.320741486894711,"No Fine Tuning"
"4040","Palbociclib","pearson_corr","XGBoost",0.270015578054047,"No Fine Tuning"
"4041","Palbociclib","pearson_corr","XGBoost",0.265530088110068,"No Fine Tuning"
"4042","Palbociclib","pearson_corr","XGBoost",0.33675341407245,"No Fine Tuning"
"4043","Palbociclib","pearson_corr","XGBoost",0.261889750822008,"No Fine Tuning"
"4044","Palbociclib","pearson_corr","XGBoost",0.205698968851785,"No Fine Tuning"
"4045","Palbociclib","pearson_corr","XGBoost",0.236825173656071,"No Fine Tuning"
"4046","Palbociclib","pearson_corr","XGBoost",0.237369635904884,"No Fine Tuning"
"4047","Palbociclib","pearson_corr","XGBoost",0.306115165583635,"No Fine Tuning"
"4048","Palbociclib","pearson_corr","XGBoost",0.344082801549154,"No Fine Tuning"
"4049","Palbociclib","pearson_corr","XGBoost",0.275872261373142,"No Fine Tuning"
"4050","Palbociclib","pearson_corr","XGBoost",0.257451646860788,"No Fine Tuning"
"4051","Palbociclib","pearson_corr","XGBoost",0.204643654781009,"No Fine Tuning"
"4052","Palbociclib","pearson_corr","XGBoost",0.321361591635295,"No Fine Tuning"
"4053","Palbociclib","pearson_corr","XGBoost",0.240614486493122,"No Fine Tuning"
"4054","Palbociclib","pearson_corr","XGBoost",0.247900678150263,"No Fine Tuning"
"4055","Palbociclib","pearson_corr","XGBoost",0.304369309699709,"No Fine Tuning"
"4056","Palbociclib","pearson_corr","XGBoost",0.317141556784641,"No Fine Tuning"
"4057","Palbociclib","pearson_corr","XGBoost",0.260198236637549,"No Fine Tuning"
"4058","Palbociclib","pearson_corr","XGBoost",0.257715217972766,"No Fine Tuning"
"4059","Palbociclib","pearson_corr","XGBoost",0.228483725772898,"No Fine Tuning"
"4060","Palbociclib","pearson_corr","XGBoost",0.227521847218936,"No Fine Tuning"
"4061","Palbociclib","pearson_corr","XGBoost",0.265083975033261,"No Fine Tuning"
"4062","Palbociclib","pearson_corr","XGBoost",0.204151314977195,"No Fine Tuning"
"4063","Palbociclib","pearson_corr","XGBoost",0.331312040108688,"No Fine Tuning"
"4064","Palbociclib","pearson_corr","XGBoost",0.179233225123051,"No Fine Tuning"
"4065","Palbociclib","pearson_corr","XGBoost",0.329766187397304,"No Fine Tuning"
"4066","Palbociclib","pearson_corr","XGBoost",0.249999797876218,"No Fine Tuning"
"4067","Palbociclib","pearson_corr","XGBoost",0.2364200537274,"No Fine Tuning"
"4068","Palbociclib","pearson_corr","XGBoost",0.353916856510396,"No Fine Tuning"
"4069","Palbociclib","pearson_corr","XGBoost",0.196144823447711,"No Fine Tuning"
"4070","Palbociclib","pearson_corr","XGBoost",0.292837154588666,"No Fine Tuning"
"4071","Palbociclib","pearson_corr","XGBoost",0.334683118317026,"No Fine Tuning"
"4072","Palbociclib","pearson_corr","XGBoost",0.332459106193121,"No Fine Tuning"
"4073","Palbociclib","pearson_corr","XGBoost",0.310867934510011,"No Fine Tuning"
"4074","Palbociclib","pearson_corr","XGBoost",0.302753462135482,"No Fine Tuning"
"4075","Palbociclib","pearson_corr","XGBoost",0.279236330899494,"No Fine Tuning"
"4076","Palbociclib","pearson_corr","XGBoost",0.314182621676961,"No Fine Tuning"
"4077","Palbociclib","pearson_corr","XGBoost",0.276040340696665,"No Fine Tuning"
"4078","Palbociclib","pearson_corr","XGBoost",0.327988507536529,"No Fine Tuning"
"4079","Palbociclib","pearson_corr","XGBoost",0.262869779157009,"No Fine Tuning"
"4080","Palbociclib","pearson_corr","XGBoost",0.275672575510862,"No Fine Tuning"
"4081","Palbociclib","pearson_corr","XGBoost",0.209374935109179,"No Fine Tuning"
"4082","Palbociclib","pearson_corr","XGBoost",0.268589990943677,"No Fine Tuning"
"4083","Palbociclib","pearson_corr","XGBoost",0.299932278221656,"No Fine Tuning"
"4084","Palbociclib","pearson_corr","XGBoost",0.247906953852252,"No Fine Tuning"
"4085","Palbociclib","pearson_corr","XGBoost",0.218338275388475,"No Fine Tuning"
"4086","Palbociclib","pearson_corr","XGBoost",0.265251721512986,"No Fine Tuning"
"4087","Palbociclib","pearson_corr","XGBoost",0.237576216813286,"No Fine Tuning"
"4088","Palbociclib","pearson_corr","XGBoost",0.314793938717614,"No Fine Tuning"
"4089","Palbociclib","pearson_corr","XGBoost",0.326674905256762,"No Fine Tuning"
"4090","Palbociclib","pearson_corr","XGBoost",0.367160175130053,"No Fine Tuning"
"4091","Palbociclib","pearson_corr","XGBoost",0.27016502062985,"No Fine Tuning"
"4092","Palbociclib","pearson_corr","XGBoost",0.370538390063991,"No Fine Tuning"
"4093","Palbociclib","pearson_corr","XGBoost",0.16915909090236,"No Fine Tuning"
"4094","Palbociclib","pearson_corr","XGBoost",0.295391763502111,"No Fine Tuning"
"4095","Palbociclib","pearson_corr","XGBoost",0.310362449888708,"No Fine Tuning"
"4096","Palbociclib","pearson_corr","XGBoost",0.268292127769961,"No Fine Tuning"
"4097","Palbociclib","pearson_corr","XGBoost",0.276213261625795,"No Fine Tuning"
"4098","Palbociclib","pearson_corr","XGBoost",0.228188147070728,"No Fine Tuning"
"4099","Palbociclib","pearson_corr","XGBoost",0.334929244574126,"No Fine Tuning"
"4100","Palbociclib","pearson_corr","XGBoost",0.201281291547004,"No Fine Tuning"
"4101","Palbociclib","pearson_corr","SupervisedVAE",0.374749980831249,"No Fine Tuning"
"4102","Palbociclib","pearson_corr","SupervisedVAE",0.352423658769077,"No Fine Tuning"
"4103","Palbociclib","pearson_corr","SupervisedVAE",0.3514081268445,"No Fine Tuning"
"4104","Palbociclib","pearson_corr","SupervisedVAE",0.341712213917012,"No Fine Tuning"
"4105","Palbociclib","pearson_corr","SupervisedVAE",0.408612362070847,"No Fine Tuning"
"4106","Palbociclib","pearson_corr","SupervisedVAE",0.411746417559981,"No Fine Tuning"
"4107","Palbociclib","pearson_corr","SupervisedVAE",0.382732110755323,"No Fine Tuning"
"4108","Palbociclib","pearson_corr","SupervisedVAE",0.350495649504522,"No Fine Tuning"
"4109","Palbociclib","pearson_corr","SupervisedVAE",0.369865103276745,"No Fine Tuning"
"4110","Palbociclib","pearson_corr","SupervisedVAE",0.407268235704815,"No Fine Tuning"
"4111","Palbociclib","pearson_corr","SupervisedVAE",0.448938565170986,"No Fine Tuning"
"4112","Palbociclib","pearson_corr","SupervisedVAE",0.427360665637747,"No Fine Tuning"
"4113","Palbociclib","pearson_corr","SupervisedVAE",0.349302629473735,"No Fine Tuning"
"4114","Palbociclib","pearson_corr","SupervisedVAE",0.449747700397003,"No Fine Tuning"
"4115","Palbociclib","pearson_corr","SupervisedVAE",0.28480071805596,"No Fine Tuning"
"4116","Palbociclib","pearson_corr","SupervisedVAE",0.318893636140815,"No Fine Tuning"
"4117","Palbociclib","pearson_corr","SupervisedVAE",0.380242265721447,"No Fine Tuning"
"4118","Palbociclib","pearson_corr","SupervisedVAE",0.352654401564301,"No Fine Tuning"
"4119","Palbociclib","pearson_corr","SupervisedVAE",0.427205370447956,"No Fine Tuning"
"4120","Palbociclib","pearson_corr","SupervisedVAE",0.337895431438824,"No Fine Tuning"
"4121","Palbociclib","pearson_corr","SupervisedVAE",0.365616165643848,"No Fine Tuning"
"4122","Palbociclib","pearson_corr","SupervisedVAE",0.364242969260636,"No Fine Tuning"
"4123","Palbociclib","pearson_corr","SupervisedVAE",0.447849219760463,"No Fine Tuning"
"4124","Palbociclib","pearson_corr","SupervisedVAE",0.404638200862239,"No Fine Tuning"
"4125","Palbociclib","pearson_corr","SupervisedVAE",0.342968838685145,"No Fine Tuning"
"4126","Palbociclib","pearson_corr","SupervisedVAE",0.375338887709038,"No Fine Tuning"
"4127","Palbociclib","pearson_corr","SupervisedVAE",0.440805149262717,"No Fine Tuning"
"4128","Palbociclib","pearson_corr","SupervisedVAE",0.391520615819529,"No Fine Tuning"
"4129","Palbociclib","pearson_corr","SupervisedVAE",0.356928574997304,"No Fine Tuning"
"4130","Palbociclib","pearson_corr","SupervisedVAE",0.377171424478369,"No Fine Tuning"
"4131","Palbociclib","pearson_corr","SupervisedVAE",0.399890841198268,"No Fine Tuning"
"4132","Palbociclib","pearson_corr","SupervisedVAE",0.28507500199843,"No Fine Tuning"
"4133","Palbociclib","pearson_corr","SupervisedVAE",0.365694220423843,"No Fine Tuning"
"4134","Palbociclib","pearson_corr","SupervisedVAE",0.380816423500439,"No Fine Tuning"
"4135","Palbociclib","pearson_corr","SupervisedVAE",0.352914398307757,"No Fine Tuning"
"4136","Palbociclib","pearson_corr","SupervisedVAE",0.386304195138668,"No Fine Tuning"
"4137","Palbociclib","pearson_corr","SupervisedVAE",0.440006695878126,"No Fine Tuning"
"4138","Palbociclib","pearson_corr","SupervisedVAE",0.332156532029881,"No Fine Tuning"
"4139","Palbociclib","pearson_corr","SupervisedVAE",0.380664315361393,"No Fine Tuning"
"4140","Palbociclib","pearson_corr","SupervisedVAE",0.477702030969677,"No Fine Tuning"
"4141","Palbociclib","pearson_corr","SupervisedVAE",0.411586387196962,"No Fine Tuning"
"4142","Palbociclib","pearson_corr","SupervisedVAE",0.353543684486111,"No Fine Tuning"
"4143","Palbociclib","pearson_corr","SupervisedVAE",0.396749014494427,"No Fine Tuning"
"4144","Palbociclib","pearson_corr","SupervisedVAE",0.327698867067585,"No Fine Tuning"
"4145","Palbociclib","pearson_corr","SupervisedVAE",0.291660024091838,"No Fine Tuning"
"4146","Palbociclib","pearson_corr","SupervisedVAE",0.432433272425749,"No Fine Tuning"
"4147","Palbociclib","pearson_corr","SupervisedVAE",0.340363390288091,"No Fine Tuning"
"4148","Palbociclib","pearson_corr","SupervisedVAE",0.400786920065655,"No Fine Tuning"
"4149","Palbociclib","pearson_corr","SupervisedVAE",0.479435195858124,"No Fine Tuning"
"4150","Palbociclib","pearson_corr","SupervisedVAE",0.317164853073752,"No Fine Tuning"
"4151","Palbociclib","pearson_corr","SupervisedVAE",0.333090720020853,"No Fine Tuning"
"4152","Palbociclib","pearson_corr","SupervisedVAE",0.386015408171029,"No Fine Tuning"
"4153","Palbociclib","pearson_corr","SupervisedVAE",0.338491945736699,"No Fine Tuning"
"4154","Palbociclib","pearson_corr","SupervisedVAE",0.302979528015756,"No Fine Tuning"
"4155","Palbociclib","pearson_corr","SupervisedVAE",0.405933219643638,"No Fine Tuning"
"4156","Palbociclib","pearson_corr","SupervisedVAE",0.468896927959163,"No Fine Tuning"
"4157","Palbociclib","pearson_corr","SupervisedVAE",0.405119838384997,"No Fine Tuning"
"4158","Palbociclib","pearson_corr","SupervisedVAE",0.391171082724342,"No Fine Tuning"
"4159","Palbociclib","pearson_corr","SupervisedVAE",0.348764390019405,"No Fine Tuning"
"4160","Palbociclib","pearson_corr","SupervisedVAE",0.377326876038625,"No Fine Tuning"
"4161","Palbociclib","pearson_corr","SupervisedVAE",0.403839824560495,"No Fine Tuning"
"4162","Palbociclib","pearson_corr","SupervisedVAE",0.289367209967775,"No Fine Tuning"
"4163","Palbociclib","pearson_corr","SupervisedVAE",0.357144547572917,"No Fine Tuning"
"4164","Palbociclib","pearson_corr","SupervisedVAE",0.327318185729932,"No Fine Tuning"
"4165","Palbociclib","pearson_corr","SupervisedVAE",0.402505512221878,"No Fine Tuning"
"4166","Palbociclib","pearson_corr","SupervisedVAE",0.322880504884381,"No Fine Tuning"
"4167","Palbociclib","pearson_corr","SupervisedVAE",0.342716588559634,"No Fine Tuning"
"4168","Palbociclib","pearson_corr","SupervisedVAE",0.400389477428012,"No Fine Tuning"
"4169","Palbociclib","pearson_corr","SupervisedVAE",0.361551407003423,"No Fine Tuning"
"4170","Palbociclib","pearson_corr","SupervisedVAE",0.329689691434043,"No Fine Tuning"
"4171","Palbociclib","pearson_corr","SupervisedVAE",0.331477361420466,"No Fine Tuning"
"4172","Palbociclib","pearson_corr","SupervisedVAE",0.441933462135407,"No Fine Tuning"
"4173","Palbociclib","pearson_corr","SupervisedVAE",0.366119838431302,"No Fine Tuning"
"4174","Palbociclib","pearson_corr","SupervisedVAE",0.365784534971858,"No Fine Tuning"
"4175","Palbociclib","pearson_corr","SupervisedVAE",0.35055610006057,"No Fine Tuning"
"4176","Palbociclib","pearson_corr","SupervisedVAE",0.391898894459294,"No Fine Tuning"
"4177","Palbociclib","pearson_corr","SupervisedVAE",0.335976556279944,"No Fine Tuning"
"4178","Palbociclib","pearson_corr","SupervisedVAE",0.411270231316579,"No Fine Tuning"
"4179","Palbociclib","pearson_corr","SupervisedVAE",0.364373505393113,"No Fine Tuning"
"4180","Palbociclib","pearson_corr","SupervisedVAE",0.35164737703636,"No Fine Tuning"
"4181","Palbociclib","pearson_corr","SupervisedVAE",0.360178516633343,"No Fine Tuning"
"4182","Palbociclib","pearson_corr","SupervisedVAE",0.290396587965655,"No Fine Tuning"
"4183","Palbociclib","pearson_corr","SupervisedVAE",0.341929086208764,"No Fine Tuning"
"4184","Palbociclib","pearson_corr","SupervisedVAE",0.392081562304376,"No Fine Tuning"
"4185","Palbociclib","pearson_corr","SupervisedVAE",0.341116714351067,"No Fine Tuning"
"4186","Palbociclib","pearson_corr","SupervisedVAE",0.39565448063763,"No Fine Tuning"
"4187","Palbociclib","pearson_corr","SupervisedVAE",0.361131862483786,"No Fine Tuning"
"4188","Palbociclib","pearson_corr","SupervisedVAE",0.351059199125188,"No Fine Tuning"
"4189","Palbociclib","pearson_corr","SupervisedVAE",0.402157975525876,"No Fine Tuning"
"4190","Palbociclib","pearson_corr","SupervisedVAE",0.440384760192107,"No Fine Tuning"
"4191","Palbociclib","pearson_corr","SupervisedVAE",0.324979964501409,"No Fine Tuning"
"4192","Palbociclib","pearson_corr","SupervisedVAE",0.432258993690288,"No Fine Tuning"
"4193","Palbociclib","pearson_corr","SupervisedVAE",0.297959904521885,"No Fine Tuning"
"4194","Palbociclib","pearson_corr","SupervisedVAE",0.384133100403749,"No Fine Tuning"
"4195","Palbociclib","pearson_corr","SupervisedVAE",0.392133757691501,"No Fine Tuning"
"4196","Palbociclib","pearson_corr","SupervisedVAE",0.327039962416401,"No Fine Tuning"
"4197","Palbociclib","pearson_corr","SupervisedVAE",0.420024802546266,"No Fine Tuning"
"4198","Palbociclib","pearson_corr","SupervisedVAE",0.332446871629746,"No Fine Tuning"
"4199","Palbociclib","pearson_corr","SupervisedVAE",0.353652124666472,"No Fine Tuning"
"4200","Palbociclib","pearson_corr","SupervisedVAE",0.317903347513456,"No Fine Tuning"
"4201","Selumetinib","pearson_corr","SupervisedVAE_finetuned",0.630735108378551,"With Fine Tuning"
"4202","Selumetinib","pearson_corr","SupervisedVAE_finetuned",0.586065777742771,"With Fine Tuning"
"4203","Selumetinib","pearson_corr","SupervisedVAE_finetuned",0.615408701381293,"With Fine Tuning"
"4204","Selumetinib","pearson_corr","SupervisedVAE_finetuned",0.642841460970704,"With Fine Tuning"
"4205","Selumetinib","pearson_corr","SupervisedVAE_finetuned",0.66745010008371,"With Fine Tuning"
"4206","Selumetinib","pearson_corr","SupervisedVAE_finetuned",0.687475054531371,"With Fine Tuning"
"4207","Selumetinib","pearson_corr","SupervisedVAE_finetuned",0.58004798148799,"With Fine Tuning"
"4208","Selumetinib","pearson_corr","SupervisedVAE_finetuned",0.680430967143397,"With Fine Tuning"
"4209","Selumetinib","pearson_corr","SupervisedVAE_finetuned",0.6041938640412,"With Fine Tuning"
"4210","Selumetinib","pearson_corr","SupervisedVAE_finetuned",0.552182072391378,"With Fine Tuning"
"4211","Selumetinib","pearson_corr","SupervisedVAE_finetuned",0.611489254701757,"With Fine Tuning"
"4212","Selumetinib","pearson_corr","SupervisedVAE_finetuned",0.611611854929129,"With Fine Tuning"
"4213","Selumetinib","pearson_corr","SupervisedVAE_finetuned",0.632678815242712,"With Fine Tuning"
"4214","Selumetinib","pearson_corr","SupervisedVAE_finetuned",0.506547121227282,"With Fine Tuning"
"4215","Selumetinib","pearson_corr","SupervisedVAE_finetuned",0.609992628905403,"With Fine Tuning"
"4216","Selumetinib","pearson_corr","SupervisedVAE_finetuned",0.595075427350063,"With Fine Tuning"
"4217","Selumetinib","pearson_corr","SupervisedVAE_finetuned",0.667523054757181,"With Fine Tuning"
"4218","Selumetinib","pearson_corr","SupervisedVAE_finetuned",0.604907093041298,"With Fine Tuning"
"4219","Selumetinib","pearson_corr","SupervisedVAE_finetuned",0.632584296554729,"With Fine Tuning"
"4220","Selumetinib","pearson_corr","SupervisedVAE_finetuned",0.653677301676995,"With Fine Tuning"
"4221","Selumetinib","pearson_corr","SupervisedVAE_finetuned",0.585301733948014,"With Fine Tuning"
"4222","Selumetinib","pearson_corr","SupervisedVAE_finetuned",0.58997751870658,"With Fine Tuning"
"4223","Selumetinib","pearson_corr","SupervisedVAE_finetuned",0.645939228910833,"With Fine Tuning"
"4224","Selumetinib","pearson_corr","SupervisedVAE_finetuned",0.610046853169282,"With Fine Tuning"
"4225","Selumetinib","pearson_corr","SupervisedVAE_finetuned",0.536976442829152,"With Fine Tuning"
"4226","Selumetinib","pearson_corr","SupervisedVAE_finetuned",0.537443753189378,"With Fine Tuning"
"4227","Selumetinib","pearson_corr","SupervisedVAE_finetuned",0.67157510005381,"With Fine Tuning"
"4228","Selumetinib","pearson_corr","SupervisedVAE_finetuned",0.605415821015832,"With Fine Tuning"
"4229","Selumetinib","pearson_corr","SupervisedVAE_finetuned",0.637893023979082,"With Fine Tuning"
"4230","Selumetinib","pearson_corr","SupervisedVAE_finetuned",0.702927588095931,"With Fine Tuning"
"4231","Selumetinib","pearson_corr","SupervisedVAE_finetuned",0.55585626208844,"With Fine Tuning"
"4232","Selumetinib","pearson_corr","SupervisedVAE_finetuned",0.722240873292191,"With Fine Tuning"
"4233","Selumetinib","pearson_corr","SupervisedVAE_finetuned",0.667987040427477,"With Fine Tuning"
"4234","Selumetinib","pearson_corr","SupervisedVAE_finetuned",0.58028692256861,"With Fine Tuning"
"4235","Selumetinib","pearson_corr","SupervisedVAE_finetuned",0.641370212011737,"With Fine Tuning"
"4236","Selumetinib","pearson_corr","SupervisedVAE_finetuned",0.690331938622104,"With Fine Tuning"
"4237","Selumetinib","pearson_corr","SupervisedVAE_finetuned",0.691528551590585,"With Fine Tuning"
"4238","Selumetinib","pearson_corr","SupervisedVAE_finetuned",0.594063699085571,"With Fine Tuning"
"4239","Selumetinib","pearson_corr","SupervisedVAE_finetuned",0.575970186757924,"With Fine Tuning"
"4240","Selumetinib","pearson_corr","SupervisedVAE_finetuned",0.62645547662444,"With Fine Tuning"
"4241","Selumetinib","pearson_corr","SupervisedVAE_finetuned",0.683966248167667,"With Fine Tuning"
"4242","Selumetinib","pearson_corr","SupervisedVAE_finetuned",0.60056423469641,"With Fine Tuning"
"4243","Selumetinib","pearson_corr","SupervisedVAE_finetuned",0.586175727227871,"With Fine Tuning"
"4244","Selumetinib","pearson_corr","SupervisedVAE_finetuned",0.600623764188438,"With Fine Tuning"
"4245","Selumetinib","pearson_corr","SupervisedVAE_finetuned",0.673179242382305,"With Fine Tuning"
"4246","Selumetinib","pearson_corr","SupervisedVAE_finetuned",0.609531090144658,"With Fine Tuning"
"4247","Selumetinib","pearson_corr","SupervisedVAE_finetuned",0.617322602093452,"With Fine Tuning"
"4248","Selumetinib","pearson_corr","SupervisedVAE_finetuned",0.712935196149072,"With Fine Tuning"
"4249","Selumetinib","pearson_corr","SupervisedVAE_finetuned",0.581833593662295,"With Fine Tuning"
"4250","Selumetinib","pearson_corr","SupervisedVAE_finetuned",0.559383313868778,"With Fine Tuning"
"4251","Selumetinib","pearson_corr","SupervisedVAE_finetuned",0.621486263542148,"With Fine Tuning"
"4252","Selumetinib","pearson_corr","SupervisedVAE_finetuned",0.596598375397025,"With Fine Tuning"
"4253","Selumetinib","pearson_corr","SupervisedVAE_finetuned",0.596727596621894,"With Fine Tuning"
"4254","Selumetinib","pearson_corr","SupervisedVAE_finetuned",0.663578742112557,"With Fine Tuning"
"4255","Selumetinib","pearson_corr","SupervisedVAE_finetuned",0.58964030939466,"With Fine Tuning"
"4256","Selumetinib","pearson_corr","SupervisedVAE_finetuned",0.614828306709482,"With Fine Tuning"
"4257","Selumetinib","pearson_corr","SupervisedVAE_finetuned",0.584232305453375,"With Fine Tuning"
"4258","Selumetinib","pearson_corr","SupervisedVAE_finetuned",0.625474175403513,"With Fine Tuning"
"4259","Selumetinib","pearson_corr","SupervisedVAE_finetuned",0.630126186380934,"With Fine Tuning"
"4260","Selumetinib","pearson_corr","SupervisedVAE_finetuned",0.577726332808719,"With Fine Tuning"
"4261","Selumetinib","pearson_corr","SupervisedVAE_finetuned",0.649060649104919,"With Fine Tuning"
"4262","Selumetinib","pearson_corr","SupervisedVAE_finetuned",0.671149929044385,"With Fine Tuning"
"4263","Selumetinib","pearson_corr","SupervisedVAE_finetuned",0.646486478970408,"With Fine Tuning"
"4264","Selumetinib","pearson_corr","SupervisedVAE_finetuned",0.6015861866634,"With Fine Tuning"
"4265","Selumetinib","pearson_corr","SupervisedVAE_finetuned",0.639002920415179,"With Fine Tuning"
"4266","Selumetinib","pearson_corr","SupervisedVAE_finetuned",0.674272574624672,"With Fine Tuning"
"4267","Selumetinib","pearson_corr","SupervisedVAE_finetuned",0.59705544410173,"With Fine Tuning"
"4268","Selumetinib","pearson_corr","SupervisedVAE_finetuned",0.560123715011709,"With Fine Tuning"
"4269","Selumetinib","pearson_corr","SupervisedVAE_finetuned",0.605907156267793,"With Fine Tuning"
"4270","Selumetinib","pearson_corr","SupervisedVAE_finetuned",0.653674230147401,"With Fine Tuning"
"4271","Selumetinib","pearson_corr","SupervisedVAE_finetuned",0.643498446392339,"With Fine Tuning"
"4272","Selumetinib","pearson_corr","SupervisedVAE_finetuned",0.660066682548027,"With Fine Tuning"
"4273","Selumetinib","pearson_corr","SupervisedVAE_finetuned",0.603194576310986,"With Fine Tuning"
"4274","Selumetinib","pearson_corr","SupervisedVAE_finetuned",0.692907568592872,"With Fine Tuning"
"4275","Selumetinib","pearson_corr","SupervisedVAE_finetuned",0.546120736345843,"With Fine Tuning"
"4276","Selumetinib","pearson_corr","SupervisedVAE_finetuned",0.605983589475786,"With Fine Tuning"
"4277","Selumetinib","pearson_corr","SupervisedVAE_finetuned",0.542344384417892,"With Fine Tuning"
"4278","Selumetinib","pearson_corr","SupervisedVAE_finetuned",0.607321511220132,"With Fine Tuning"
"4279","Selumetinib","pearson_corr","SupervisedVAE_finetuned",0.563178092504754,"With Fine Tuning"
"4280","Selumetinib","pearson_corr","SupervisedVAE_finetuned",0.581977934975828,"With Fine Tuning"
"4281","Selumetinib","pearson_corr","SupervisedVAE_finetuned",0.642154640860544,"With Fine Tuning"
"4282","Selumetinib","pearson_corr","SupervisedVAE_finetuned",0.6574292204376,"With Fine Tuning"
"4283","Selumetinib","pearson_corr","SupervisedVAE_finetuned",0.612017982140405,"With Fine Tuning"
"4284","Selumetinib","pearson_corr","SupervisedVAE_finetuned",0.67099262743074,"With Fine Tuning"
"4285","Selumetinib","pearson_corr","SupervisedVAE_finetuned",0.669055093937819,"With Fine Tuning"
"4286","Selumetinib","pearson_corr","SupervisedVAE_finetuned",0.620008322311082,"With Fine Tuning"
"4287","Selumetinib","pearson_corr","SupervisedVAE_finetuned",0.600142775532203,"With Fine Tuning"
"4288","Selumetinib","pearson_corr","SupervisedVAE_finetuned",0.617216417683003,"With Fine Tuning"
"4289","Selumetinib","pearson_corr","SupervisedVAE_finetuned",0.636506174830798,"With Fine Tuning"
"4290","Selumetinib","pearson_corr","SupervisedVAE_finetuned",0.67245636823637,"With Fine Tuning"
"4291","Selumetinib","pearson_corr","SupervisedVAE_finetuned",0.666202209956516,"With Fine Tuning"
"4292","Selumetinib","pearson_corr","SupervisedVAE_finetuned",0.555118523953627,"With Fine Tuning"
"4293","Selumetinib","pearson_corr","SupervisedVAE_finetuned",0.618312354661274,"With Fine Tuning"
"4294","Selumetinib","pearson_corr","SupervisedVAE_finetuned",0.679243092316089,"With Fine Tuning"
"4295","Selumetinib","pearson_corr","SupervisedVAE_finetuned",0.676034455042663,"With Fine Tuning"
"4296","Selumetinib","pearson_corr","SupervisedVAE_finetuned",0.689639086719368,"With Fine Tuning"
"4297","Selumetinib","pearson_corr","SupervisedVAE_finetuned",0.67346892146438,"With Fine Tuning"
"4298","Selumetinib","pearson_corr","SupervisedVAE_finetuned",0.597304958231978,"With Fine Tuning"
"4299","Selumetinib","pearson_corr","SupervisedVAE_finetuned",0.622154093684479,"With Fine Tuning"
"4300","Selumetinib","pearson_corr","SupervisedVAE_finetuned",0.539126272511627,"With Fine Tuning"
"4301","Selumetinib","pearson_corr","DirectPred",0.621864981779157,"No Fine Tuning"
"4302","Selumetinib","pearson_corr","DirectPred",0.588872985088731,"No Fine Tuning"
"4303","Selumetinib","pearson_corr","DirectPred",0.550774086886748,"No Fine Tuning"
"4304","Selumetinib","pearson_corr","DirectPred",0.603241631536765,"No Fine Tuning"
"4305","Selumetinib","pearson_corr","DirectPred",0.631634667729132,"No Fine Tuning"
"4306","Selumetinib","pearson_corr","DirectPred",0.679791999088789,"No Fine Tuning"
"4307","Selumetinib","pearson_corr","DirectPred",0.560063486213496,"No Fine Tuning"
"4308","Selumetinib","pearson_corr","DirectPred",0.620569911431542,"No Fine Tuning"
"4309","Selumetinib","pearson_corr","DirectPred",0.536934014251112,"No Fine Tuning"
"4310","Selumetinib","pearson_corr","DirectPred",0.552948833066479,"No Fine Tuning"
"4311","Selumetinib","pearson_corr","DirectPred",0.557649560005915,"No Fine Tuning"
"4312","Selumetinib","pearson_corr","DirectPred",0.601788645053248,"No Fine Tuning"
"4313","Selumetinib","pearson_corr","DirectPred",0.597760537390254,"No Fine Tuning"
"4314","Selumetinib","pearson_corr","DirectPred",0.535480832545959,"No Fine Tuning"
"4315","Selumetinib","pearson_corr","DirectPred",0.604025206039552,"No Fine Tuning"
"4316","Selumetinib","pearson_corr","DirectPred",0.506938930579614,"No Fine Tuning"
"4317","Selumetinib","pearson_corr","DirectPred",0.662104294475662,"No Fine Tuning"
"4318","Selumetinib","pearson_corr","DirectPred",0.612604247589782,"No Fine Tuning"
"4319","Selumetinib","pearson_corr","DirectPred",0.578701467072903,"No Fine Tuning"
"4320","Selumetinib","pearson_corr","DirectPred",0.645447708022119,"No Fine Tuning"
"4321","Selumetinib","pearson_corr","DirectPred",0.573017992305209,"No Fine Tuning"
"4322","Selumetinib","pearson_corr","DirectPred",0.577381973232717,"No Fine Tuning"
"4323","Selumetinib","pearson_corr","DirectPred",0.609343043217854,"No Fine Tuning"
"4324","Selumetinib","pearson_corr","DirectPred",0.587743434206469,"No Fine Tuning"
"4325","Selumetinib","pearson_corr","DirectPred",0.604732303099229,"No Fine Tuning"
"4326","Selumetinib","pearson_corr","DirectPred",0.531494330776043,"No Fine Tuning"
"4327","Selumetinib","pearson_corr","DirectPred",0.670873286691252,"No Fine Tuning"
"4328","Selumetinib","pearson_corr","DirectPred",0.621698683675144,"No Fine Tuning"
"4329","Selumetinib","pearson_corr","DirectPred",0.574410522541923,"No Fine Tuning"
"4330","Selumetinib","pearson_corr","DirectPred",0.623081383993006,"No Fine Tuning"
"4331","Selumetinib","pearson_corr","DirectPred",0.606729492975843,"No Fine Tuning"
"4332","Selumetinib","pearson_corr","DirectPred",0.642107511033493,"No Fine Tuning"
"4333","Selumetinib","pearson_corr","DirectPred",0.654441478578551,"No Fine Tuning"
"4334","Selumetinib","pearson_corr","DirectPred",0.591739784636246,"No Fine Tuning"
"4335","Selumetinib","pearson_corr","DirectPred",0.635416567898253,"No Fine Tuning"
"4336","Selumetinib","pearson_corr","DirectPred",0.663974685150578,"No Fine Tuning"
"4337","Selumetinib","pearson_corr","DirectPred",0.667675326568778,"No Fine Tuning"
"4338","Selumetinib","pearson_corr","DirectPred",0.532040008085535,"No Fine Tuning"
"4339","Selumetinib","pearson_corr","DirectPred",0.533752598611217,"No Fine Tuning"
"4340","Selumetinib","pearson_corr","DirectPred",0.6073221808308,"No Fine Tuning"
"4341","Selumetinib","pearson_corr","DirectPred",0.634642317015276,"No Fine Tuning"
"4342","Selumetinib","pearson_corr","DirectPred",0.587445219155596,"No Fine Tuning"
"4343","Selumetinib","pearson_corr","DirectPred",0.613665540569617,"No Fine Tuning"
"4344","Selumetinib","pearson_corr","DirectPred",0.572994008526867,"No Fine Tuning"
"4345","Selumetinib","pearson_corr","DirectPred",0.678965051103408,"No Fine Tuning"
"4346","Selumetinib","pearson_corr","DirectPred",0.614684646156734,"No Fine Tuning"
"4347","Selumetinib","pearson_corr","DirectPred",0.607149931755554,"No Fine Tuning"
"4348","Selumetinib","pearson_corr","DirectPred",0.716684125217168,"No Fine Tuning"
"4349","Selumetinib","pearson_corr","DirectPred",0.529854935357705,"No Fine Tuning"
"4350","Selumetinib","pearson_corr","DirectPred",0.515170258544883,"No Fine Tuning"
"4351","Selumetinib","pearson_corr","DirectPred",0.577398349718948,"No Fine Tuning"
"4352","Selumetinib","pearson_corr","DirectPred",0.578089583106455,"No Fine Tuning"
"4353","Selumetinib","pearson_corr","DirectPred",0.598036067423403,"No Fine Tuning"
"4354","Selumetinib","pearson_corr","DirectPred",0.612265310247112,"No Fine Tuning"
"4355","Selumetinib","pearson_corr","DirectPred",0.5802256527175,"No Fine Tuning"
"4356","Selumetinib","pearson_corr","DirectPred",0.640330597071621,"No Fine Tuning"
"4357","Selumetinib","pearson_corr","DirectPred",0.514420533137078,"No Fine Tuning"
"4358","Selumetinib","pearson_corr","DirectPred",0.590433613098968,"No Fine Tuning"
"4359","Selumetinib","pearson_corr","DirectPred",0.59725508241309,"No Fine Tuning"
"4360","Selumetinib","pearson_corr","DirectPred",0.577206917544937,"No Fine Tuning"
"4361","Selumetinib","pearson_corr","DirectPred",0.627938220576944,"No Fine Tuning"
"4362","Selumetinib","pearson_corr","DirectPred",0.663831936660345,"No Fine Tuning"
"4363","Selumetinib","pearson_corr","DirectPred",0.616013831039747,"No Fine Tuning"
"4364","Selumetinib","pearson_corr","DirectPred",0.567297238848644,"No Fine Tuning"
"4365","Selumetinib","pearson_corr","DirectPred",0.613703780611664,"No Fine Tuning"
"4366","Selumetinib","pearson_corr","DirectPred",0.618528755471164,"No Fine Tuning"
"4367","Selumetinib","pearson_corr","DirectPred",0.598782321597713,"No Fine Tuning"
"4368","Selumetinib","pearson_corr","DirectPred",0.535476333134252,"No Fine Tuning"
"4369","Selumetinib","pearson_corr","DirectPred",0.561786727488905,"No Fine Tuning"
"4370","Selumetinib","pearson_corr","DirectPred",0.648598636947449,"No Fine Tuning"
"4371","Selumetinib","pearson_corr","DirectPred",0.601122665858601,"No Fine Tuning"
"4372","Selumetinib","pearson_corr","DirectPred",0.658425261764585,"No Fine Tuning"
"4373","Selumetinib","pearson_corr","DirectPred",0.615699364893098,"No Fine Tuning"
"4374","Selumetinib","pearson_corr","DirectPred",0.673272477201674,"No Fine Tuning"
"4375","Selumetinib","pearson_corr","DirectPred",0.526723606668363,"No Fine Tuning"
"4376","Selumetinib","pearson_corr","DirectPred",0.583901664841553,"No Fine Tuning"
"4377","Selumetinib","pearson_corr","DirectPred",0.559823821927866,"No Fine Tuning"
"4378","Selumetinib","pearson_corr","DirectPred",0.625058725737624,"No Fine Tuning"
"4379","Selumetinib","pearson_corr","DirectPred",0.537173056351212,"No Fine Tuning"
"4380","Selumetinib","pearson_corr","DirectPred",0.636480195268655,"No Fine Tuning"
"4381","Selumetinib","pearson_corr","DirectPred",0.635469264208675,"No Fine Tuning"
"4382","Selumetinib","pearson_corr","DirectPred",0.612430344487044,"No Fine Tuning"
"4383","Selumetinib","pearson_corr","DirectPred",0.579175198856501,"No Fine Tuning"
"4384","Selumetinib","pearson_corr","DirectPred",0.652431453657528,"No Fine Tuning"
"4385","Selumetinib","pearson_corr","DirectPred",0.636484653734561,"No Fine Tuning"
"4386","Selumetinib","pearson_corr","DirectPred",0.590088172786365,"No Fine Tuning"
"4387","Selumetinib","pearson_corr","DirectPred",0.586356268181463,"No Fine Tuning"
"4388","Selumetinib","pearson_corr","DirectPred",0.58832498318522,"No Fine Tuning"
"4389","Selumetinib","pearson_corr","DirectPred",0.610325829051023,"No Fine Tuning"
"4390","Selumetinib","pearson_corr","DirectPred",0.635618016658562,"No Fine Tuning"
"4391","Selumetinib","pearson_corr","DirectPred",0.606525310228483,"No Fine Tuning"
"4392","Selumetinib","pearson_corr","DirectPred",0.552381725726222,"No Fine Tuning"
"4393","Selumetinib","pearson_corr","DirectPred",0.567234467749021,"No Fine Tuning"
"4394","Selumetinib","pearson_corr","DirectPred",0.625041625455881,"No Fine Tuning"
"4395","Selumetinib","pearson_corr","DirectPred",0.614404703704467,"No Fine Tuning"
"4396","Selumetinib","pearson_corr","DirectPred",0.691247580123188,"No Fine Tuning"
"4397","Selumetinib","pearson_corr","DirectPred",0.673555215086284,"No Fine Tuning"
"4398","Selumetinib","pearson_corr","DirectPred",0.615252956421775,"No Fine Tuning"
"4399","Selumetinib","pearson_corr","DirectPred",0.594864153007632,"No Fine Tuning"
"4400","Selumetinib","pearson_corr","DirectPred",0.585866433581267,"No Fine Tuning"
"4401","Selumetinib","pearson_corr","GNN",0.627297526470726,"No Fine Tuning"
"4402","Selumetinib","pearson_corr","GNN",0.514483195879422,"No Fine Tuning"
"4403","Selumetinib","pearson_corr","GNN",0.543427999063987,"No Fine Tuning"
"4404","Selumetinib","pearson_corr","GNN",0.565991183949075,"No Fine Tuning"
"4405","Selumetinib","pearson_corr","GNN",0.606517733958477,"No Fine Tuning"
"4406","Selumetinib","pearson_corr","GNN",0.637125139195873,"No Fine Tuning"
"4407","Selumetinib","pearson_corr","GNN",0.545665522936007,"No Fine Tuning"
"4408","Selumetinib","pearson_corr","GNN",0.57066526296033,"No Fine Tuning"
"4409","Selumetinib","pearson_corr","GNN",0.538276961764393,"No Fine Tuning"
"4410","Selumetinib","pearson_corr","GNN",0.505535763589412,"No Fine Tuning"
"4411","Selumetinib","pearson_corr","GNN",0.546318881060963,"No Fine Tuning"
"4412","Selumetinib","pearson_corr","GNN",0.619590585167112,"No Fine Tuning"
"4413","Selumetinib","pearson_corr","GNN",0.607582470117198,"No Fine Tuning"
"4414","Selumetinib","pearson_corr","GNN",0.523659622703512,"No Fine Tuning"
"4415","Selumetinib","pearson_corr","GNN",0.579887987901608,"No Fine Tuning"
"4416","Selumetinib","pearson_corr","GNN",0.534111515920888,"No Fine Tuning"
"4417","Selumetinib","pearson_corr","GNN",0.646448947705901,"No Fine Tuning"
"4418","Selumetinib","pearson_corr","GNN",0.544740775488811,"No Fine Tuning"
"4419","Selumetinib","pearson_corr","GNN",0.551220689855236,"No Fine Tuning"
"4420","Selumetinib","pearson_corr","GNN",0.633355875055346,"No Fine Tuning"
"4421","Selumetinib","pearson_corr","GNN",0.584294514387345,"No Fine Tuning"
"4422","Selumetinib","pearson_corr","GNN",0.597897032604334,"No Fine Tuning"
"4423","Selumetinib","pearson_corr","GNN",0.566594308341369,"No Fine Tuning"
"4424","Selumetinib","pearson_corr","GNN",0.51341041130863,"No Fine Tuning"
"4425","Selumetinib","pearson_corr","GNN",0.548752386991892,"No Fine Tuning"
"4426","Selumetinib","pearson_corr","GNN",0.495070364097646,"No Fine Tuning"
"4427","Selumetinib","pearson_corr","GNN",0.62936888339295,"No Fine Tuning"
"4428","Selumetinib","pearson_corr","GNN",0.545251235855499,"No Fine Tuning"
"4429","Selumetinib","pearson_corr","GNN",0.557235196495328,"No Fine Tuning"
"4430","Selumetinib","pearson_corr","GNN",0.660596368498852,"No Fine Tuning"
"4431","Selumetinib","pearson_corr","GNN",0.540604892824546,"No Fine Tuning"
"4432","Selumetinib","pearson_corr","GNN",0.639894477885684,"No Fine Tuning"
"4433","Selumetinib","pearson_corr","GNN",0.606237827302599,"No Fine Tuning"
"4434","Selumetinib","pearson_corr","GNN",0.545968697427985,"No Fine Tuning"
"4435","Selumetinib","pearson_corr","GNN",0.660344023077579,"No Fine Tuning"
"4436","Selumetinib","pearson_corr","GNN",0.638886675076564,"No Fine Tuning"
"4437","Selumetinib","pearson_corr","GNN",0.673153639034591,"No Fine Tuning"
"4438","Selumetinib","pearson_corr","GNN",0.492305779251833,"No Fine Tuning"
"4439","Selumetinib","pearson_corr","GNN",0.504276858993167,"No Fine Tuning"
"4440","Selumetinib","pearson_corr","GNN",0.571688686204561,"No Fine Tuning"
"4441","Selumetinib","pearson_corr","GNN",0.576784160414901,"No Fine Tuning"
"4442","Selumetinib","pearson_corr","GNN",0.583365769562986,"No Fine Tuning"
"4443","Selumetinib","pearson_corr","GNN",0.534856975192634,"No Fine Tuning"
"4444","Selumetinib","pearson_corr","GNN",0.479371928102596,"No Fine Tuning"
"4445","Selumetinib","pearson_corr","GNN",0.637870890958449,"No Fine Tuning"
"4446","Selumetinib","pearson_corr","GNN",0.604395206933414,"No Fine Tuning"
"4447","Selumetinib","pearson_corr","GNN",0.576933246805551,"No Fine Tuning"
"4448","Selumetinib","pearson_corr","GNN",0.684644127756934,"No Fine Tuning"
"4449","Selumetinib","pearson_corr","GNN",0.483248507138859,"No Fine Tuning"
"4450","Selumetinib","pearson_corr","GNN",0.436859174119133,"No Fine Tuning"
"4451","Selumetinib","pearson_corr","GNN",0.560797540199969,"No Fine Tuning"
"4452","Selumetinib","pearson_corr","GNN",0.54511294283757,"No Fine Tuning"
"4453","Selumetinib","pearson_corr","GNN",0.546028542968661,"No Fine Tuning"
"4454","Selumetinib","pearson_corr","GNN",0.560504805239483,"No Fine Tuning"
"4455","Selumetinib","pearson_corr","GNN",0.537975982766866,"No Fine Tuning"
"4456","Selumetinib","pearson_corr","GNN",0.60751654626804,"No Fine Tuning"
"4457","Selumetinib","pearson_corr","GNN",0.513085141857512,"No Fine Tuning"
"4458","Selumetinib","pearson_corr","GNN",0.640991870717539,"No Fine Tuning"
"4459","Selumetinib","pearson_corr","GNN",0.57535624041885,"No Fine Tuning"
"4460","Selumetinib","pearson_corr","GNN",0.53534411709065,"No Fine Tuning"
"4461","Selumetinib","pearson_corr","GNN",0.609398695276771,"No Fine Tuning"
"4462","Selumetinib","pearson_corr","GNN",0.59254238077699,"No Fine Tuning"
"4463","Selumetinib","pearson_corr","GNN",0.574791186629089,"No Fine Tuning"
"4464","Selumetinib","pearson_corr","GNN",0.583235743164563,"No Fine Tuning"
"4465","Selumetinib","pearson_corr","GNN",0.576107942882943,"No Fine Tuning"
"4466","Selumetinib","pearson_corr","GNN",0.663589331927076,"No Fine Tuning"
"4467","Selumetinib","pearson_corr","GNN",0.538874155985819,"No Fine Tuning"
"4468","Selumetinib","pearson_corr","GNN",0.524638493812893,"No Fine Tuning"
"4469","Selumetinib","pearson_corr","GNN",0.554912216983553,"No Fine Tuning"
"4470","Selumetinib","pearson_corr","GNN",0.617598682960853,"No Fine Tuning"
"4471","Selumetinib","pearson_corr","GNN",0.604210719422701,"No Fine Tuning"
"4472","Selumetinib","pearson_corr","GNN",0.641037006305905,"No Fine Tuning"
"4473","Selumetinib","pearson_corr","GNN",0.62482412416228,"No Fine Tuning"
"4474","Selumetinib","pearson_corr","GNN",0.608156315894234,"No Fine Tuning"
"4475","Selumetinib","pearson_corr","GNN",0.483263232942226,"No Fine Tuning"
"4476","Selumetinib","pearson_corr","GNN",0.54611728805556,"No Fine Tuning"
"4477","Selumetinib","pearson_corr","GNN",0.524542456713487,"No Fine Tuning"
"4478","Selumetinib","pearson_corr","GNN",0.565421814603622,"No Fine Tuning"
"4479","Selumetinib","pearson_corr","GNN",0.506309190671677,"No Fine Tuning"
"4480","Selumetinib","pearson_corr","GNN",0.571133836583892,"No Fine Tuning"
"4481","Selumetinib","pearson_corr","GNN",0.601114283813704,"No Fine Tuning"
"4482","Selumetinib","pearson_corr","GNN",0.578582213346896,"No Fine Tuning"
"4483","Selumetinib","pearson_corr","GNN",0.555475610411731,"No Fine Tuning"
"4484","Selumetinib","pearson_corr","GNN",0.633265545423337,"No Fine Tuning"
"4485","Selumetinib","pearson_corr","GNN",0.628176952631799,"No Fine Tuning"
"4486","Selumetinib","pearson_corr","GNN",0.618021168323053,"No Fine Tuning"
"4487","Selumetinib","pearson_corr","GNN",0.568651896575399,"No Fine Tuning"
"4488","Selumetinib","pearson_corr","GNN",0.548623662234481,"No Fine Tuning"
"4489","Selumetinib","pearson_corr","GNN",0.566314110177214,"No Fine Tuning"
"4490","Selumetinib","pearson_corr","GNN",0.588514639624481,"No Fine Tuning"
"4491","Selumetinib","pearson_corr","GNN",0.552912440981703,"No Fine Tuning"
"4492","Selumetinib","pearson_corr","GNN",0.51890510648159,"No Fine Tuning"
"4493","Selumetinib","pearson_corr","GNN",0.523963488405472,"No Fine Tuning"
"4494","Selumetinib","pearson_corr","GNN",0.633700410257146,"No Fine Tuning"
"4495","Selumetinib","pearson_corr","GNN",0.597448220780905,"No Fine Tuning"
"4496","Selumetinib","pearson_corr","GNN",0.645839779162336,"No Fine Tuning"
"4497","Selumetinib","pearson_corr","GNN",0.646885919670756,"No Fine Tuning"
"4498","Selumetinib","pearson_corr","GNN",0.570811275890925,"No Fine Tuning"
"4499","Selumetinib","pearson_corr","GNN",0.520336372082103,"No Fine Tuning"
"4500","Selumetinib","pearson_corr","GNN",0.535771326566204,"No Fine Tuning"
"4501","Selumetinib","pearson_corr","RandomForest",0.663517498364286,"No Fine Tuning"
"4502","Selumetinib","pearson_corr","RandomForest",0.440675530875088,"No Fine Tuning"
"4503","Selumetinib","pearson_corr","RandomForest",0.499602555752826,"No Fine Tuning"
"4504","Selumetinib","pearson_corr","RandomForest",0.630195230167227,"No Fine Tuning"
"4505","Selumetinib","pearson_corr","RandomForest",0.535820959081884,"No Fine Tuning"
"4506","Selumetinib","pearson_corr","RandomForest",0.630313311916716,"No Fine Tuning"
"4507","Selumetinib","pearson_corr","RandomForest",0.520730356835684,"No Fine Tuning"
"4508","Selumetinib","pearson_corr","RandomForest",0.589369138125499,"No Fine Tuning"
"4509","Selumetinib","pearson_corr","RandomForest",0.529843770688889,"No Fine Tuning"
"4510","Selumetinib","pearson_corr","RandomForest",0.485039245274534,"No Fine Tuning"
"4511","Selumetinib","pearson_corr","RandomForest",0.490900891442352,"No Fine Tuning"
"4512","Selumetinib","pearson_corr","RandomForest",0.511064447944206,"No Fine Tuning"
"4513","Selumetinib","pearson_corr","RandomForest",0.520494946174628,"No Fine Tuning"
"4514","Selumetinib","pearson_corr","RandomForest",0.483642861742964,"No Fine Tuning"
"4515","Selumetinib","pearson_corr","RandomForest",0.508241637710845,"No Fine Tuning"
"4516","Selumetinib","pearson_corr","RandomForest",0.448222044948387,"No Fine Tuning"
"4517","Selumetinib","pearson_corr","RandomForest",0.57834059626181,"No Fine Tuning"
"4518","Selumetinib","pearson_corr","RandomForest",0.510554323250185,"No Fine Tuning"
"4519","Selumetinib","pearson_corr","RandomForest",0.544070683579678,"No Fine Tuning"
"4520","Selumetinib","pearson_corr","RandomForest",0.582258392910699,"No Fine Tuning"
"4521","Selumetinib","pearson_corr","RandomForest",0.584720815505583,"No Fine Tuning"
"4522","Selumetinib","pearson_corr","RandomForest",0.560731624023513,"No Fine Tuning"
"4523","Selumetinib","pearson_corr","RandomForest",0.489750945828709,"No Fine Tuning"
"4524","Selumetinib","pearson_corr","RandomForest",0.53768233391865,"No Fine Tuning"
"4525","Selumetinib","pearson_corr","RandomForest",0.510066828854003,"No Fine Tuning"
"4526","Selumetinib","pearson_corr","RandomForest",0.497459341368967,"No Fine Tuning"
"4527","Selumetinib","pearson_corr","RandomForest",0.612317151251419,"No Fine Tuning"
"4528","Selumetinib","pearson_corr","RandomForest",0.491346864208128,"No Fine Tuning"
"4529","Selumetinib","pearson_corr","RandomForest",0.553596575670732,"No Fine Tuning"
"4530","Selumetinib","pearson_corr","RandomForest",0.594006163008994,"No Fine Tuning"
"4531","Selumetinib","pearson_corr","RandomForest",0.536265624357418,"No Fine Tuning"
"4532","Selumetinib","pearson_corr","RandomForest",0.554348586575609,"No Fine Tuning"
"4533","Selumetinib","pearson_corr","RandomForest",0.596913628944887,"No Fine Tuning"
"4534","Selumetinib","pearson_corr","RandomForest",0.558338717381845,"No Fine Tuning"
"4535","Selumetinib","pearson_corr","RandomForest",0.67643570027528,"No Fine Tuning"
"4536","Selumetinib","pearson_corr","RandomForest",0.605420021199307,"No Fine Tuning"
"4537","Selumetinib","pearson_corr","RandomForest",0.605787583564871,"No Fine Tuning"
"4538","Selumetinib","pearson_corr","RandomForest",0.459433952001054,"No Fine Tuning"
"4539","Selumetinib","pearson_corr","RandomForest",0.523162861137758,"No Fine Tuning"
"4540","Selumetinib","pearson_corr","RandomForest",0.519710703384641,"No Fine Tuning"
"4541","Selumetinib","pearson_corr","RandomForest",0.544995598040867,"No Fine Tuning"
"4542","Selumetinib","pearson_corr","RandomForest",0.565477146098005,"No Fine Tuning"
"4543","Selumetinib","pearson_corr","RandomForest",0.532588599554648,"No Fine Tuning"
"4544","Selumetinib","pearson_corr","RandomForest",0.550541837479745,"No Fine Tuning"
"4545","Selumetinib","pearson_corr","RandomForest",0.559112943296015,"No Fine Tuning"
"4546","Selumetinib","pearson_corr","RandomForest",0.56141529417869,"No Fine Tuning"
"4547","Selumetinib","pearson_corr","RandomForest",0.506874364924707,"No Fine Tuning"
"4548","Selumetinib","pearson_corr","RandomForest",0.643832072912052,"No Fine Tuning"
"4549","Selumetinib","pearson_corr","RandomForest",0.426151395324634,"No Fine Tuning"
"4550","Selumetinib","pearson_corr","RandomForest",0.408810169020268,"No Fine Tuning"
"4551","Selumetinib","pearson_corr","RandomForest",0.530704001812725,"No Fine Tuning"
"4552","Selumetinib","pearson_corr","RandomForest",0.431602442338178,"No Fine Tuning"
"4553","Selumetinib","pearson_corr","RandomForest",0.570289745602237,"No Fine Tuning"
"4554","Selumetinib","pearson_corr","RandomForest",0.56380699497947,"No Fine Tuning"
"4555","Selumetinib","pearson_corr","RandomForest",0.455715509137249,"No Fine Tuning"
"4556","Selumetinib","pearson_corr","RandomForest",0.585335730556497,"No Fine Tuning"
"4557","Selumetinib","pearson_corr","RandomForest",0.488439928224588,"No Fine Tuning"
"4558","Selumetinib","pearson_corr","RandomForest",0.542404724023296,"No Fine Tuning"
"4559","Selumetinib","pearson_corr","RandomForest",0.552151372168492,"No Fine Tuning"
"4560","Selumetinib","pearson_corr","RandomForest",0.500714554454559,"No Fine Tuning"
"4561","Selumetinib","pearson_corr","RandomForest",0.545201875857847,"No Fine Tuning"
"4562","Selumetinib","pearson_corr","RandomForest",0.481468526636063,"No Fine Tuning"
"4563","Selumetinib","pearson_corr","RandomForest",0.568032615379521,"No Fine Tuning"
"4564","Selumetinib","pearson_corr","RandomForest",0.504719938167141,"No Fine Tuning"
"4565","Selumetinib","pearson_corr","RandomForest",0.455003671649713,"No Fine Tuning"
"4566","Selumetinib","pearson_corr","RandomForest",0.53024324009262,"No Fine Tuning"
"4567","Selumetinib","pearson_corr","RandomForest",0.578246987807378,"No Fine Tuning"
"4568","Selumetinib","pearson_corr","RandomForest",0.406915793332289,"No Fine Tuning"
"4569","Selumetinib","pearson_corr","RandomForest",0.642808939753825,"No Fine Tuning"
"4570","Selumetinib","pearson_corr","RandomForest",0.588364773848287,"No Fine Tuning"
"4571","Selumetinib","pearson_corr","RandomForest",0.570136382124301,"No Fine Tuning"
"4572","Selumetinib","pearson_corr","RandomForest",0.561610731818236,"No Fine Tuning"
"4573","Selumetinib","pearson_corr","RandomForest",0.578244113373645,"No Fine Tuning"
"4574","Selumetinib","pearson_corr","RandomForest",0.599038308680101,"No Fine Tuning"
"4575","Selumetinib","pearson_corr","RandomForest",0.466443037162734,"No Fine Tuning"
"4576","Selumetinib","pearson_corr","RandomForest",0.474780953421785,"No Fine Tuning"
"4577","Selumetinib","pearson_corr","RandomForest",0.522770280101884,"No Fine Tuning"
"4578","Selumetinib","pearson_corr","RandomForest",0.578170617144003,"No Fine Tuning"
"4579","Selumetinib","pearson_corr","RandomForest",0.514697013692101,"No Fine Tuning"
"4580","Selumetinib","pearson_corr","RandomForest",0.550505657719105,"No Fine Tuning"
"4581","Selumetinib","pearson_corr","RandomForest",0.589091417774911,"No Fine Tuning"
"4582","Selumetinib","pearson_corr","RandomForest",0.518572899080893,"No Fine Tuning"
"4583","Selumetinib","pearson_corr","RandomForest",0.532172355933942,"No Fine Tuning"
"4584","Selumetinib","pearson_corr","RandomForest",0.621108166494603,"No Fine Tuning"
"4585","Selumetinib","pearson_corr","RandomForest",0.58807373757774,"No Fine Tuning"
"4586","Selumetinib","pearson_corr","RandomForest",0.582888643019303,"No Fine Tuning"
"4587","Selumetinib","pearson_corr","RandomForest",0.535131203855949,"No Fine Tuning"
"4588","Selumetinib","pearson_corr","RandomForest",0.562428901459421,"No Fine Tuning"
"4589","Selumetinib","pearson_corr","RandomForest",0.558522847263927,"No Fine Tuning"
"4590","Selumetinib","pearson_corr","RandomForest",0.587157974482943,"No Fine Tuning"
"4591","Selumetinib","pearson_corr","RandomForest",0.594189948703921,"No Fine Tuning"
"4592","Selumetinib","pearson_corr","RandomForest",0.514590467591857,"No Fine Tuning"
"4593","Selumetinib","pearson_corr","RandomForest",0.512798191134531,"No Fine Tuning"
"4594","Selumetinib","pearson_corr","RandomForest",0.516458231157127,"No Fine Tuning"
"4595","Selumetinib","pearson_corr","RandomForest",0.566229804015765,"No Fine Tuning"
"4596","Selumetinib","pearson_corr","RandomForest",0.635062357621503,"No Fine Tuning"
"4597","Selumetinib","pearson_corr","RandomForest",0.638590149461568,"No Fine Tuning"
"4598","Selumetinib","pearson_corr","RandomForest",0.558711838636385,"No Fine Tuning"
"4599","Selumetinib","pearson_corr","RandomForest",0.546389270528434,"No Fine Tuning"
"4600","Selumetinib","pearson_corr","RandomForest",0.552639273554263,"No Fine Tuning"
"4601","Selumetinib","pearson_corr","SVM",0.632001802171731,"No Fine Tuning"
"4602","Selumetinib","pearson_corr","SVM",0.585618948293817,"No Fine Tuning"
"4603","Selumetinib","pearson_corr","SVM",0.563103016918653,"No Fine Tuning"
"4604","Selumetinib","pearson_corr","SVM",0.608036312110536,"No Fine Tuning"
"4605","Selumetinib","pearson_corr","SVM",0.664460914242938,"No Fine Tuning"
"4606","Selumetinib","pearson_corr","SVM",0.688233223310947,"No Fine Tuning"
"4607","Selumetinib","pearson_corr","SVM",0.550015758505206,"No Fine Tuning"
"4608","Selumetinib","pearson_corr","SVM",0.659305745972277,"No Fine Tuning"
"4609","Selumetinib","pearson_corr","SVM",0.507124433926898,"No Fine Tuning"
"4610","Selumetinib","pearson_corr","SVM",0.517405202159824,"No Fine Tuning"
"4611","Selumetinib","pearson_corr","SVM",0.557167822009646,"No Fine Tuning"
"4612","Selumetinib","pearson_corr","SVM",0.611235790396322,"No Fine Tuning"
"4613","Selumetinib","pearson_corr","SVM",0.628548147643854,"No Fine Tuning"
"4614","Selumetinib","pearson_corr","SVM",0.475121831524276,"No Fine Tuning"
"4615","Selumetinib","pearson_corr","SVM",0.604522769036518,"No Fine Tuning"
"4616","Selumetinib","pearson_corr","SVM",0.540930647637241,"No Fine Tuning"
"4617","Selumetinib","pearson_corr","SVM",0.677382089992558,"No Fine Tuning"
"4618","Selumetinib","pearson_corr","SVM",0.600609533865048,"No Fine Tuning"
"4619","Selumetinib","pearson_corr","SVM",0.576394643211886,"No Fine Tuning"
"4620","Selumetinib","pearson_corr","SVM",0.650004837119134,"No Fine Tuning"
"4621","Selumetinib","pearson_corr","SVM",0.588304752166342,"No Fine Tuning"
"4622","Selumetinib","pearson_corr","SVM",0.620136226209221,"No Fine Tuning"
"4623","Selumetinib","pearson_corr","SVM",0.615727179166957,"No Fine Tuning"
"4624","Selumetinib","pearson_corr","SVM",0.534866913774114,"No Fine Tuning"
"4625","Selumetinib","pearson_corr","SVM",0.549112953311266,"No Fine Tuning"
"4626","Selumetinib","pearson_corr","SVM",0.484559767178483,"No Fine Tuning"
"4627","Selumetinib","pearson_corr","SVM",0.705322727242107,"No Fine Tuning"
"4628","Selumetinib","pearson_corr","SVM",0.607075994950834,"No Fine Tuning"
"4629","Selumetinib","pearson_corr","SVM",0.566844239287896,"No Fine Tuning"
"4630","Selumetinib","pearson_corr","SVM",0.695214316283545,"No Fine Tuning"
"4631","Selumetinib","pearson_corr","SVM",0.600767368497247,"No Fine Tuning"
"4632","Selumetinib","pearson_corr","SVM",0.70348518417777,"No Fine Tuning"
"4633","Selumetinib","pearson_corr","SVM",0.629475914088491,"No Fine Tuning"
"4634","Selumetinib","pearson_corr","SVM",0.570059799364697,"No Fine Tuning"
"4635","Selumetinib","pearson_corr","SVM",0.682513802865778,"No Fine Tuning"
"4636","Selumetinib","pearson_corr","SVM",0.703503775568692,"No Fine Tuning"
"4637","Selumetinib","pearson_corr","SVM",0.68297449845258,"No Fine Tuning"
"4638","Selumetinib","pearson_corr","SVM",0.552723699919041,"No Fine Tuning"
"4639","Selumetinib","pearson_corr","SVM",0.531727100090293,"No Fine Tuning"
"4640","Selumetinib","pearson_corr","SVM",0.612576791499376,"No Fine Tuning"
"4641","Selumetinib","pearson_corr","SVM",0.606994572793479,"No Fine Tuning"
"4642","Selumetinib","pearson_corr","SVM",0.6174676758703,"No Fine Tuning"
"4643","Selumetinib","pearson_corr","SVM",0.591320168910174,"No Fine Tuning"
"4644","Selumetinib","pearson_corr","SVM",0.561493901040921,"No Fine Tuning"
"4645","Selumetinib","pearson_corr","SVM",0.685712322358876,"No Fine Tuning"
"4646","Selumetinib","pearson_corr","SVM",0.665284070180995,"No Fine Tuning"
"4647","Selumetinib","pearson_corr","SVM",0.616250751344536,"No Fine Tuning"
"4648","Selumetinib","pearson_corr","SVM",0.711359623881567,"No Fine Tuning"
"4649","Selumetinib","pearson_corr","SVM",0.52469106758239,"No Fine Tuning"
"4650","Selumetinib","pearson_corr","SVM",0.454575688467855,"No Fine Tuning"
"4651","Selumetinib","pearson_corr","SVM",0.585528010599816,"No Fine Tuning"
"4652","Selumetinib","pearson_corr","SVM",0.590449577506153,"No Fine Tuning"
"4653","Selumetinib","pearson_corr","SVM",0.550080258499437,"No Fine Tuning"
"4654","Selumetinib","pearson_corr","SVM",0.630507580907079,"No Fine Tuning"
"4655","Selumetinib","pearson_corr","SVM",0.593358800625186,"No Fine Tuning"
"4656","Selumetinib","pearson_corr","SVM",0.625307530528227,"No Fine Tuning"
"4657","Selumetinib","pearson_corr","SVM",0.537895139763747,"No Fine Tuning"
"4658","Selumetinib","pearson_corr","SVM",0.614182118692933,"No Fine Tuning"
"4659","Selumetinib","pearson_corr","SVM",0.611614923439777,"No Fine Tuning"
"4660","Selumetinib","pearson_corr","SVM",0.581392649300941,"No Fine Tuning"
"4661","Selumetinib","pearson_corr","SVM",0.669692034153674,"No Fine Tuning"
"4662","Selumetinib","pearson_corr","SVM",0.685280087265916,"No Fine Tuning"
"4663","Selumetinib","pearson_corr","SVM",0.625287532055396,"No Fine Tuning"
"4664","Selumetinib","pearson_corr","SVM",0.612477882666727,"No Fine Tuning"
"4665","Selumetinib","pearson_corr","SVM",0.64334904946651,"No Fine Tuning"
"4666","Selumetinib","pearson_corr","SVM",0.686455288150432,"No Fine Tuning"
"4667","Selumetinib","pearson_corr","SVM",0.60074989936501,"No Fine Tuning"
"4668","Selumetinib","pearson_corr","SVM",0.527142409414288,"No Fine Tuning"
"4669","Selumetinib","pearson_corr","SVM",0.579629025867487,"No Fine Tuning"
"4670","Selumetinib","pearson_corr","SVM",0.634020769279268,"No Fine Tuning"
"4671","Selumetinib","pearson_corr","SVM",0.622006925426309,"No Fine Tuning"
"4672","Selumetinib","pearson_corr","SVM",0.656484256617816,"No Fine Tuning"
"4673","Selumetinib","pearson_corr","SVM",0.608181199431508,"No Fine Tuning"
"4674","Selumetinib","pearson_corr","SVM",0.67054285512682,"No Fine Tuning"
"4675","Selumetinib","pearson_corr","SVM",0.501168783291991,"No Fine Tuning"
"4676","Selumetinib","pearson_corr","SVM",0.587323784644124,"No Fine Tuning"
"4677","Selumetinib","pearson_corr","SVM",0.564464514239786,"No Fine Tuning"
"4678","Selumetinib","pearson_corr","SVM",0.607906140935105,"No Fine Tuning"
"4679","Selumetinib","pearson_corr","SVM",0.526677944093905,"No Fine Tuning"
"4680","Selumetinib","pearson_corr","SVM",0.649377658893221,"No Fine Tuning"
"4681","Selumetinib","pearson_corr","SVM",0.632161482939604,"No Fine Tuning"
"4682","Selumetinib","pearson_corr","SVM",0.631283556722119,"No Fine Tuning"
"4683","Selumetinib","pearson_corr","SVM",0.596717847532239,"No Fine Tuning"
"4684","Selumetinib","pearson_corr","SVM",0.67572290354542,"No Fine Tuning"
"4685","Selumetinib","pearson_corr","SVM",0.650620421441954,"No Fine Tuning"
"4686","Selumetinib","pearson_corr","SVM",0.674173630492031,"No Fine Tuning"
"4687","Selumetinib","pearson_corr","SVM",0.615206244195212,"No Fine Tuning"
"4688","Selumetinib","pearson_corr","SVM",0.603354473254419,"No Fine Tuning"
"4689","Selumetinib","pearson_corr","SVM",0.642537411348501,"No Fine Tuning"
"4690","Selumetinib","pearson_corr","SVM",0.667061196987285,"No Fine Tuning"
"4691","Selumetinib","pearson_corr","SVM",0.5967441490921,"No Fine Tuning"
"4692","Selumetinib","pearson_corr","SVM",0.515588500339088,"No Fine Tuning"
"4693","Selumetinib","pearson_corr","SVM",0.565028911693384,"No Fine Tuning"
"4694","Selumetinib","pearson_corr","SVM",0.657852049343082,"No Fine Tuning"
"4695","Selumetinib","pearson_corr","SVM",0.619273957071697,"No Fine Tuning"
"4696","Selumetinib","pearson_corr","SVM",0.704179450026973,"No Fine Tuning"
"4697","Selumetinib","pearson_corr","SVM",0.69100120509291,"No Fine Tuning"
"4698","Selumetinib","pearson_corr","SVM",0.592132089358433,"No Fine Tuning"
"4699","Selumetinib","pearson_corr","SVM",0.565148972773046,"No Fine Tuning"
"4700","Selumetinib","pearson_corr","SVM",0.533136741343826,"No Fine Tuning"
"4701","Selumetinib","pearson_corr","XGBoost",0.647973968775968,"No Fine Tuning"
"4702","Selumetinib","pearson_corr","XGBoost",0.452944653104433,"No Fine Tuning"
"4703","Selumetinib","pearson_corr","XGBoost",0.48844369363858,"No Fine Tuning"
"4704","Selumetinib","pearson_corr","XGBoost",0.583297122486416,"No Fine Tuning"
"4705","Selumetinib","pearson_corr","XGBoost",0.554054871887771,"No Fine Tuning"
"4706","Selumetinib","pearson_corr","XGBoost",0.608434025987457,"No Fine Tuning"
"4707","Selumetinib","pearson_corr","XGBoost",0.52256080595077,"No Fine Tuning"
"4708","Selumetinib","pearson_corr","XGBoost",0.587526692314408,"No Fine Tuning"
"4709","Selumetinib","pearson_corr","XGBoost",0.497717677199431,"No Fine Tuning"
"4710","Selumetinib","pearson_corr","XGBoost",0.463576694764843,"No Fine Tuning"
"4711","Selumetinib","pearson_corr","XGBoost",0.485588069011733,"No Fine Tuning"
"4712","Selumetinib","pearson_corr","XGBoost",0.547694056306286,"No Fine Tuning"
"4713","Selumetinib","pearson_corr","XGBoost",0.537884541191578,"No Fine Tuning"
"4714","Selumetinib","pearson_corr","XGBoost",0.46459860343378,"No Fine Tuning"
"4715","Selumetinib","pearson_corr","XGBoost",0.494830262915268,"No Fine Tuning"
"4716","Selumetinib","pearson_corr","XGBoost",0.450884001898307,"No Fine Tuning"
"4717","Selumetinib","pearson_corr","XGBoost",0.602979749369628,"No Fine Tuning"
"4718","Selumetinib","pearson_corr","XGBoost",0.512760632170498,"No Fine Tuning"
"4719","Selumetinib","pearson_corr","XGBoost",0.531594910866326,"No Fine Tuning"
"4720","Selumetinib","pearson_corr","XGBoost",0.588198644266445,"No Fine Tuning"
"4721","Selumetinib","pearson_corr","XGBoost",0.537162868257758,"No Fine Tuning"
"4722","Selumetinib","pearson_corr","XGBoost",0.545117573264996,"No Fine Tuning"
"4723","Selumetinib","pearson_corr","XGBoost",0.517301195860339,"No Fine Tuning"
"4724","Selumetinib","pearson_corr","XGBoost",0.558343972447332,"No Fine Tuning"
"4725","Selumetinib","pearson_corr","XGBoost",0.502264367331061,"No Fine Tuning"
"4726","Selumetinib","pearson_corr","XGBoost",0.459131795575573,"No Fine Tuning"
"4727","Selumetinib","pearson_corr","XGBoost",0.60987315688023,"No Fine Tuning"
"4728","Selumetinib","pearson_corr","XGBoost",0.481230996823042,"No Fine Tuning"
"4729","Selumetinib","pearson_corr","XGBoost",0.562506590404503,"No Fine Tuning"
"4730","Selumetinib","pearson_corr","XGBoost",0.571554364899175,"No Fine Tuning"
"4731","Selumetinib","pearson_corr","XGBoost",0.562618098897455,"No Fine Tuning"
"4732","Selumetinib","pearson_corr","XGBoost",0.539008503906625,"No Fine Tuning"
"4733","Selumetinib","pearson_corr","XGBoost",0.584390307794141,"No Fine Tuning"
"4734","Selumetinib","pearson_corr","XGBoost",0.524773866147878,"No Fine Tuning"
"4735","Selumetinib","pearson_corr","XGBoost",0.652375000192188,"No Fine Tuning"
"4736","Selumetinib","pearson_corr","XGBoost",0.628500260214222,"No Fine Tuning"
"4737","Selumetinib","pearson_corr","XGBoost",0.608529583336497,"No Fine Tuning"
"4738","Selumetinib","pearson_corr","XGBoost",0.492320848212996,"No Fine Tuning"
"4739","Selumetinib","pearson_corr","XGBoost",0.495465599398129,"No Fine Tuning"
"4740","Selumetinib","pearson_corr","XGBoost",0.526687659273593,"No Fine Tuning"
"4741","Selumetinib","pearson_corr","XGBoost",0.53421043350756,"No Fine Tuning"
"4742","Selumetinib","pearson_corr","XGBoost",0.535937466988762,"No Fine Tuning"
"4743","Selumetinib","pearson_corr","XGBoost",0.491330531337633,"No Fine Tuning"
"4744","Selumetinib","pearson_corr","XGBoost",0.539994462152757,"No Fine Tuning"
"4745","Selumetinib","pearson_corr","XGBoost",0.577037105969549,"No Fine Tuning"
"4746","Selumetinib","pearson_corr","XGBoost",0.555675729046956,"No Fine Tuning"
"4747","Selumetinib","pearson_corr","XGBoost",0.514158892155102,"No Fine Tuning"
"4748","Selumetinib","pearson_corr","XGBoost",0.622604840168764,"No Fine Tuning"
"4749","Selumetinib","pearson_corr","XGBoost",0.440860699881572,"No Fine Tuning"
"4750","Selumetinib","pearson_corr","XGBoost",0.395630485573442,"No Fine Tuning"
"4751","Selumetinib","pearson_corr","XGBoost",0.524581139616411,"No Fine Tuning"
"4752","Selumetinib","pearson_corr","XGBoost",0.444625233936765,"No Fine Tuning"
"4753","Selumetinib","pearson_corr","XGBoost",0.625344059277374,"No Fine Tuning"
"4754","Selumetinib","pearson_corr","XGBoost",0.490015979853396,"No Fine Tuning"
"4755","Selumetinib","pearson_corr","XGBoost",0.494249782570376,"No Fine Tuning"
"4756","Selumetinib","pearson_corr","XGBoost",0.613892465704822,"No Fine Tuning"
"4757","Selumetinib","pearson_corr","XGBoost",0.484096474384493,"No Fine Tuning"
"4758","Selumetinib","pearson_corr","XGBoost",0.538792704761423,"No Fine Tuning"
"4759","Selumetinib","pearson_corr","XGBoost",0.553185872077357,"No Fine Tuning"
"4760","Selumetinib","pearson_corr","XGBoost",0.485615301477159,"No Fine Tuning"
"4761","Selumetinib","pearson_corr","XGBoost",0.554226070384691,"No Fine Tuning"
"4762","Selumetinib","pearson_corr","XGBoost",0.493272890959055,"No Fine Tuning"
"4763","Selumetinib","pearson_corr","XGBoost",0.607687196798249,"No Fine Tuning"
"4764","Selumetinib","pearson_corr","XGBoost",0.51199882389671,"No Fine Tuning"
"4765","Selumetinib","pearson_corr","XGBoost",0.453192408419943,"No Fine Tuning"
"4766","Selumetinib","pearson_corr","XGBoost",0.550142530955979,"No Fine Tuning"
"4767","Selumetinib","pearson_corr","XGBoost",0.557034988311403,"No Fine Tuning"
"4768","Selumetinib","pearson_corr","XGBoost",0.39946738822291,"No Fine Tuning"
"4769","Selumetinib","pearson_corr","XGBoost",0.588088617443027,"No Fine Tuning"
"4770","Selumetinib","pearson_corr","XGBoost",0.597226146337471,"No Fine Tuning"
"4771","Selumetinib","pearson_corr","XGBoost",0.559939833729188,"No Fine Tuning"
"4772","Selumetinib","pearson_corr","XGBoost",0.556952825327384,"No Fine Tuning"
"4773","Selumetinib","pearson_corr","XGBoost",0.550464397344087,"No Fine Tuning"
"4774","Selumetinib","pearson_corr","XGBoost",0.555324954427275,"No Fine Tuning"
"4775","Selumetinib","pearson_corr","XGBoost",0.460702951494337,"No Fine Tuning"
"4776","Selumetinib","pearson_corr","XGBoost",0.448389037574662,"No Fine Tuning"
"4777","Selumetinib","pearson_corr","XGBoost",0.515583487646038,"No Fine Tuning"
"4778","Selumetinib","pearson_corr","XGBoost",0.537661449202599,"No Fine Tuning"
"4779","Selumetinib","pearson_corr","XGBoost",0.520353644242605,"No Fine Tuning"
"4780","Selumetinib","pearson_corr","XGBoost",0.535626519288932,"No Fine Tuning"
"4781","Selumetinib","pearson_corr","XGBoost",0.538182452527532,"No Fine Tuning"
"4782","Selumetinib","pearson_corr","XGBoost",0.561433283664775,"No Fine Tuning"
"4783","Selumetinib","pearson_corr","XGBoost",0.510331008036426,"No Fine Tuning"
"4784","Selumetinib","pearson_corr","XGBoost",0.618930532978504,"No Fine Tuning"
"4785","Selumetinib","pearson_corr","XGBoost",0.547113785106182,"No Fine Tuning"
"4786","Selumetinib","pearson_corr","XGBoost",0.540119482415156,"No Fine Tuning"
"4787","Selumetinib","pearson_corr","XGBoost",0.532975510684557,"No Fine Tuning"
"4788","Selumetinib","pearson_corr","XGBoost",0.573757733182211,"No Fine Tuning"
"4789","Selumetinib","pearson_corr","XGBoost",0.551226355398737,"No Fine Tuning"
"4790","Selumetinib","pearson_corr","XGBoost",0.537392651644101,"No Fine Tuning"
"4791","Selumetinib","pearson_corr","XGBoost",0.551589403865586,"No Fine Tuning"
"4792","Selumetinib","pearson_corr","XGBoost",0.456258431758884,"No Fine Tuning"
"4793","Selumetinib","pearson_corr","XGBoost",0.511080932437096,"No Fine Tuning"
"4794","Selumetinib","pearson_corr","XGBoost",0.567193581616904,"No Fine Tuning"
"4795","Selumetinib","pearson_corr","XGBoost",0.538307448850238,"No Fine Tuning"
"4796","Selumetinib","pearson_corr","XGBoost",0.640123525702485,"No Fine Tuning"
"4797","Selumetinib","pearson_corr","XGBoost",0.625781103813572,"No Fine Tuning"
"4798","Selumetinib","pearson_corr","XGBoost",0.533315372585976,"No Fine Tuning"
"4799","Selumetinib","pearson_corr","XGBoost",0.513594763894209,"No Fine Tuning"
"4800","Selumetinib","pearson_corr","XGBoost",0.524695369287572,"No Fine Tuning"
"4801","Selumetinib","pearson_corr","SupervisedVAE",0.592491520251163,"No Fine Tuning"
"4802","Selumetinib","pearson_corr","SupervisedVAE",0.455072815189226,"No Fine Tuning"
"4803","Selumetinib","pearson_corr","SupervisedVAE",0.503857934424387,"No Fine Tuning"
"4804","Selumetinib","pearson_corr","SupervisedVAE",0.562486272963474,"No Fine Tuning"
"4805","Selumetinib","pearson_corr","SupervisedVAE",0.563327290246716,"No Fine Tuning"
"4806","Selumetinib","pearson_corr","SupervisedVAE",0.610954610238658,"No Fine Tuning"
"4807","Selumetinib","pearson_corr","SupervisedVAE",0.552532415388729,"No Fine Tuning"
"4808","Selumetinib","pearson_corr","SupervisedVAE",0.555791165331781,"No Fine Tuning"
"4809","Selumetinib","pearson_corr","SupervisedVAE",0.492569010502546,"No Fine Tuning"
"4810","Selumetinib","pearson_corr","SupervisedVAE",0.454118796698657,"No Fine Tuning"
"4811","Selumetinib","pearson_corr","SupervisedVAE",0.492553884073825,"No Fine Tuning"
"4812","Selumetinib","pearson_corr","SupervisedVAE",0.57185968718478,"No Fine Tuning"
"4813","Selumetinib","pearson_corr","SupervisedVAE",0.550148658968298,"No Fine Tuning"
"4814","Selumetinib","pearson_corr","SupervisedVAE",0.49016152549079,"No Fine Tuning"
"4815","Selumetinib","pearson_corr","SupervisedVAE",0.480027098943409,"No Fine Tuning"
"4816","Selumetinib","pearson_corr","SupervisedVAE",0.492318497610275,"No Fine Tuning"
"4817","Selumetinib","pearson_corr","SupervisedVAE",0.569383482710194,"No Fine Tuning"
"4818","Selumetinib","pearson_corr","SupervisedVAE",0.54489882260629,"No Fine Tuning"
"4819","Selumetinib","pearson_corr","SupervisedVAE",0.498584810606196,"No Fine Tuning"
"4820","Selumetinib","pearson_corr","SupervisedVAE",0.590546361823741,"No Fine Tuning"
"4821","Selumetinib","pearson_corr","SupervisedVAE",0.565877808772428,"No Fine Tuning"
"4822","Selumetinib","pearson_corr","SupervisedVAE",0.553461758179854,"No Fine Tuning"
"4823","Selumetinib","pearson_corr","SupervisedVAE",0.555395353949317,"No Fine Tuning"
"4824","Selumetinib","pearson_corr","SupervisedVAE",0.479460513820034,"No Fine Tuning"
"4825","Selumetinib","pearson_corr","SupervisedVAE",0.492020225692957,"No Fine Tuning"
"4826","Selumetinib","pearson_corr","SupervisedVAE",0.398099140486584,"No Fine Tuning"
"4827","Selumetinib","pearson_corr","SupervisedVAE",0.603017066502035,"No Fine Tuning"
"4828","Selumetinib","pearson_corr","SupervisedVAE",0.423222355204103,"No Fine Tuning"
"4829","Selumetinib","pearson_corr","SupervisedVAE",0.551271482314182,"No Fine Tuning"
"4830","Selumetinib","pearson_corr","SupervisedVAE",0.615941990379915,"No Fine Tuning"
"4831","Selumetinib","pearson_corr","SupervisedVAE",0.558256184911431,"No Fine Tuning"
"4832","Selumetinib","pearson_corr","SupervisedVAE",0.557561392831258,"No Fine Tuning"
"4833","Selumetinib","pearson_corr","SupervisedVAE",0.594014334599641,"No Fine Tuning"
"4834","Selumetinib","pearson_corr","SupervisedVAE",0.56106935945169,"No Fine Tuning"
"4835","Selumetinib","pearson_corr","SupervisedVAE",0.588718743303481,"No Fine Tuning"
"4836","Selumetinib","pearson_corr","SupervisedVAE",0.601648593066805,"No Fine Tuning"
"4837","Selumetinib","pearson_corr","SupervisedVAE",0.670811492098295,"No Fine Tuning"
"4838","Selumetinib","pearson_corr","SupervisedVAE",0.489651855041813,"No Fine Tuning"
"4839","Selumetinib","pearson_corr","SupervisedVAE",0.514898866139219,"No Fine Tuning"
"4840","Selumetinib","pearson_corr","SupervisedVAE",0.569336190713632,"No Fine Tuning"
"4841","Selumetinib","pearson_corr","SupervisedVAE",0.51172719647408,"No Fine Tuning"
"4842","Selumetinib","pearson_corr","SupervisedVAE",0.518008746879058,"No Fine Tuning"
"4843","Selumetinib","pearson_corr","SupervisedVAE",0.527698946782407,"No Fine Tuning"
"4844","Selumetinib","pearson_corr","SupervisedVAE",0.463847800555998,"No Fine Tuning"
"4845","Selumetinib","pearson_corr","SupervisedVAE",0.548774271376605,"No Fine Tuning"
"4846","Selumetinib","pearson_corr","SupervisedVAE",0.545348766261408,"No Fine Tuning"
"4847","Selumetinib","pearson_corr","SupervisedVAE",0.549837141985208,"No Fine Tuning"
"4848","Selumetinib","pearson_corr","SupervisedVAE",0.609046029431492,"No Fine Tuning"
"4849","Selumetinib","pearson_corr","SupervisedVAE",0.38373958951766,"No Fine Tuning"
"4850","Selumetinib","pearson_corr","SupervisedVAE",0.419320000182189,"No Fine Tuning"
"4851","Selumetinib","pearson_corr","SupervisedVAE",0.511551417413126,"No Fine Tuning"
"4852","Selumetinib","pearson_corr","SupervisedVAE",0.492713585881134,"No Fine Tuning"
"4853","Selumetinib","pearson_corr","SupervisedVAE",0.540055401493203,"No Fine Tuning"
"4854","Selumetinib","pearson_corr","SupervisedVAE",0.528718278334441,"No Fine Tuning"
"4855","Selumetinib","pearson_corr","SupervisedVAE",0.410857585123671,"No Fine Tuning"
"4856","Selumetinib","pearson_corr","SupervisedVAE",0.583531759305597,"No Fine Tuning"
"4857","Selumetinib","pearson_corr","SupervisedVAE",0.440202004668192,"No Fine Tuning"
"4858","Selumetinib","pearson_corr","SupervisedVAE",0.570137426826096,"No Fine Tuning"
"4859","Selumetinib","pearson_corr","SupervisedVAE",0.513392592708903,"No Fine Tuning"
"4860","Selumetinib","pearson_corr","SupervisedVAE",0.510376186331756,"No Fine Tuning"
"4861","Selumetinib","pearson_corr","SupervisedVAE",0.576022226779328,"No Fine Tuning"
"4862","Selumetinib","pearson_corr","SupervisedVAE",0.498403389012668,"No Fine Tuning"
"4863","Selumetinib","pearson_corr","SupervisedVAE",0.564258250630969,"No Fine Tuning"
"4864","Selumetinib","pearson_corr","SupervisedVAE",0.528077677082435,"No Fine Tuning"
"4865","Selumetinib","pearson_corr","SupervisedVAE",0.456586555676528,"No Fine Tuning"
"4866","Selumetinib","pearson_corr","SupervisedVAE",0.609639754843595,"No Fine Tuning"
"4867","Selumetinib","pearson_corr","SupervisedVAE",0.49228052059343,"No Fine Tuning"
"4868","Selumetinib","pearson_corr","SupervisedVAE",0.456362732139176,"No Fine Tuning"
"4869","Selumetinib","pearson_corr","SupervisedVAE",0.581275692894816,"No Fine Tuning"
"4870","Selumetinib","pearson_corr","SupervisedVAE",0.567898917812992,"No Fine Tuning"
"4871","Selumetinib","pearson_corr","SupervisedVAE",0.608110341805179,"No Fine Tuning"
"4872","Selumetinib","pearson_corr","SupervisedVAE",0.599540515707664,"No Fine Tuning"
"4873","Selumetinib","pearson_corr","SupervisedVAE",0.545382952876503,"No Fine Tuning"
"4874","Selumetinib","pearson_corr","SupervisedVAE",0.528543769674513,"No Fine Tuning"
"4875","Selumetinib","pearson_corr","SupervisedVAE",0.518882512446557,"No Fine Tuning"
"4876","Selumetinib","pearson_corr","SupervisedVAE",0.44710680857733,"No Fine Tuning"
"4877","Selumetinib","pearson_corr","SupervisedVAE",0.431903463839867,"No Fine Tuning"
"4878","Selumetinib","pearson_corr","SupervisedVAE",0.491991600545032,"No Fine Tuning"
"4879","Selumetinib","pearson_corr","SupervisedVAE",0.465234159454916,"No Fine Tuning"
"4880","Selumetinib","pearson_corr","SupervisedVAE",0.518025599769656,"No Fine Tuning"
"4881","Selumetinib","pearson_corr","SupervisedVAE",0.533337487274855,"No Fine Tuning"
"4882","Selumetinib","pearson_corr","SupervisedVAE",0.583476326522779,"No Fine Tuning"
"4883","Selumetinib","pearson_corr","SupervisedVAE",0.51724583885001,"No Fine Tuning"
"4884","Selumetinib","pearson_corr","SupervisedVAE",0.543074156713556,"No Fine Tuning"
"4885","Selumetinib","pearson_corr","SupervisedVAE",0.555767778395202,"No Fine Tuning"
"4886","Selumetinib","pearson_corr","SupervisedVAE",0.564817710232046,"No Fine Tuning"
"4887","Selumetinib","pearson_corr","SupervisedVAE",0.549732974039023,"No Fine Tuning"
"4888","Selumetinib","pearson_corr","SupervisedVAE",0.508190445350804,"No Fine Tuning"
"4889","Selumetinib","pearson_corr","SupervisedVAE",0.543835393146928,"No Fine Tuning"
"4890","Selumetinib","pearson_corr","SupervisedVAE",0.549819357173357,"No Fine Tuning"
"4891","Selumetinib","pearson_corr","SupervisedVAE",0.5132813568912,"No Fine Tuning"
"4892","Selumetinib","pearson_corr","SupervisedVAE",0.458323745992794,"No Fine Tuning"
"4893","Selumetinib","pearson_corr","SupervisedVAE",0.498504640988127,"No Fine Tuning"
"4894","Selumetinib","pearson_corr","SupervisedVAE",0.584655138079369,"No Fine Tuning"
"4895","Selumetinib","pearson_corr","SupervisedVAE",0.545602104624141,"No Fine Tuning"
"4896","Selumetinib","pearson_corr","SupervisedVAE",0.623070169248772,"No Fine Tuning"
"4897","Selumetinib","pearson_corr","SupervisedVAE",0.600438985301237,"No Fine Tuning"
"4898","Selumetinib","pearson_corr","SupervisedVAE",0.582280724431649,"No Fine Tuning"
"4899","Selumetinib","pearson_corr","SupervisedVAE",0.466314812722282,"No Fine Tuning"
"4900","Selumetinib","pearson_corr","SupervisedVAE",0.547824176438489,"No Fine Tuning"
"4901","Sorafenib","pearson_corr","GNN_finetuned",0.437105261765248,"With Fine Tuning"
"4902","Sorafenib","pearson_corr","GNN_finetuned",0.456122637835381,"With Fine Tuning"
"4903","Sorafenib","pearson_corr","GNN_finetuned",0.539951296533863,"With Fine Tuning"
"4904","Sorafenib","pearson_corr","GNN_finetuned",0.421655152079377,"With Fine Tuning"
"4905","Sorafenib","pearson_corr","GNN_finetuned",0.375881203994655,"With Fine Tuning"
"4906","Sorafenib","pearson_corr","GNN_finetuned",0.368528550038517,"With Fine Tuning"
"4907","Sorafenib","pearson_corr","GNN_finetuned",0.492412237276703,"With Fine Tuning"
"4908","Sorafenib","pearson_corr","GNN_finetuned",0.377600274308334,"With Fine Tuning"
"4909","Sorafenib","pearson_corr","GNN_finetuned",0.388437513000903,"With Fine Tuning"
"4910","Sorafenib","pearson_corr","GNN_finetuned",0.492493436128774,"With Fine Tuning"
"4911","Sorafenib","pearson_corr","GNN_finetuned",0.594083113207427,"With Fine Tuning"
"4912","Sorafenib","pearson_corr","GNN_finetuned",0.509613199183146,"With Fine Tuning"
"4913","Sorafenib","pearson_corr","GNN_finetuned",0.373915537773097,"With Fine Tuning"
"4914","Sorafenib","pearson_corr","GNN_finetuned",0.527705457072918,"With Fine Tuning"
"4915","Sorafenib","pearson_corr","GNN_finetuned",0.500314903251279,"With Fine Tuning"
"4916","Sorafenib","pearson_corr","GNN_finetuned",0.449678262223799,"With Fine Tuning"
"4917","Sorafenib","pearson_corr","GNN_finetuned",0.417899562236887,"With Fine Tuning"
"4918","Sorafenib","pearson_corr","GNN_finetuned",0.455503025796002,"With Fine Tuning"
"4919","Sorafenib","pearson_corr","GNN_finetuned",0.475837545708568,"With Fine Tuning"
"4920","Sorafenib","pearson_corr","GNN_finetuned",0.470301311498935,"With Fine Tuning"
"4921","Sorafenib","pearson_corr","GNN_finetuned",0.490932599731522,"With Fine Tuning"
"4922","Sorafenib","pearson_corr","GNN_finetuned",0.553691655724489,"With Fine Tuning"
"4923","Sorafenib","pearson_corr","GNN_finetuned",0.452946391232451,"With Fine Tuning"
"4924","Sorafenib","pearson_corr","GNN_finetuned",0.432732102414789,"With Fine Tuning"
"4925","Sorafenib","pearson_corr","GNN_finetuned",0.584903852540612,"With Fine Tuning"
"4926","Sorafenib","pearson_corr","GNN_finetuned",0.465146641325635,"With Fine Tuning"
"4927","Sorafenib","pearson_corr","GNN_finetuned",0.585093178855639,"With Fine Tuning"
"4928","Sorafenib","pearson_corr","GNN_finetuned",0.395263281470608,"With Fine Tuning"
"4929","Sorafenib","pearson_corr","GNN_finetuned",0.517232091928588,"With Fine Tuning"
"4930","Sorafenib","pearson_corr","GNN_finetuned",0.503463664522908,"With Fine Tuning"
"4931","Sorafenib","pearson_corr","GNN_finetuned",0.469921790797036,"With Fine Tuning"
"4932","Sorafenib","pearson_corr","GNN_finetuned",0.406851232594337,"With Fine Tuning"
"4933","Sorafenib","pearson_corr","GNN_finetuned",0.470881102620251,"With Fine Tuning"
"4934","Sorafenib","pearson_corr","GNN_finetuned",0.450448118357171,"With Fine Tuning"
"4935","Sorafenib","pearson_corr","GNN_finetuned",0.394213263848365,"With Fine Tuning"
"4936","Sorafenib","pearson_corr","GNN_finetuned",0.346111840925274,"With Fine Tuning"
"4937","Sorafenib","pearson_corr","GNN_finetuned",0.331681856713763,"With Fine Tuning"
"4938","Sorafenib","pearson_corr","GNN_finetuned",0.442439623709694,"With Fine Tuning"
"4939","Sorafenib","pearson_corr","GNN_finetuned",0.343546304165542,"With Fine Tuning"
"4940","Sorafenib","pearson_corr","GNN_finetuned",0.502325719247806,"With Fine Tuning"
"4941","Sorafenib","pearson_corr","GNN_finetuned",0.303652650707894,"With Fine Tuning"
"4942","Sorafenib","pearson_corr","GNN_finetuned",0.410668892909908,"With Fine Tuning"
"4943","Sorafenib","pearson_corr","GNN_finetuned",0.366306488708479,"With Fine Tuning"
"4944","Sorafenib","pearson_corr","GNN_finetuned",0.418530927150111,"With Fine Tuning"
"4945","Sorafenib","pearson_corr","GNN_finetuned",0.573103603446543,"With Fine Tuning"
"4946","Sorafenib","pearson_corr","GNN_finetuned",0.380400948897289,"With Fine Tuning"
"4947","Sorafenib","pearson_corr","GNN_finetuned",0.523177483296668,"With Fine Tuning"
"4948","Sorafenib","pearson_corr","GNN_finetuned",0.380528127432077,"With Fine Tuning"
"4949","Sorafenib","pearson_corr","GNN_finetuned",0.4701016081646,"With Fine Tuning"
"4950","Sorafenib","pearson_corr","GNN_finetuned",0.430622207774612,"With Fine Tuning"
"4951","Sorafenib","pearson_corr","GNN_finetuned",0.41498514444717,"With Fine Tuning"
"4952","Sorafenib","pearson_corr","GNN_finetuned",0.450875083906023,"With Fine Tuning"
"4953","Sorafenib","pearson_corr","GNN_finetuned",0.603337074690236,"With Fine Tuning"
"4954","Sorafenib","pearson_corr","GNN_finetuned",0.436671115459308,"With Fine Tuning"
"4955","Sorafenib","pearson_corr","GNN_finetuned",0.417447914688046,"With Fine Tuning"
"4956","Sorafenib","pearson_corr","GNN_finetuned",0.451452614148261,"With Fine Tuning"
"4957","Sorafenib","pearson_corr","GNN_finetuned",0.362142902561005,"With Fine Tuning"
"4958","Sorafenib","pearson_corr","GNN_finetuned",0.391394245583434,"With Fine Tuning"
"4959","Sorafenib","pearson_corr","GNN_finetuned",0.49881739432518,"With Fine Tuning"
"4960","Sorafenib","pearson_corr","GNN_finetuned",0.501604895476987,"With Fine Tuning"
"4961","Sorafenib","pearson_corr","GNN_finetuned",0.347693587155274,"With Fine Tuning"
"4962","Sorafenib","pearson_corr","GNN_finetuned",0.423016629396527,"With Fine Tuning"
"4963","Sorafenib","pearson_corr","GNN_finetuned",0.524170413199292,"With Fine Tuning"
"4964","Sorafenib","pearson_corr","GNN_finetuned",0.484760972575074,"With Fine Tuning"
"4965","Sorafenib","pearson_corr","GNN_finetuned",0.383024985919699,"With Fine Tuning"
"4966","Sorafenib","pearson_corr","GNN_finetuned",0.539482050908567,"With Fine Tuning"
"4967","Sorafenib","pearson_corr","GNN_finetuned",0.383389294173662,"With Fine Tuning"
"4968","Sorafenib","pearson_corr","GNN_finetuned",0.433082475362006,"With Fine Tuning"
"4969","Sorafenib","pearson_corr","GNN_finetuned",0.386300592202431,"With Fine Tuning"
"4970","Sorafenib","pearson_corr","GNN_finetuned",0.540709196688773,"With Fine Tuning"
"4971","Sorafenib","pearson_corr","GNN_finetuned",0.569329372904298,"With Fine Tuning"
"4972","Sorafenib","pearson_corr","GNN_finetuned",0.510714434112282,"With Fine Tuning"
"4973","Sorafenib","pearson_corr","GNN_finetuned",0.384684995826504,"With Fine Tuning"
"4974","Sorafenib","pearson_corr","GNN_finetuned",0.451927243456656,"With Fine Tuning"
"4975","Sorafenib","pearson_corr","GNN_finetuned",0.632393409446487,"With Fine Tuning"
"4976","Sorafenib","pearson_corr","GNN_finetuned",0.512337076994384,"With Fine Tuning"
"4977","Sorafenib","pearson_corr","GNN_finetuned",0.363945636284765,"With Fine Tuning"
"4978","Sorafenib","pearson_corr","GNN_finetuned",0.254370172656506,"With Fine Tuning"
"4979","Sorafenib","pearson_corr","GNN_finetuned",0.483598449067239,"With Fine Tuning"
"4980","Sorafenib","pearson_corr","GNN_finetuned",0.486430700615083,"With Fine Tuning"
"4981","Sorafenib","pearson_corr","GNN_finetuned",0.594089895563653,"With Fine Tuning"
"4982","Sorafenib","pearson_corr","GNN_finetuned",0.443619067181138,"With Fine Tuning"
"4983","Sorafenib","pearson_corr","GNN_finetuned",0.349348874350604,"With Fine Tuning"
"4984","Sorafenib","pearson_corr","GNN_finetuned",0.537776640930025,"With Fine Tuning"
"4985","Sorafenib","pearson_corr","GNN_finetuned",0.549792244801976,"With Fine Tuning"
"4986","Sorafenib","pearson_corr","GNN_finetuned",0.330024270791295,"With Fine Tuning"
"4987","Sorafenib","pearson_corr","GNN_finetuned",0.504410381275092,"With Fine Tuning"
"4988","Sorafenib","pearson_corr","GNN_finetuned",0.347233415188618,"With Fine Tuning"
"4989","Sorafenib","pearson_corr","GNN_finetuned",0.449907647882589,"With Fine Tuning"
"4990","Sorafenib","pearson_corr","GNN_finetuned",0.399833416872193,"With Fine Tuning"
"4991","Sorafenib","pearson_corr","GNN_finetuned",0.380040073149221,"With Fine Tuning"
"4992","Sorafenib","pearson_corr","GNN_finetuned",0.305445501907368,"With Fine Tuning"
"4993","Sorafenib","pearson_corr","GNN_finetuned",0.413081214183061,"With Fine Tuning"
"4994","Sorafenib","pearson_corr","GNN_finetuned",0.519719504336679,"With Fine Tuning"
"4995","Sorafenib","pearson_corr","GNN_finetuned",0.472751251611448,"With Fine Tuning"
"4996","Sorafenib","pearson_corr","GNN_finetuned",0.436853800026977,"With Fine Tuning"
"4997","Sorafenib","pearson_corr","GNN_finetuned",0.405385605041642,"With Fine Tuning"
"4998","Sorafenib","pearson_corr","GNN_finetuned",0.45406639425067,"With Fine Tuning"
"4999","Sorafenib","pearson_corr","GNN_finetuned",0.540048377389103,"With Fine Tuning"
"5000","Sorafenib","pearson_corr","GNN_finetuned",0.333463973158846,"With Fine Tuning"
"5001","Sorafenib","pearson_corr","DirectPred",0.296157548329921,"No Fine Tuning"
"5002","Sorafenib","pearson_corr","DirectPred",0.381173005068607,"No Fine Tuning"
"5003","Sorafenib","pearson_corr","DirectPred",0.471741157921209,"No Fine Tuning"
"5004","Sorafenib","pearson_corr","DirectPred",0.267171984503073,"No Fine Tuning"
"5005","Sorafenib","pearson_corr","DirectPred",0.304908034010492,"No Fine Tuning"
"5006","Sorafenib","pearson_corr","DirectPred",0.226522797365154,"No Fine Tuning"
"5007","Sorafenib","pearson_corr","DirectPred",0.346772102901028,"No Fine Tuning"
"5008","Sorafenib","pearson_corr","DirectPred",0.23962934504303,"No Fine Tuning"
"5009","Sorafenib","pearson_corr","DirectPred",0.221166363060399,"No Fine Tuning"
"5010","Sorafenib","pearson_corr","DirectPred",0.449362712301366,"No Fine Tuning"
"5011","Sorafenib","pearson_corr","DirectPred",0.50430228758758,"No Fine Tuning"
"5012","Sorafenib","pearson_corr","DirectPred",0.325065821223482,"No Fine Tuning"
"5013","Sorafenib","pearson_corr","DirectPred",0.259568061483189,"No Fine Tuning"
"5014","Sorafenib","pearson_corr","DirectPred",0.469663295242706,"No Fine Tuning"
"5015","Sorafenib","pearson_corr","DirectPred",0.42802983459674,"No Fine Tuning"
"5016","Sorafenib","pearson_corr","DirectPred",0.317035146034963,"No Fine Tuning"
"5017","Sorafenib","pearson_corr","DirectPred",0.40265684427557,"No Fine Tuning"
"5018","Sorafenib","pearson_corr","DirectPred",0.349822577622492,"No Fine Tuning"
"5019","Sorafenib","pearson_corr","DirectPred",0.412916684220677,"No Fine Tuning"
"5020","Sorafenib","pearson_corr","DirectPred",0.386057988864106,"No Fine Tuning"
"5021","Sorafenib","pearson_corr","DirectPred",0.40392474606339,"No Fine Tuning"
"5022","Sorafenib","pearson_corr","DirectPred",0.503555066999459,"No Fine Tuning"
"5023","Sorafenib","pearson_corr","DirectPred",0.397420855479289,"No Fine Tuning"
"5024","Sorafenib","pearson_corr","DirectPred",0.333472648012051,"No Fine Tuning"
"5025","Sorafenib","pearson_corr","DirectPred",0.560971161068734,"No Fine Tuning"
"5026","Sorafenib","pearson_corr","DirectPred",0.346714782939434,"No Fine Tuning"
"5027","Sorafenib","pearson_corr","DirectPred",0.521065991550654,"No Fine Tuning"
"5028","Sorafenib","pearson_corr","DirectPred",0.337477574861768,"No Fine Tuning"
"5029","Sorafenib","pearson_corr","DirectPred",0.507795840087767,"No Fine Tuning"
"5030","Sorafenib","pearson_corr","DirectPred",0.372920233241864,"No Fine Tuning"
"5031","Sorafenib","pearson_corr","DirectPred",0.391923174064171,"No Fine Tuning"
"5032","Sorafenib","pearson_corr","DirectPred",0.231905046092011,"No Fine Tuning"
"5033","Sorafenib","pearson_corr","DirectPred",0.410273530554725,"No Fine Tuning"
"5034","Sorafenib","pearson_corr","DirectPred",0.409508737731323,"No Fine Tuning"
"5035","Sorafenib","pearson_corr","DirectPred",0.293439891050739,"No Fine Tuning"
"5036","Sorafenib","pearson_corr","DirectPred",0.212850253632674,"No Fine Tuning"
"5037","Sorafenib","pearson_corr","DirectPred",0.204738834198615,"No Fine Tuning"
"5038","Sorafenib","pearson_corr","DirectPred",0.314648939467288,"No Fine Tuning"
"5039","Sorafenib","pearson_corr","DirectPred",0.245450524933501,"No Fine Tuning"
"5040","Sorafenib","pearson_corr","DirectPred",0.385273487437644,"No Fine Tuning"
"5041","Sorafenib","pearson_corr","DirectPred",0.132437686901832,"No Fine Tuning"
"5042","Sorafenib","pearson_corr","DirectPred",0.347029080495026,"No Fine Tuning"
"5043","Sorafenib","pearson_corr","DirectPred",0.153903266581292,"No Fine Tuning"
"5044","Sorafenib","pearson_corr","DirectPred",0.279095321675048,"No Fine Tuning"
"5045","Sorafenib","pearson_corr","DirectPred",0.498537261358842,"No Fine Tuning"
"5046","Sorafenib","pearson_corr","DirectPred",0.26415015474667,"No Fine Tuning"
"5047","Sorafenib","pearson_corr","DirectPred",0.439462077120702,"No Fine Tuning"
"5048","Sorafenib","pearson_corr","DirectPred",0.334167515689503,"No Fine Tuning"
"5049","Sorafenib","pearson_corr","DirectPred",0.37236110076108,"No Fine Tuning"
"5050","Sorafenib","pearson_corr","DirectPred",0.348611544099783,"No Fine Tuning"
"5051","Sorafenib","pearson_corr","DirectPred",0.156759400712477,"No Fine Tuning"
"5052","Sorafenib","pearson_corr","DirectPred",0.403394904512231,"No Fine Tuning"
"5053","Sorafenib","pearson_corr","DirectPred",0.557054595302134,"No Fine Tuning"
"5054","Sorafenib","pearson_corr","DirectPred",0.313888812282485,"No Fine Tuning"
"5055","Sorafenib","pearson_corr","DirectPred",0.342494237867131,"No Fine Tuning"
"5056","Sorafenib","pearson_corr","DirectPred",0.31818146621669,"No Fine Tuning"
"5057","Sorafenib","pearson_corr","DirectPred",0.264886734803634,"No Fine Tuning"
"5058","Sorafenib","pearson_corr","DirectPred",0.342142079891274,"No Fine Tuning"
"5059","Sorafenib","pearson_corr","DirectPred",0.394021954731447,"No Fine Tuning"
"5060","Sorafenib","pearson_corr","DirectPred",0.396037521036536,"No Fine Tuning"
"5061","Sorafenib","pearson_corr","DirectPred",0.167016666704954,"No Fine Tuning"
"5062","Sorafenib","pearson_corr","DirectPred",0.339683385924137,"No Fine Tuning"
"5063","Sorafenib","pearson_corr","DirectPred",0.408224501106789,"No Fine Tuning"
"5064","Sorafenib","pearson_corr","DirectPred",0.463458844669965,"No Fine Tuning"
"5065","Sorafenib","pearson_corr","DirectPred",0.218090739217049,"No Fine Tuning"
"5066","Sorafenib","pearson_corr","DirectPred",0.446529141510498,"No Fine Tuning"
"5067","Sorafenib","pearson_corr","DirectPred",0.269741705996581,"No Fine Tuning"
"5068","Sorafenib","pearson_corr","DirectPred",0.409478538674984,"No Fine Tuning"
"5069","Sorafenib","pearson_corr","DirectPred",0.257101273926427,"No Fine Tuning"
"5070","Sorafenib","pearson_corr","DirectPred",0.506626034950827,"No Fine Tuning"
"5071","Sorafenib","pearson_corr","DirectPred",0.501998150046774,"No Fine Tuning"
"5072","Sorafenib","pearson_corr","DirectPred",0.479323585910991,"No Fine Tuning"
"5073","Sorafenib","pearson_corr","DirectPred",0.292388424052972,"No Fine Tuning"
"5074","Sorafenib","pearson_corr","DirectPred",0.362812784539366,"No Fine Tuning"
"5075","Sorafenib","pearson_corr","DirectPred",0.540356812828044,"No Fine Tuning"
"5076","Sorafenib","pearson_corr","DirectPred",0.447686917039469,"No Fine Tuning"
"5077","Sorafenib","pearson_corr","DirectPred",0.299312496554576,"No Fine Tuning"
"5078","Sorafenib","pearson_corr","DirectPred",0.0718890742612823,"No Fine Tuning"
"5079","Sorafenib","pearson_corr","DirectPred",0.420728741840708,"No Fine Tuning"
"5080","Sorafenib","pearson_corr","DirectPred",0.397383659110208,"No Fine Tuning"
"5081","Sorafenib","pearson_corr","DirectPred",0.590230628792945,"No Fine Tuning"
"5082","Sorafenib","pearson_corr","DirectPred",0.376159905302499,"No Fine Tuning"
"5083","Sorafenib","pearson_corr","DirectPred",0.265166632632446,"No Fine Tuning"
"5084","Sorafenib","pearson_corr","DirectPred",0.473285752353865,"No Fine Tuning"
"5085","Sorafenib","pearson_corr","DirectPred",0.453164019864791,"No Fine Tuning"
"5086","Sorafenib","pearson_corr","DirectPred",0.159956933288214,"No Fine Tuning"
"5087","Sorafenib","pearson_corr","DirectPred",0.396448085855261,"No Fine Tuning"
"5088","Sorafenib","pearson_corr","DirectPred",0.173598695651167,"No Fine Tuning"
"5089","Sorafenib","pearson_corr","DirectPred",0.30749426704811,"No Fine Tuning"
"5090","Sorafenib","pearson_corr","DirectPred",0.353876849327999,"No Fine Tuning"
"5091","Sorafenib","pearson_corr","DirectPred",0.25363169079184,"No Fine Tuning"
"5092","Sorafenib","pearson_corr","DirectPred",0.152543242912777,"No Fine Tuning"
"5093","Sorafenib","pearson_corr","DirectPred",0.295329305904025,"No Fine Tuning"
"5094","Sorafenib","pearson_corr","DirectPred",0.425112362252014,"No Fine Tuning"
"5095","Sorafenib","pearson_corr","DirectPred",0.383280741630279,"No Fine Tuning"
"5096","Sorafenib","pearson_corr","DirectPred",0.366407822644296,"No Fine Tuning"
"5097","Sorafenib","pearson_corr","DirectPred",0.330307223681827,"No Fine Tuning"
"5098","Sorafenib","pearson_corr","DirectPred",0.360738352473998,"No Fine Tuning"
"5099","Sorafenib","pearson_corr","DirectPred",0.4740760294388,"No Fine Tuning"
"5100","Sorafenib","pearson_corr","DirectPred",0.241766483870146,"No Fine Tuning"
"5101","Sorafenib","pearson_corr","GNN",0.376726378633085,"No Fine Tuning"
"5102","Sorafenib","pearson_corr","GNN",0.396297750335389,"No Fine Tuning"
"5103","Sorafenib","pearson_corr","GNN",0.544046655233859,"No Fine Tuning"
"5104","Sorafenib","pearson_corr","GNN",0.361352643125532,"No Fine Tuning"
"5105","Sorafenib","pearson_corr","GNN",0.352708281605845,"No Fine Tuning"
"5106","Sorafenib","pearson_corr","GNN",0.313928912232167,"No Fine Tuning"
"5107","Sorafenib","pearson_corr","GNN",0.453892511742229,"No Fine Tuning"
"5108","Sorafenib","pearson_corr","GNN",0.333599679332046,"No Fine Tuning"
"5109","Sorafenib","pearson_corr","GNN",0.264359283439147,"No Fine Tuning"
"5110","Sorafenib","pearson_corr","GNN",0.542129463892787,"No Fine Tuning"
"5111","Sorafenib","pearson_corr","GNN",0.657129264803979,"No Fine Tuning"
"5112","Sorafenib","pearson_corr","GNN",0.427598482737203,"No Fine Tuning"
"5113","Sorafenib","pearson_corr","GNN",0.336351140161127,"No Fine Tuning"
"5114","Sorafenib","pearson_corr","GNN",0.558254773285191,"No Fine Tuning"
"5115","Sorafenib","pearson_corr","GNN",0.581402940474889,"No Fine Tuning"
"5116","Sorafenib","pearson_corr","GNN",0.442680044107876,"No Fine Tuning"
"5117","Sorafenib","pearson_corr","GNN",0.39682666426376,"No Fine Tuning"
"5118","Sorafenib","pearson_corr","GNN",0.428437780918322,"No Fine Tuning"
"5119","Sorafenib","pearson_corr","GNN",0.468880775716272,"No Fine Tuning"
"5120","Sorafenib","pearson_corr","GNN",0.379573875704266,"No Fine Tuning"
"5121","Sorafenib","pearson_corr","GNN",0.477626536981658,"No Fine Tuning"
"5122","Sorafenib","pearson_corr","GNN",0.548797895841392,"No Fine Tuning"
"5123","Sorafenib","pearson_corr","GNN",0.454739003288821,"No Fine Tuning"
"5124","Sorafenib","pearson_corr","GNN",0.453272846187607,"No Fine Tuning"
"5125","Sorafenib","pearson_corr","GNN",0.606735233931113,"No Fine Tuning"
"5126","Sorafenib","pearson_corr","GNN",0.418571289184889,"No Fine Tuning"
"5127","Sorafenib","pearson_corr","GNN",0.685366518671695,"No Fine Tuning"
"5128","Sorafenib","pearson_corr","GNN",0.363620130541273,"No Fine Tuning"
"5129","Sorafenib","pearson_corr","GNN",0.546502136413946,"No Fine Tuning"
"5130","Sorafenib","pearson_corr","GNN",0.521195907149254,"No Fine Tuning"
"5131","Sorafenib","pearson_corr","GNN",0.398927670235509,"No Fine Tuning"
"5132","Sorafenib","pearson_corr","GNN",0.324436245400549,"No Fine Tuning"
"5133","Sorafenib","pearson_corr","GNN",0.453060939797829,"No Fine Tuning"
"5134","Sorafenib","pearson_corr","GNN",0.461692749815987,"No Fine Tuning"
"5135","Sorafenib","pearson_corr","GNN",0.405004450591125,"No Fine Tuning"
"5136","Sorafenib","pearson_corr","GNN",0.231390543178655,"No Fine Tuning"
"5137","Sorafenib","pearson_corr","GNN",0.216735172455264,"No Fine Tuning"
"5138","Sorafenib","pearson_corr","GNN",0.337403506890607,"No Fine Tuning"
"5139","Sorafenib","pearson_corr","GNN",0.238652745802694,"No Fine Tuning"
"5140","Sorafenib","pearson_corr","GNN",0.460326351826605,"No Fine Tuning"
"5141","Sorafenib","pearson_corr","GNN",0.163257663740079,"No Fine Tuning"
"5142","Sorafenib","pearson_corr","GNN",0.341520979460317,"No Fine Tuning"
"5143","Sorafenib","pearson_corr","GNN",0.21720084734622,"No Fine Tuning"
"5144","Sorafenib","pearson_corr","GNN",0.421529866358513,"No Fine Tuning"
"5145","Sorafenib","pearson_corr","GNN",0.586586364855247,"No Fine Tuning"
"5146","Sorafenib","pearson_corr","GNN",0.342922338547773,"No Fine Tuning"
"5147","Sorafenib","pearson_corr","GNN",0.465890448514716,"No Fine Tuning"
"5148","Sorafenib","pearson_corr","GNN",0.41999275588342,"No Fine Tuning"
"5149","Sorafenib","pearson_corr","GNN",0.456128246397416,"No Fine Tuning"
"5150","Sorafenib","pearson_corr","GNN",0.415682854370595,"No Fine Tuning"
"5151","Sorafenib","pearson_corr","GNN",0.225066465351156,"No Fine Tuning"
"5152","Sorafenib","pearson_corr","GNN",0.431654266007964,"No Fine Tuning"
"5153","Sorafenib","pearson_corr","GNN",0.677258892550403,"No Fine Tuning"
"5154","Sorafenib","pearson_corr","GNN",0.373811692392289,"No Fine Tuning"
"5155","Sorafenib","pearson_corr","GNN",0.458758911422319,"No Fine Tuning"
"5156","Sorafenib","pearson_corr","GNN",0.38032548046141,"No Fine Tuning"
"5157","Sorafenib","pearson_corr","GNN",0.349936302054852,"No Fine Tuning"
"5158","Sorafenib","pearson_corr","GNN",0.404440031902699,"No Fine Tuning"
"5159","Sorafenib","pearson_corr","GNN",0.593423502522924,"No Fine Tuning"
"5160","Sorafenib","pearson_corr","GNN",0.434539080572556,"No Fine Tuning"
"5161","Sorafenib","pearson_corr","GNN",0.214776375736675,"No Fine Tuning"
"5162","Sorafenib","pearson_corr","GNN",0.366122674740507,"No Fine Tuning"
"5163","Sorafenib","pearson_corr","GNN",0.552770005931307,"No Fine Tuning"
"5164","Sorafenib","pearson_corr","GNN",0.498825007783023,"No Fine Tuning"
"5165","Sorafenib","pearson_corr","GNN",0.193075735520332,"No Fine Tuning"
"5166","Sorafenib","pearson_corr","GNN",0.591005138094049,"No Fine Tuning"
"5167","Sorafenib","pearson_corr","GNN",0.348835233208641,"No Fine Tuning"
"5168","Sorafenib","pearson_corr","GNN",0.45341406163905,"No Fine Tuning"
"5169","Sorafenib","pearson_corr","GNN",0.297780151753378,"No Fine Tuning"
"5170","Sorafenib","pearson_corr","GNN",0.555248176268185,"No Fine Tuning"
"5171","Sorafenib","pearson_corr","GNN",0.629865764110282,"No Fine Tuning"
"5172","Sorafenib","pearson_corr","GNN",0.569528039122587,"No Fine Tuning"
"5173","Sorafenib","pearson_corr","GNN",0.424562792419758,"No Fine Tuning"
"5174","Sorafenib","pearson_corr","GNN",0.339284097630862,"No Fine Tuning"
"5175","Sorafenib","pearson_corr","GNN",0.65364418903471,"No Fine Tuning"
"5176","Sorafenib","pearson_corr","GNN",0.547005975667482,"No Fine Tuning"
"5177","Sorafenib","pearson_corr","GNN",0.367967298971609,"No Fine Tuning"
"5178","Sorafenib","pearson_corr","GNN",0.224575922299061,"No Fine Tuning"
"5179","Sorafenib","pearson_corr","GNN",0.491487217064438,"No Fine Tuning"
"5180","Sorafenib","pearson_corr","GNN",0.500631065935851,"No Fine Tuning"
"5181","Sorafenib","pearson_corr","GNN",0.638437359933884,"No Fine Tuning"
"5182","Sorafenib","pearson_corr","GNN",0.372778434839869,"No Fine Tuning"
"5183","Sorafenib","pearson_corr","GNN",0.316900193898479,"No Fine Tuning"
"5184","Sorafenib","pearson_corr","GNN",0.545757044337999,"No Fine Tuning"
"5185","Sorafenib","pearson_corr","GNN",0.557650666462768,"No Fine Tuning"
"5186","Sorafenib","pearson_corr","GNN",0.192150606102364,"No Fine Tuning"
"5187","Sorafenib","pearson_corr","GNN",0.51422300346184,"No Fine Tuning"
"5188","Sorafenib","pearson_corr","GNN",0.24831747422465,"No Fine Tuning"
"5189","Sorafenib","pearson_corr","GNN",0.346589554683316,"No Fine Tuning"
"5190","Sorafenib","pearson_corr","GNN",0.434811665865545,"No Fine Tuning"
"5191","Sorafenib","pearson_corr","GNN",0.325596727263328,"No Fine Tuning"
"5192","Sorafenib","pearson_corr","GNN",0.155812282404843,"No Fine Tuning"
"5193","Sorafenib","pearson_corr","GNN",0.320202304726622,"No Fine Tuning"
"5194","Sorafenib","pearson_corr","GNN",0.465820941296535,"No Fine Tuning"
"5195","Sorafenib","pearson_corr","GNN",0.520917663572675,"No Fine Tuning"
"5196","Sorafenib","pearson_corr","GNN",0.391691946562784,"No Fine Tuning"
"5197","Sorafenib","pearson_corr","GNN",0.337846376935445,"No Fine Tuning"
"5198","Sorafenib","pearson_corr","GNN",0.472990249346665,"No Fine Tuning"
"5199","Sorafenib","pearson_corr","GNN",0.575163696816986,"No Fine Tuning"
"5200","Sorafenib","pearson_corr","GNN",0.332648609481535,"No Fine Tuning"
"5201","Sorafenib","pearson_corr","RandomForest",0.370815632657871,"No Fine Tuning"
"5202","Sorafenib","pearson_corr","RandomForest",0.415523962158734,"No Fine Tuning"
"5203","Sorafenib","pearson_corr","RandomForest",0.503987979348437,"No Fine Tuning"
"5204","Sorafenib","pearson_corr","RandomForest",0.351811553049975,"No Fine Tuning"
"5205","Sorafenib","pearson_corr","RandomForest",0.371445570714254,"No Fine Tuning"
"5206","Sorafenib","pearson_corr","RandomForest",0.345894217216184,"No Fine Tuning"
"5207","Sorafenib","pearson_corr","RandomForest",0.431004501182498,"No Fine Tuning"
"5208","Sorafenib","pearson_corr","RandomForest",0.294866479111153,"No Fine Tuning"
"5209","Sorafenib","pearson_corr","RandomForest",0.311135794423701,"No Fine Tuning"
"5210","Sorafenib","pearson_corr","RandomForest",0.485444285909444,"No Fine Tuning"
"5211","Sorafenib","pearson_corr","RandomForest",0.554125388427876,"No Fine Tuning"
"5212","Sorafenib","pearson_corr","RandomForest",0.352014354370027,"No Fine Tuning"
"5213","Sorafenib","pearson_corr","RandomForest",0.361832179337709,"No Fine Tuning"
"5214","Sorafenib","pearson_corr","RandomForest",0.524072824984661,"No Fine Tuning"
"5215","Sorafenib","pearson_corr","RandomForest",0.514841041476518,"No Fine Tuning"
"5216","Sorafenib","pearson_corr","RandomForest",0.386557292516103,"No Fine Tuning"
"5217","Sorafenib","pearson_corr","RandomForest",0.39058045022302,"No Fine Tuning"
"5218","Sorafenib","pearson_corr","RandomForest",0.409355309519719,"No Fine Tuning"
"5219","Sorafenib","pearson_corr","RandomForest",0.460897954275264,"No Fine Tuning"
"5220","Sorafenib","pearson_corr","RandomForest",0.406077271950549,"No Fine Tuning"
"5221","Sorafenib","pearson_corr","RandomForest",0.431210038653496,"No Fine Tuning"
"5222","Sorafenib","pearson_corr","RandomForest",0.523817763885391,"No Fine Tuning"
"5223","Sorafenib","pearson_corr","RandomForest",0.418555622929664,"No Fine Tuning"
"5224","Sorafenib","pearson_corr","RandomForest",0.39587584930252,"No Fine Tuning"
"5225","Sorafenib","pearson_corr","RandomForest",0.543308461611175,"No Fine Tuning"
"5226","Sorafenib","pearson_corr","RandomForest",0.385033918757693,"No Fine Tuning"
"5227","Sorafenib","pearson_corr","RandomForest",0.583622615995918,"No Fine Tuning"
"5228","Sorafenib","pearson_corr","RandomForest",0.332147045115077,"No Fine Tuning"
"5229","Sorafenib","pearson_corr","RandomForest",0.557762593787785,"No Fine Tuning"
"5230","Sorafenib","pearson_corr","RandomForest",0.46845387347815,"No Fine Tuning"
"5231","Sorafenib","pearson_corr","RandomForest",0.384960316203379,"No Fine Tuning"
"5232","Sorafenib","pearson_corr","RandomForest",0.373667201547269,"No Fine Tuning"
"5233","Sorafenib","pearson_corr","RandomForest",0.422502026041672,"No Fine Tuning"
"5234","Sorafenib","pearson_corr","RandomForest",0.405448797958671,"No Fine Tuning"
"5235","Sorafenib","pearson_corr","RandomForest",0.38985484137946,"No Fine Tuning"
"5236","Sorafenib","pearson_corr","RandomForest",0.274114892118692,"No Fine Tuning"
"5237","Sorafenib","pearson_corr","RandomForest",0.242734359922119,"No Fine Tuning"
"5238","Sorafenib","pearson_corr","RandomForest",0.312943060439651,"No Fine Tuning"
"5239","Sorafenib","pearson_corr","RandomForest",0.279797546004679,"No Fine Tuning"
"5240","Sorafenib","pearson_corr","RandomForest",0.40918840739607,"No Fine Tuning"
"5241","Sorafenib","pearson_corr","RandomForest",0.26415612807922,"No Fine Tuning"
"5242","Sorafenib","pearson_corr","RandomForest",0.348698892158103,"No Fine Tuning"
"5243","Sorafenib","pearson_corr","RandomForest",0.281263904526794,"No Fine Tuning"
"5244","Sorafenib","pearson_corr","RandomForest",0.345306103428179,"No Fine Tuning"
"5245","Sorafenib","pearson_corr","RandomForest",0.501029110560368,"No Fine Tuning"
"5246","Sorafenib","pearson_corr","RandomForest",0.331124200796594,"No Fine Tuning"
"5247","Sorafenib","pearson_corr","RandomForest",0.455358439475846,"No Fine Tuning"
"5248","Sorafenib","pearson_corr","RandomForest",0.361813012655964,"No Fine Tuning"
"5249","Sorafenib","pearson_corr","RandomForest",0.456194451436866,"No Fine Tuning"
"5250","Sorafenib","pearson_corr","RandomForest",0.458872735473782,"No Fine Tuning"
"5251","Sorafenib","pearson_corr","RandomForest",0.260174769896546,"No Fine Tuning"
"5252","Sorafenib","pearson_corr","RandomForest",0.423141058472774,"No Fine Tuning"
"5253","Sorafenib","pearson_corr","RandomForest",0.62519195446063,"No Fine Tuning"
"5254","Sorafenib","pearson_corr","RandomForest",0.362158782570066,"No Fine Tuning"
"5255","Sorafenib","pearson_corr","RandomForest",0.423146247356391,"No Fine Tuning"
"5256","Sorafenib","pearson_corr","RandomForest",0.300350019666397,"No Fine Tuning"
"5257","Sorafenib","pearson_corr","RandomForest",0.33034559277989,"No Fine Tuning"
"5258","Sorafenib","pearson_corr","RandomForest",0.388778147609971,"No Fine Tuning"
"5259","Sorafenib","pearson_corr","RandomForest",0.505402129416024,"No Fine Tuning"
"5260","Sorafenib","pearson_corr","RandomForest",0.447073250340411,"No Fine Tuning"
"5261","Sorafenib","pearson_corr","RandomForest",0.237366823296137,"No Fine Tuning"
"5262","Sorafenib","pearson_corr","RandomForest",0.341738423786937,"No Fine Tuning"
"5263","Sorafenib","pearson_corr","RandomForest",0.461523863249696,"No Fine Tuning"
"5264","Sorafenib","pearson_corr","RandomForest",0.451363671648108,"No Fine Tuning"
"5265","Sorafenib","pearson_corr","RandomForest",0.232675871193436,"No Fine Tuning"
"5266","Sorafenib","pearson_corr","RandomForest",0.562878400077767,"No Fine Tuning"
"5267","Sorafenib","pearson_corr","RandomForest",0.304620329725935,"No Fine Tuning"
"5268","Sorafenib","pearson_corr","RandomForest",0.437595403894684,"No Fine Tuning"
"5269","Sorafenib","pearson_corr","RandomForest",0.282434739322566,"No Fine Tuning"
"5270","Sorafenib","pearson_corr","RandomForest",0.503722005032056,"No Fine Tuning"
"5271","Sorafenib","pearson_corr","RandomForest",0.567582218973838,"No Fine Tuning"
"5272","Sorafenib","pearson_corr","RandomForest",0.496408940516416,"No Fine Tuning"
"5273","Sorafenib","pearson_corr","RandomForest",0.356355646504951,"No Fine Tuning"
"5274","Sorafenib","pearson_corr","RandomForest",0.411332131276987,"No Fine Tuning"
"5275","Sorafenib","pearson_corr","RandomForest",0.623406410420687,"No Fine Tuning"
"5276","Sorafenib","pearson_corr","RandomForest",0.466893620341433,"No Fine Tuning"
"5277","Sorafenib","pearson_corr","RandomForest",0.389532710670167,"No Fine Tuning"
"5278","Sorafenib","pearson_corr","RandomForest",0.193524935049778,"No Fine Tuning"
"5279","Sorafenib","pearson_corr","RandomForest",0.448017041412252,"No Fine Tuning"
"5280","Sorafenib","pearson_corr","RandomForest",0.508648433005739,"No Fine Tuning"
"5281","Sorafenib","pearson_corr","RandomForest",0.608493723770269,"No Fine Tuning"
"5282","Sorafenib","pearson_corr","RandomForest",0.394429112963503,"No Fine Tuning"
"5283","Sorafenib","pearson_corr","RandomForest",0.328801385138633,"No Fine Tuning"
"5284","Sorafenib","pearson_corr","RandomForest",0.525594550900081,"No Fine Tuning"
"5285","Sorafenib","pearson_corr","RandomForest",0.537955255216438,"No Fine Tuning"
"5286","Sorafenib","pearson_corr","RandomForest",0.240348765170794,"No Fine Tuning"
"5287","Sorafenib","pearson_corr","RandomForest",0.464530835118025,"No Fine Tuning"
"5288","Sorafenib","pearson_corr","RandomForest",0.272130163913029,"No Fine Tuning"
"5289","Sorafenib","pearson_corr","RandomForest",0.394699842885689,"No Fine Tuning"
"5290","Sorafenib","pearson_corr","RandomForest",0.430830733054081,"No Fine Tuning"
"5291","Sorafenib","pearson_corr","RandomForest",0.322090962640002,"No Fine Tuning"
"5292","Sorafenib","pearson_corr","RandomForest",0.268091748942311,"No Fine Tuning"
"5293","Sorafenib","pearson_corr","RandomForest",0.387351563204029,"No Fine Tuning"
"5294","Sorafenib","pearson_corr","RandomForest",0.445064480311878,"No Fine Tuning"
"5295","Sorafenib","pearson_corr","RandomForest",0.437623988818067,"No Fine Tuning"
"5296","Sorafenib","pearson_corr","RandomForest",0.377109020474621,"No Fine Tuning"
"5297","Sorafenib","pearson_corr","RandomForest",0.358884638076638,"No Fine Tuning"
"5298","Sorafenib","pearson_corr","RandomForest",0.394838382272296,"No Fine Tuning"
"5299","Sorafenib","pearson_corr","RandomForest",0.503680886014281,"No Fine Tuning"
"5300","Sorafenib","pearson_corr","RandomForest",0.268193919710366,"No Fine Tuning"
"5301","Sorafenib","pearson_corr","SVM",0.380084137044099,"No Fine Tuning"
"5302","Sorafenib","pearson_corr","SVM",0.44845937807226,"No Fine Tuning"
"5303","Sorafenib","pearson_corr","SVM",0.585285126934773,"No Fine Tuning"
"5304","Sorafenib","pearson_corr","SVM",0.43351688770091,"No Fine Tuning"
"5305","Sorafenib","pearson_corr","SVM",0.354956245613015,"No Fine Tuning"
"5306","Sorafenib","pearson_corr","SVM",0.336538741283742,"No Fine Tuning"
"5307","Sorafenib","pearson_corr","SVM",0.497118840461874,"No Fine Tuning"
"5308","Sorafenib","pearson_corr","SVM",0.369572842952145,"No Fine Tuning"
"5309","Sorafenib","pearson_corr","SVM",0.339518737895666,"No Fine Tuning"
"5310","Sorafenib","pearson_corr","SVM",0.473783152786837,"No Fine Tuning"
"5311","Sorafenib","pearson_corr","SVM",0.686159624102275,"No Fine Tuning"
"5312","Sorafenib","pearson_corr","SVM",0.5079540046915,"No Fine Tuning"
"5313","Sorafenib","pearson_corr","SVM",0.358808436726178,"No Fine Tuning"
"5314","Sorafenib","pearson_corr","SVM",0.597174313934927,"No Fine Tuning"
"5315","Sorafenib","pearson_corr","SVM",0.543412092069369,"No Fine Tuning"
"5316","Sorafenib","pearson_corr","SVM",0.494586599003614,"No Fine Tuning"
"5317","Sorafenib","pearson_corr","SVM",0.489815150862953,"No Fine Tuning"
"5318","Sorafenib","pearson_corr","SVM",0.484699550753028,"No Fine Tuning"
"5319","Sorafenib","pearson_corr","SVM",0.489606371578314,"No Fine Tuning"
"5320","Sorafenib","pearson_corr","SVM",0.46603749105192,"No Fine Tuning"
"5321","Sorafenib","pearson_corr","SVM",0.507499210271336,"No Fine Tuning"
"5322","Sorafenib","pearson_corr","SVM",0.584698641292454,"No Fine Tuning"
"5323","Sorafenib","pearson_corr","SVM",0.522249180711173,"No Fine Tuning"
"5324","Sorafenib","pearson_corr","SVM",0.513559469793396,"No Fine Tuning"
"5325","Sorafenib","pearson_corr","SVM",0.678519514409781,"No Fine Tuning"
"5326","Sorafenib","pearson_corr","SVM",0.457445631670183,"No Fine Tuning"
"5327","Sorafenib","pearson_corr","SVM",0.671162139833828,"No Fine Tuning"
"5328","Sorafenib","pearson_corr","SVM",0.425086007336438,"No Fine Tuning"
"5329","Sorafenib","pearson_corr","SVM",0.567617342430942,"No Fine Tuning"
"5330","Sorafenib","pearson_corr","SVM",0.560902161097317,"No Fine Tuning"
"5331","Sorafenib","pearson_corr","SVM",0.504276655156354,"No Fine Tuning"
"5332","Sorafenib","pearson_corr","SVM",0.42654433218157,"No Fine Tuning"
"5333","Sorafenib","pearson_corr","SVM",0.493091403411646,"No Fine Tuning"
"5334","Sorafenib","pearson_corr","SVM",0.534177476310983,"No Fine Tuning"
"5335","Sorafenib","pearson_corr","SVM",0.461257431979024,"No Fine Tuning"
"5336","Sorafenib","pearson_corr","SVM",0.355952338692246,"No Fine Tuning"
"5337","Sorafenib","pearson_corr","SVM",0.266677718426968,"No Fine Tuning"
"5338","Sorafenib","pearson_corr","SVM",0.415753447402703,"No Fine Tuning"
"5339","Sorafenib","pearson_corr","SVM",0.3006433897239,"No Fine Tuning"
"5340","Sorafenib","pearson_corr","SVM",0.473027438040451,"No Fine Tuning"
"5341","Sorafenib","pearson_corr","SVM",0.193094665659217,"No Fine Tuning"
"5342","Sorafenib","pearson_corr","SVM",0.418074218741055,"No Fine Tuning"
"5343","Sorafenib","pearson_corr","SVM",0.24791973435686,"No Fine Tuning"
"5344","Sorafenib","pearson_corr","SVM",0.418173257159382,"No Fine Tuning"
"5345","Sorafenib","pearson_corr","SVM",0.628990515485372,"No Fine Tuning"
"5346","Sorafenib","pearson_corr","SVM",0.378576798631982,"No Fine Tuning"
"5347","Sorafenib","pearson_corr","SVM",0.522973253601804,"No Fine Tuning"
"5348","Sorafenib","pearson_corr","SVM",0.480185814263353,"No Fine Tuning"
"5349","Sorafenib","pearson_corr","SVM",0.446521248750516,"No Fine Tuning"
"5350","Sorafenib","pearson_corr","SVM",0.438750320283711,"No Fine Tuning"
"5351","Sorafenib","pearson_corr","SVM",0.304949661378727,"No Fine Tuning"
"5352","Sorafenib","pearson_corr","SVM",0.483258776927543,"No Fine Tuning"
"5353","Sorafenib","pearson_corr","SVM",0.677499394385058,"No Fine Tuning"
"5354","Sorafenib","pearson_corr","SVM",0.446538832165248,"No Fine Tuning"
"5355","Sorafenib","pearson_corr","SVM",0.519028170924767,"No Fine Tuning"
"5356","Sorafenib","pearson_corr","SVM",0.426501831658033,"No Fine Tuning"
"5357","Sorafenib","pearson_corr","SVM",0.399184890985572,"No Fine Tuning"
"5358","Sorafenib","pearson_corr","SVM",0.397450846409543,"No Fine Tuning"
"5359","Sorafenib","pearson_corr","SVM",0.601002591996903,"No Fine Tuning"
"5360","Sorafenib","pearson_corr","SVM",0.469502134044229,"No Fine Tuning"
"5361","Sorafenib","pearson_corr","SVM",0.191813971888202,"No Fine Tuning"
"5362","Sorafenib","pearson_corr","SVM",0.443060314899901,"No Fine Tuning"
"5363","Sorafenib","pearson_corr","SVM",0.575850171513433,"No Fine Tuning"
"5364","Sorafenib","pearson_corr","SVM",0.552636738493038,"No Fine Tuning"
"5365","Sorafenib","pearson_corr","SVM",0.275736203779312,"No Fine Tuning"
"5366","Sorafenib","pearson_corr","SVM",0.655878785858425,"No Fine Tuning"
"5367","Sorafenib","pearson_corr","SVM",0.386600150728989,"No Fine Tuning"
"5368","Sorafenib","pearson_corr","SVM",0.511743347072734,"No Fine Tuning"
"5369","Sorafenib","pearson_corr","SVM",0.322379113556265,"No Fine Tuning"
"5370","Sorafenib","pearson_corr","SVM",0.612381809032734,"No Fine Tuning"
"5371","Sorafenib","pearson_corr","SVM",0.679017202720565,"No Fine Tuning"
"5372","Sorafenib","pearson_corr","SVM",0.603135243061639,"No Fine Tuning"
"5373","Sorafenib","pearson_corr","SVM",0.449423591330895,"No Fine Tuning"
"5374","Sorafenib","pearson_corr","SVM",0.376241722474785,"No Fine Tuning"
"5375","Sorafenib","pearson_corr","SVM",0.6930024490108,"No Fine Tuning"
"5376","Sorafenib","pearson_corr","SVM",0.566450173942331,"No Fine Tuning"
"5377","Sorafenib","pearson_corr","SVM",0.483435320783205,"No Fine Tuning"
"5378","Sorafenib","pearson_corr","SVM",0.277406582217435,"No Fine Tuning"
"5379","Sorafenib","pearson_corr","SVM",0.556612689246998,"No Fine Tuning"
"5380","Sorafenib","pearson_corr","SVM",0.542784361328402,"No Fine Tuning"
"5381","Sorafenib","pearson_corr","SVM",0.672354200138956,"No Fine Tuning"
"5382","Sorafenib","pearson_corr","SVM",0.450917602176696,"No Fine Tuning"
"5383","Sorafenib","pearson_corr","SVM",0.335161400135366,"No Fine Tuning"
"5384","Sorafenib","pearson_corr","SVM",0.575623643285121,"No Fine Tuning"
"5385","Sorafenib","pearson_corr","SVM",0.562747438518719,"No Fine Tuning"
"5386","Sorafenib","pearson_corr","SVM",0.292081072047773,"No Fine Tuning"
"5387","Sorafenib","pearson_corr","SVM",0.545821779941042,"No Fine Tuning"
"5388","Sorafenib","pearson_corr","SVM",0.340618457750786,"No Fine Tuning"
"5389","Sorafenib","pearson_corr","SVM",0.366606822912371,"No Fine Tuning"
"5390","Sorafenib","pearson_corr","SVM",0.490816619237136,"No Fine Tuning"
"5391","Sorafenib","pearson_corr","SVM",0.313390817344057,"No Fine Tuning"
"5392","Sorafenib","pearson_corr","SVM",0.271767803541376,"No Fine Tuning"
"5393","Sorafenib","pearson_corr","SVM",0.381191955725432,"No Fine Tuning"
"5394","Sorafenib","pearson_corr","SVM",0.529498160127892,"No Fine Tuning"
"5395","Sorafenib","pearson_corr","SVM",0.541759485646126,"No Fine Tuning"
"5396","Sorafenib","pearson_corr","SVM",0.480842439044637,"No Fine Tuning"
"5397","Sorafenib","pearson_corr","SVM",0.441934347157815,"No Fine Tuning"
"5398","Sorafenib","pearson_corr","SVM",0.484840148317787,"No Fine Tuning"
"5399","Sorafenib","pearson_corr","SVM",0.599338988082785,"No Fine Tuning"
"5400","Sorafenib","pearson_corr","SVM",0.376499351876461,"No Fine Tuning"
"5401","Sorafenib","pearson_corr","XGBoost",0.173029304405373,"No Fine Tuning"
"5402","Sorafenib","pearson_corr","XGBoost",0.18125340354994,"No Fine Tuning"
"5403","Sorafenib","pearson_corr","XGBoost",0.211810285419471,"No Fine Tuning"
"5404","Sorafenib","pearson_corr","XGBoost",0.251130323417813,"No Fine Tuning"
"5405","Sorafenib","pearson_corr","XGBoost",0.229847426677289,"No Fine Tuning"
"5406","Sorafenib","pearson_corr","XGBoost",0.221604612594409,"No Fine Tuning"
"5407","Sorafenib","pearson_corr","XGBoost",0.149551820124487,"No Fine Tuning"
"5408","Sorafenib","pearson_corr","XGBoost",0.124933850899777,"No Fine Tuning"
"5409","Sorafenib","pearson_corr","XGBoost",0.130462529271914,"No Fine Tuning"
"5410","Sorafenib","pearson_corr","XGBoost",0.222469032726242,"No Fine Tuning"
"5411","Sorafenib","pearson_corr","XGBoost",0.136010619093519,"No Fine Tuning"
"5412","Sorafenib","pearson_corr","XGBoost",0.187072336857837,"No Fine Tuning"
"5413","Sorafenib","pearson_corr","XGBoost",0.221223947550219,"No Fine Tuning"
"5414","Sorafenib","pearson_corr","XGBoost",0.141591232889016,"No Fine Tuning"
"5415","Sorafenib","pearson_corr","XGBoost",0.113891121008483,"No Fine Tuning"
"5416","Sorafenib","pearson_corr","XGBoost",0.172960495946345,"No Fine Tuning"
"5417","Sorafenib","pearson_corr","XGBoost",0.131959549544564,"No Fine Tuning"
"5418","Sorafenib","pearson_corr","XGBoost",0.190417116333635,"No Fine Tuning"
"5419","Sorafenib","pearson_corr","XGBoost",0.237529169696774,"No Fine Tuning"
"5420","Sorafenib","pearson_corr","XGBoost",0.178718594314021,"No Fine Tuning"
"5421","Sorafenib","pearson_corr","XGBoost",0.230694242770595,"No Fine Tuning"
"5422","Sorafenib","pearson_corr","XGBoost",0.229524329435843,"No Fine Tuning"
"5423","Sorafenib","pearson_corr","XGBoost",0.143365742459895,"No Fine Tuning"
"5424","Sorafenib","pearson_corr","XGBoost",0.149985277694003,"No Fine Tuning"
"5425","Sorafenib","pearson_corr","XGBoost",0.166775240792,"No Fine Tuning"
"5426","Sorafenib","pearson_corr","XGBoost",0.242562710940064,"No Fine Tuning"
"5427","Sorafenib","pearson_corr","XGBoost",0.132082988257701,"No Fine Tuning"
"5428","Sorafenib","pearson_corr","XGBoost",0.150573126980188,"No Fine Tuning"
"5429","Sorafenib","pearson_corr","XGBoost",0.173184534265062,"No Fine Tuning"
"5430","Sorafenib","pearson_corr","XGBoost",0.203999531951643,"No Fine Tuning"
"5431","Sorafenib","pearson_corr","XGBoost",0.25308708923957,"No Fine Tuning"
"5432","Sorafenib","pearson_corr","XGBoost",0.252936811912982,"No Fine Tuning"
"5433","Sorafenib","pearson_corr","XGBoost",0.21475606696325,"No Fine Tuning"
"5434","Sorafenib","pearson_corr","XGBoost",0.117988247525194,"No Fine Tuning"
"5435","Sorafenib","pearson_corr","XGBoost",0.196611922615712,"No Fine Tuning"
"5436","Sorafenib","pearson_corr","XGBoost",0.235873382882925,"No Fine Tuning"
"5437","Sorafenib","pearson_corr","XGBoost",0.149425961590708,"No Fine Tuning"
"5438","Sorafenib","pearson_corr","XGBoost",0.149678466560507,"No Fine Tuning"
"5439","Sorafenib","pearson_corr","XGBoost",0.248573645083939,"No Fine Tuning"
"5440","Sorafenib","pearson_corr","XGBoost",0.158748512493531,"No Fine Tuning"
"5441","Sorafenib","pearson_corr","XGBoost",0.194315786538615,"No Fine Tuning"
"5442","Sorafenib","pearson_corr","XGBoost",0.341126690722901,"No Fine Tuning"
"5443","Sorafenib","pearson_corr","XGBoost",0.156867328059609,"No Fine Tuning"
"5444","Sorafenib","pearson_corr","XGBoost",0.130760784074008,"No Fine Tuning"
"5445","Sorafenib","pearson_corr","XGBoost",0.143624508218936,"No Fine Tuning"
"5446","Sorafenib","pearson_corr","XGBoost",0.262639695722402,"No Fine Tuning"
"5447","Sorafenib","pearson_corr","XGBoost",0.257774977220245,"No Fine Tuning"
"5448","Sorafenib","pearson_corr","XGBoost",0.220656732726904,"No Fine Tuning"
"5449","Sorafenib","pearson_corr","XGBoost",0.245867846771727,"No Fine Tuning"
"5450","Sorafenib","pearson_corr","XGBoost",0.263939467759085,"No Fine Tuning"
"5451","Sorafenib","pearson_corr","XGBoost",0.110046657893888,"No Fine Tuning"
"5452","Sorafenib","pearson_corr","XGBoost",0.241756517992613,"No Fine Tuning"
"5453","Sorafenib","pearson_corr","XGBoost",0.138735634510311,"No Fine Tuning"
"5454","Sorafenib","pearson_corr","XGBoost",0.223330832083407,"No Fine Tuning"
"5455","Sorafenib","pearson_corr","XGBoost",0.19562588624323,"No Fine Tuning"
"5456","Sorafenib","pearson_corr","XGBoost",0.136894743699211,"No Fine Tuning"
"5457","Sorafenib","pearson_corr","XGBoost",0.167016780183501,"No Fine Tuning"
"5458","Sorafenib","pearson_corr","XGBoost",0.0951393737431088,"No Fine Tuning"
"5459","Sorafenib","pearson_corr","XGBoost",0.180084448755435,"No Fine Tuning"
"5460","Sorafenib","pearson_corr","XGBoost",0.281671219888871,"No Fine Tuning"
"5461","Sorafenib","pearson_corr","XGBoost",0.192622742847081,"No Fine Tuning"
"5462","Sorafenib","pearson_corr","XGBoost",0.22273579231961,"No Fine Tuning"
"5463","Sorafenib","pearson_corr","XGBoost",0.152231545630477,"No Fine Tuning"
"5464","Sorafenib","pearson_corr","XGBoost",0.151942949198723,"No Fine Tuning"
"5465","Sorafenib","pearson_corr","XGBoost",0.226563279207361,"No Fine Tuning"
"5466","Sorafenib","pearson_corr","XGBoost",0.1585941514879,"No Fine Tuning"
"5467","Sorafenib","pearson_corr","XGBoost",0.133958462059761,"No Fine Tuning"
"5468","Sorafenib","pearson_corr","XGBoost",0.261894306960319,"No Fine Tuning"
"5469","Sorafenib","pearson_corr","XGBoost",0.243039406742802,"No Fine Tuning"
"5470","Sorafenib","pearson_corr","XGBoost",0.149948154281851,"No Fine Tuning"
"5471","Sorafenib","pearson_corr","XGBoost",0.128547111133009,"No Fine Tuning"
"5472","Sorafenib","pearson_corr","XGBoost",0.165951306613773,"No Fine Tuning"
"5473","Sorafenib","pearson_corr","XGBoost",0.0900872340494032,"No Fine Tuning"
"5474","Sorafenib","pearson_corr","XGBoost",0.229634080559662,"No Fine Tuning"
"5475","Sorafenib","pearson_corr","XGBoost",0.113415620655316,"No Fine Tuning"
"5476","Sorafenib","pearson_corr","XGBoost",0.138454869214794,"No Fine Tuning"
"5477","Sorafenib","pearson_corr","XGBoost",0.181112018781951,"No Fine Tuning"
"5478","Sorafenib","pearson_corr","XGBoost",0.119968128660943,"No Fine Tuning"
"5479","Sorafenib","pearson_corr","XGBoost",0.328613202922498,"No Fine Tuning"
"5480","Sorafenib","pearson_corr","XGBoost",0.248917932506516,"No Fine Tuning"
"5481","Sorafenib","pearson_corr","XGBoost",0.206465119842536,"No Fine Tuning"
"5482","Sorafenib","pearson_corr","XGBoost",0.21494598000191,"No Fine Tuning"
"5483","Sorafenib","pearson_corr","XGBoost",0.253097777636821,"No Fine Tuning"
"5484","Sorafenib","pearson_corr","XGBoost",0.0821087191281481,"No Fine Tuning"
"5485","Sorafenib","pearson_corr","XGBoost",0.142445546513136,"No Fine Tuning"
"5486","Sorafenib","pearson_corr","XGBoost",0.168790718913688,"No Fine Tuning"
"5487","Sorafenib","pearson_corr","XGBoost",0.221103174068304,"No Fine Tuning"
"5488","Sorafenib","pearson_corr","XGBoost",0.259348125022704,"No Fine Tuning"
"5489","Sorafenib","pearson_corr","XGBoost",0.180659778433196,"No Fine Tuning"
"5490","Sorafenib","pearson_corr","XGBoost",0.192166613740423,"No Fine Tuning"
"5491","Sorafenib","pearson_corr","XGBoost",0.196301034124103,"No Fine Tuning"
"5492","Sorafenib","pearson_corr","XGBoost",0.188418588189826,"No Fine Tuning"
"5493","Sorafenib","pearson_corr","XGBoost",0.324877919569296,"No Fine Tuning"
"5494","Sorafenib","pearson_corr","XGBoost",0.204359676795789,"No Fine Tuning"
"5495","Sorafenib","pearson_corr","XGBoost",0.121642203741831,"No Fine Tuning"
"5496","Sorafenib","pearson_corr","XGBoost",0.198695911334232,"No Fine Tuning"
"5497","Sorafenib","pearson_corr","XGBoost",0.213961405674643,"No Fine Tuning"
"5498","Sorafenib","pearson_corr","XGBoost",0.201480504278301,"No Fine Tuning"
"5499","Sorafenib","pearson_corr","XGBoost",0.18565548455615,"No Fine Tuning"
"5500","Sorafenib","pearson_corr","XGBoost",0.13623300618178,"No Fine Tuning"
"5501","Sorafenib","pearson_corr","SupervisedVAE",0.308616956068638,"No Fine Tuning"
"5502","Sorafenib","pearson_corr","SupervisedVAE",0.259284946379013,"No Fine Tuning"
"5503","Sorafenib","pearson_corr","SupervisedVAE",0.360374127640238,"No Fine Tuning"
"5504","Sorafenib","pearson_corr","SupervisedVAE",0.229471766355152,"No Fine Tuning"
"5505","Sorafenib","pearson_corr","SupervisedVAE",0.231235986781103,"No Fine Tuning"
"5506","Sorafenib","pearson_corr","SupervisedVAE",0.298453411640794,"No Fine Tuning"
"5507","Sorafenib","pearson_corr","SupervisedVAE",0.271070588292653,"No Fine Tuning"
"5508","Sorafenib","pearson_corr","SupervisedVAE",0.212447186765817,"No Fine Tuning"
"5509","Sorafenib","pearson_corr","SupervisedVAE",0.227873272101111,"No Fine Tuning"
"5510","Sorafenib","pearson_corr","SupervisedVAE",0.377539078991679,"No Fine Tuning"
"5511","Sorafenib","pearson_corr","SupervisedVAE",0.490720380589452,"No Fine Tuning"
"5512","Sorafenib","pearson_corr","SupervisedVAE",0.28309161638185,"No Fine Tuning"
"5513","Sorafenib","pearson_corr","SupervisedVAE",0.244460255748942,"No Fine Tuning"
"5514","Sorafenib","pearson_corr","SupervisedVAE",0.353858041364262,"No Fine Tuning"
"5515","Sorafenib","pearson_corr","SupervisedVAE",0.354585782488623,"No Fine Tuning"
"5516","Sorafenib","pearson_corr","SupervisedVAE",0.238935113806028,"No Fine Tuning"
"5517","Sorafenib","pearson_corr","SupervisedVAE",0.338911656367056,"No Fine Tuning"
"5518","Sorafenib","pearson_corr","SupervisedVAE",0.31612572791065,"No Fine Tuning"
"5519","Sorafenib","pearson_corr","SupervisedVAE",0.326576939334817,"No Fine Tuning"
"5520","Sorafenib","pearson_corr","SupervisedVAE",0.313001262414013,"No Fine Tuning"
"5521","Sorafenib","pearson_corr","SupervisedVAE",0.305783530775442,"No Fine Tuning"
"5522","Sorafenib","pearson_corr","SupervisedVAE",0.443760363295645,"No Fine Tuning"
"5523","Sorafenib","pearson_corr","SupervisedVAE",0.412004376168629,"No Fine Tuning"
"5524","Sorafenib","pearson_corr","SupervisedVAE",0.291274535267543,"No Fine Tuning"
"5525","Sorafenib","pearson_corr","SupervisedVAE",0.487283037361822,"No Fine Tuning"
"5526","Sorafenib","pearson_corr","SupervisedVAE",0.348618617720321,"No Fine Tuning"
"5527","Sorafenib","pearson_corr","SupervisedVAE",0.506887735044095,"No Fine Tuning"
"5528","Sorafenib","pearson_corr","SupervisedVAE",0.319912195899364,"No Fine Tuning"
"5529","Sorafenib","pearson_corr","SupervisedVAE",0.397723138494374,"No Fine Tuning"
"5530","Sorafenib","pearson_corr","SupervisedVAE",0.31258623428671,"No Fine Tuning"
"5531","Sorafenib","pearson_corr","SupervisedVAE",0.371206157460221,"No Fine Tuning"
"5532","Sorafenib","pearson_corr","SupervisedVAE",0.237765320405973,"No Fine Tuning"
"5533","Sorafenib","pearson_corr","SupervisedVAE",0.279396427651756,"No Fine Tuning"
"5534","Sorafenib","pearson_corr","SupervisedVAE",0.37280966186255,"No Fine Tuning"
"5535","Sorafenib","pearson_corr","SupervisedVAE",0.302347045676302,"No Fine Tuning"
"5536","Sorafenib","pearson_corr","SupervisedVAE",0.183259395445231,"No Fine Tuning"
"5537","Sorafenib","pearson_corr","SupervisedVAE",0.216211505044759,"No Fine Tuning"
"5538","Sorafenib","pearson_corr","SupervisedVAE",0.277474916597425,"No Fine Tuning"
"5539","Sorafenib","pearson_corr","SupervisedVAE",0.17240544552573,"No Fine Tuning"
"5540","Sorafenib","pearson_corr","SupervisedVAE",0.312799959920999,"No Fine Tuning"
"5541","Sorafenib","pearson_corr","SupervisedVAE",0.0803804798958138,"No Fine Tuning"
"5542","Sorafenib","pearson_corr","SupervisedVAE",0.316193083885305,"No Fine Tuning"
"5543","Sorafenib","pearson_corr","SupervisedVAE",0.21823092986718,"No Fine Tuning"
"5544","Sorafenib","pearson_corr","SupervisedVAE",0.242699506204506,"No Fine Tuning"
"5545","Sorafenib","pearson_corr","SupervisedVAE",0.456599201899568,"No Fine Tuning"
"5546","Sorafenib","pearson_corr","SupervisedVAE",0.283350485383006,"No Fine Tuning"
"5547","Sorafenib","pearson_corr","SupervisedVAE",0.367535724800633,"No Fine Tuning"
"5548","Sorafenib","pearson_corr","SupervisedVAE",0.335540806565542,"No Fine Tuning"
"5549","Sorafenib","pearson_corr","SupervisedVAE",0.297801474262032,"No Fine Tuning"
"5550","Sorafenib","pearson_corr","SupervisedVAE",0.316620907935414,"No Fine Tuning"
"5551","Sorafenib","pearson_corr","SupervisedVAE",0.212832325191595,"No Fine Tuning"
"5552","Sorafenib","pearson_corr","SupervisedVAE",0.365247702997729,"No Fine Tuning"
"5553","Sorafenib","pearson_corr","SupervisedVAE",0.473781093574602,"No Fine Tuning"
"5554","Sorafenib","pearson_corr","SupervisedVAE",0.285977378452381,"No Fine Tuning"
"5555","Sorafenib","pearson_corr","SupervisedVAE",0.344483512042245,"No Fine Tuning"
"5556","Sorafenib","pearson_corr","SupervisedVAE",0.31985044173282,"No Fine Tuning"
"5557","Sorafenib","pearson_corr","SupervisedVAE",0.241111539527975,"No Fine Tuning"
"5558","Sorafenib","pearson_corr","SupervisedVAE",0.341151472324163,"No Fine Tuning"
"5559","Sorafenib","pearson_corr","SupervisedVAE",0.294199505201201,"No Fine Tuning"
"5560","Sorafenib","pearson_corr","SupervisedVAE",0.347391147910009,"No Fine Tuning"
"5561","Sorafenib","pearson_corr","SupervisedVAE",0.247435032350033,"No Fine Tuning"
"5562","Sorafenib","pearson_corr","SupervisedVAE",0.338325182494488,"No Fine Tuning"
"5563","Sorafenib","pearson_corr","SupervisedVAE",0.391167598330757,"No Fine Tuning"
"5564","Sorafenib","pearson_corr","SupervisedVAE",0.413991265363229,"No Fine Tuning"
"5565","Sorafenib","pearson_corr","SupervisedVAE",0.203652925497487,"No Fine Tuning"
"5566","Sorafenib","pearson_corr","SupervisedVAE",0.413184618170902,"No Fine Tuning"
"5567","Sorafenib","pearson_corr","SupervisedVAE",0.290166787803242,"No Fine Tuning"
"5568","Sorafenib","pearson_corr","SupervisedVAE",0.328857246662065,"No Fine Tuning"
"5569","Sorafenib","pearson_corr","SupervisedVAE",0.185642610440358,"No Fine Tuning"
"5570","Sorafenib","pearson_corr","SupervisedVAE",0.454912723863235,"No Fine Tuning"
"5571","Sorafenib","pearson_corr","SupervisedVAE",0.444420558711496,"No Fine Tuning"
"5572","Sorafenib","pearson_corr","SupervisedVAE",0.434925004632454,"No Fine Tuning"
"5573","Sorafenib","pearson_corr","SupervisedVAE",0.285297806848902,"No Fine Tuning"
"5574","Sorafenib","pearson_corr","SupervisedVAE",0.243149976398514,"No Fine Tuning"
"5575","Sorafenib","pearson_corr","SupervisedVAE",0.4991947336136,"No Fine Tuning"
"5576","Sorafenib","pearson_corr","SupervisedVAE",0.393103528597921,"No Fine Tuning"
"5577","Sorafenib","pearson_corr","SupervisedVAE",0.248895210528542,"No Fine Tuning"
"5578","Sorafenib","pearson_corr","SupervisedVAE",0.13985328790701,"No Fine Tuning"
"5579","Sorafenib","pearson_corr","SupervisedVAE",0.370937670200811,"No Fine Tuning"
"5580","Sorafenib","pearson_corr","SupervisedVAE",0.336658561777087,"No Fine Tuning"
"5581","Sorafenib","pearson_corr","SupervisedVAE",0.519102669397723,"No Fine Tuning"
"5582","Sorafenib","pearson_corr","SupervisedVAE",0.363557424911901,"No Fine Tuning"
"5583","Sorafenib","pearson_corr","SupervisedVAE",0.225095498458582,"No Fine Tuning"
"5584","Sorafenib","pearson_corr","SupervisedVAE",0.362952379761519,"No Fine Tuning"
"5585","Sorafenib","pearson_corr","SupervisedVAE",0.38364387176314,"No Fine Tuning"
"5586","Sorafenib","pearson_corr","SupervisedVAE",0.212004534445006,"No Fine Tuning"
"5587","Sorafenib","pearson_corr","SupervisedVAE",0.347816471695421,"No Fine Tuning"
"5588","Sorafenib","pearson_corr","SupervisedVAE",0.15892766721648,"No Fine Tuning"
"5589","Sorafenib","pearson_corr","SupervisedVAE",0.25364845695339,"No Fine Tuning"
"5590","Sorafenib","pearson_corr","SupervisedVAE",0.310331467361551,"No Fine Tuning"
"5591","Sorafenib","pearson_corr","SupervisedVAE",0.16161057941852,"No Fine Tuning"
"5592","Sorafenib","pearson_corr","SupervisedVAE",0.153018875398393,"No Fine Tuning"
"5593","Sorafenib","pearson_corr","SupervisedVAE",0.285941300896371,"No Fine Tuning"
"5594","Sorafenib","pearson_corr","SupervisedVAE",0.341658781471142,"No Fine Tuning"
"5595","Sorafenib","pearson_corr","SupervisedVAE",0.378161528937816,"No Fine Tuning"
"5596","Sorafenib","pearson_corr","SupervisedVAE",0.303960838192384,"No Fine Tuning"
"5597","Sorafenib","pearson_corr","SupervisedVAE",0.313641243256487,"No Fine Tuning"
"5598","Sorafenib","pearson_corr","SupervisedVAE",0.307068580198584,"No Fine Tuning"
"5599","Sorafenib","pearson_corr","SupervisedVAE",0.406924669839652,"No Fine Tuning"
"5600","Sorafenib","pearson_corr","SupervisedVAE",0.247809756402065,"No Fine Tuning"
"5601","cancertype","f1_score","DirectPred_finetuned",0.870890739565369,"With Fine Tuning"
"5602","cancertype","f1_score","DirectPred_finetuned",0.917112004622868,"With Fine Tuning"
"5603","cancertype","f1_score","DirectPred_finetuned",0.852605307773669,"With Fine Tuning"
"5604","cancertype","f1_score","DirectPred_finetuned",0.88107252075142,"With Fine Tuning"
"5605","cancertype","f1_score","DirectPred_finetuned",0.917263007197107,"With Fine Tuning"
"5606","cancertype","f1_score","DirectPred_finetuned",0.879214974627819,"With Fine Tuning"
"5607","cancertype","f1_score","DirectPred_finetuned",0.889133762288662,"With Fine Tuning"
"5608","cancertype","f1_score","DirectPred_finetuned",0.935151455364536,"With Fine Tuning"
"5609","cancertype","f1_score","DirectPred_finetuned",0.879075472979583,"With Fine Tuning"
"5610","cancertype","f1_score","DirectPred_finetuned",0.917575491466272,"With Fine Tuning"
"5611","cancertype","f1_score","DirectPred_finetuned",0.880417695245815,"With Fine Tuning"
"5612","cancertype","f1_score","DirectPred_finetuned",0.908378305450621,"With Fine Tuning"
"5613","cancertype","f1_score","DirectPred_finetuned",0.825397796772284,"With Fine Tuning"
"5614","cancertype","f1_score","DirectPred_finetuned",0.926530951320977,"With Fine Tuning"
"5615","cancertype","f1_score","DirectPred_finetuned",0.87112580897518,"With Fine Tuning"
"5616","cancertype","f1_score","DirectPred_finetuned",0.898313197959936,"With Fine Tuning"
"5617","cancertype","f1_score","DirectPred_finetuned",0.907425490535491,"With Fine Tuning"
"5618","cancertype","f1_score","DirectPred_finetuned",0.907980120361319,"With Fine Tuning"
"5619","cancertype","f1_score","DirectPred_finetuned",0.854348357287247,"With Fine Tuning"
"5620","cancertype","f1_score","DirectPred_finetuned",0.868521047178184,"With Fine Tuning"
"5621","cancertype","f1_score","DirectPred_finetuned",0.907963378494807,"With Fine Tuning"
"5622","cancertype","f1_score","DirectPred_finetuned",0.852914222690129,"With Fine Tuning"
"5623","cancertype","f1_score","DirectPred_finetuned",0.861971577621874,"With Fine Tuning"
"5624","cancertype","f1_score","DirectPred_finetuned",0.925935469159158,"With Fine Tuning"
"5625","cancertype","f1_score","DirectPred_finetuned",0.917775075838522,"With Fine Tuning"
"5626","cancertype","f1_score","DirectPred_finetuned",0.888840948315015,"With Fine Tuning"
"5627","cancertype","f1_score","DirectPred_finetuned",0.926735701012124,"With Fine Tuning"
"5628","cancertype","f1_score","DirectPred_finetuned",0.842623909581589,"With Fine Tuning"
"5629","cancertype","f1_score","DirectPred_finetuned",0.900450633701986,"With Fine Tuning"
"5630","cancertype","f1_score","DirectPred_finetuned",0.879811434651904,"With Fine Tuning"
"5631","cancertype","f1_score","DirectPred_finetuned",0.860814943383751,"With Fine Tuning"
"5632","cancertype","f1_score","DirectPred_finetuned",0.917825527120554,"With Fine Tuning"
"5633","cancertype","f1_score","DirectPred_finetuned",0.891168221044567,"With Fine Tuning"
"5634","cancertype","f1_score","DirectPred_finetuned",0.908271481941023,"With Fine Tuning"
"5635","cancertype","f1_score","DirectPred_finetuned",0.850578878101814,"With Fine Tuning"
"5636","cancertype","f1_score","DirectPred_finetuned",0.909924776655824,"With Fine Tuning"
"5637","cancertype","f1_score","DirectPred_finetuned",0.880521555994196,"With Fine Tuning"
"5638","cancertype","f1_score","DirectPred_finetuned",0.935277357546518,"With Fine Tuning"
"5639","cancertype","f1_score","DirectPred_finetuned",0.871569276355874,"With Fine Tuning"
"5640","cancertype","f1_score","DirectPred_finetuned",0.908067224970581,"With Fine Tuning"
"5641","cancertype","f1_score","DirectPred_finetuned",0.860508345291036,"With Fine Tuning"
"5642","cancertype","f1_score","DirectPred_finetuned",0.87957887736137,"With Fine Tuning"
"5643","cancertype","f1_score","DirectPred_finetuned",0.889221341858957,"With Fine Tuning"
"5644","cancertype","f1_score","DirectPred_finetuned",0.897637719460212,"With Fine Tuning"
"5645","cancertype","f1_score","DirectPred_finetuned",0.878206940268462,"With Fine Tuning"
"5646","cancertype","f1_score","DirectPred_finetuned",0.907862696853522,"With Fine Tuning"
"5647","cancertype","f1_score","DirectPred_finetuned",0.944300672644577,"With Fine Tuning"
"5648","cancertype","f1_score","DirectPred_finetuned",0.908256880733945,"With Fine Tuning"
"5649","cancertype","f1_score","DirectPred_finetuned",0.908868501529052,"With Fine Tuning"
"5650","cancertype","f1_score","DirectPred_finetuned",0.889810676355019,"With Fine Tuning"
"5651","cancertype","f1_score","DirectPred_finetuned",0.825105291204929,"With Fine Tuning"
"5652","cancertype","f1_score","DirectPred_finetuned",0.871633746196085,"With Fine Tuning"
"5653","cancertype","f1_score","DirectPred_finetuned",0.92479433100315,"With Fine Tuning"
"5654","cancertype","f1_score","DirectPred_finetuned",0.870526489792545,"With Fine Tuning"
"5655","cancertype","f1_score","DirectPred_finetuned",0.884929888619558,"With Fine Tuning"
"5656","cancertype","f1_score","DirectPred_finetuned",0.814670963733207,"With Fine Tuning"
"5657","cancertype","f1_score","DirectPred_finetuned",0.935706116442072,"With Fine Tuning"
"5658","cancertype","f1_score","DirectPred_finetuned",0.851743148755968,"With Fine Tuning"
"5659","cancertype","f1_score","DirectPred_finetuned",0.888843717437929,"With Fine Tuning"
"5660","cancertype","f1_score","DirectPred_finetuned",0.917281098028258,"With Fine Tuning"
"5661","cancertype","f1_score","DirectPred_finetuned",0.871048731151965,"With Fine Tuning"
"5662","cancertype","f1_score","DirectPred_finetuned",0.870814220183486,"With Fine Tuning"
"5663","cancertype","f1_score","DirectPred_finetuned",0.916402654554366,"With Fine Tuning"
"5664","cancertype","f1_score","DirectPred_finetuned",0.936225532072949,"With Fine Tuning"
"5665","cancertype","f1_score","DirectPred_finetuned",0.918012715558671,"With Fine Tuning"
"5666","cancertype","f1_score","DirectPred_finetuned",0.907591982866093,"With Fine Tuning"
"5667","cancertype","f1_score","DirectPred_finetuned",0.870645944086892,"With Fine Tuning"
"5668","cancertype","f1_score","DirectPred_finetuned",0.899319481210187,"With Fine Tuning"
"5669","cancertype","f1_score","DirectPred_finetuned",0.852730076678937,"With Fine Tuning"
"5670","cancertype","f1_score","DirectPred_finetuned",0.943968377428845,"With Fine Tuning"
"5671","cancertype","f1_score","DirectPred_finetuned",0.899919480607581,"With Fine Tuning"
"5672","cancertype","f1_score","DirectPred_finetuned",0.888471905579766,"With Fine Tuning"
"5673","cancertype","f1_score","DirectPred_finetuned",0.898069709582426,"With Fine Tuning"
"5674","cancertype","f1_score","DirectPred_finetuned",0.926135027052458,"With Fine Tuning"
"5675","cancertype","f1_score","DirectPred_finetuned",0.879513097183073,"With Fine Tuning"
"5676","cancertype","f1_score","DirectPred_finetuned",0.862251760073138,"With Fine Tuning"
"5677","cancertype","f1_score","DirectPred_finetuned",0.86149531818009,"With Fine Tuning"
"5678","cancertype","f1_score","DirectPred_finetuned",0.881090946786508,"With Fine Tuning"
"5679","cancertype","f1_score","DirectPred_finetuned",0.84231491262092,"With Fine Tuning"
"5680","cancertype","f1_score","DirectPred_finetuned",0.860623075392214,"With Fine Tuning"
"5681","cancertype","f1_score","DirectPred_finetuned",0.909139111798281,"With Fine Tuning"
"5682","cancertype","f1_score","DirectPred_finetuned",0.908400836313366,"With Fine Tuning"
"5683","cancertype","f1_score","DirectPred_finetuned",0.851836677540309,"With Fine Tuning"
"5684","cancertype","f1_score","DirectPred_finetuned",0.908388546701271,"With Fine Tuning"
"5685","cancertype","f1_score","DirectPred_finetuned",0.853497706422018,"With Fine Tuning"
"5686","cancertype","f1_score","DirectPred_finetuned",0.944790035056314,"With Fine Tuning"
"5687","cancertype","f1_score","DirectPred_finetuned",0.870082507313139,"With Fine Tuning"
"5688","cancertype","f1_score","DirectPred_finetuned",0.907978871281624,"With Fine Tuning"
"5689","cancertype","f1_score","DirectPred_finetuned",0.879079788712816,"With Fine Tuning"
"5690","cancertype","f1_score","DirectPred_finetuned",0.8534252949218,"With Fine Tuning"
"5691","cancertype","f1_score","DirectPred_finetuned",0.91674563968142,"With Fine Tuning"
"5692","cancertype","f1_score","DirectPred_finetuned",0.917496694218259,"With Fine Tuning"
"5693","cancertype","f1_score","DirectPred_finetuned",0.889553072362881,"With Fine Tuning"
"5694","cancertype","f1_score","DirectPred_finetuned",0.917169880276,"With Fine Tuning"
"5695","cancertype","f1_score","DirectPred_finetuned",0.853222334214284,"With Fine Tuning"
"5696","cancertype","f1_score","DirectPred_finetuned",0.936232725583556,"With Fine Tuning"
"5697","cancertype","f1_score","DirectPred_finetuned",0.852247041616806,"With Fine Tuning"
"5698","cancertype","f1_score","DirectPred_finetuned",0.873474711013111,"With Fine Tuning"
"5699","cancertype","f1_score","DirectPred_finetuned",0.925651476340871,"With Fine Tuning"
"5700","cancertype","f1_score","DirectPred_finetuned",0.94436567509962,"With Fine Tuning"
"5701","cancertype","f1_score","DirectPred",0.264744429882045,"No Fine Tuning"
"5702","cancertype","f1_score","DirectPred",0.339352458618514,"No Fine Tuning"
"5703","cancertype","f1_score","DirectPred",0.310222307838432,"No Fine Tuning"
"5704","cancertype","f1_score","DirectPred",0.29323661190527,"No Fine Tuning"
"5705","cancertype","f1_score","DirectPred",0.333060444410778,"No Fine Tuning"
"5706","cancertype","f1_score","DirectPred",0.350705966556054,"No Fine Tuning"
"5707","cancertype","f1_score","DirectPred",0.285551242576834,"No Fine Tuning"
"5708","cancertype","f1_score","DirectPred",0.377568356598501,"No Fine Tuning"
"5709","cancertype","f1_score","DirectPred",0.322671641695356,"No Fine Tuning"
"5710","cancertype","f1_score","DirectPred",0.32863311195805,"No Fine Tuning"
"5711","cancertype","f1_score","DirectPred",0.292269358691042,"No Fine Tuning"
"5712","cancertype","f1_score","DirectPred",0.386892626571526,"No Fine Tuning"
"5713","cancertype","f1_score","DirectPred",0.379654614139234,"No Fine Tuning"
"5714","cancertype","f1_score","DirectPred",0.385448743518149,"No Fine Tuning"
"5715","cancertype","f1_score","DirectPred",0.377035491726473,"No Fine Tuning"
"5716","cancertype","f1_score","DirectPred",0.356330275229358,"No Fine Tuning"
"5717","cancertype","f1_score","DirectPred",0.377758202092688,"No Fine Tuning"
"5718","cancertype","f1_score","DirectPred",0.358814867243897,"No Fine Tuning"
"5719","cancertype","f1_score","DirectPred",0.236239241537244,"No Fine Tuning"
"5720","cancertype","f1_score","DirectPred",0.343270632972145,"No Fine Tuning"
"5721","cancertype","f1_score","DirectPred",0.411878319652342,"No Fine Tuning"
"5722","cancertype","f1_score","DirectPred",0.220720505834295,"No Fine Tuning"
"5723","cancertype","f1_score","DirectPred",0.344425886493946,"No Fine Tuning"
"5724","cancertype","f1_score","DirectPred",0.361708169506335,"No Fine Tuning"
"5725","cancertype","f1_score","DirectPred",0.266303693947906,"No Fine Tuning"
"5726","cancertype","f1_score","DirectPred",0.491371778069026,"No Fine Tuning"
"5727","cancertype","f1_score","DirectPred",0.386454398273071,"No Fine Tuning"
"5728","cancertype","f1_score","DirectPred",0.252034815337568,"No Fine Tuning"
"5729","cancertype","f1_score","DirectPred",0.358357574401432,"No Fine Tuning"
"5730","cancertype","f1_score","DirectPred",0.330862313798123,"No Fine Tuning"
"5731","cancertype","f1_score","DirectPred",0.284129103113964,"No Fine Tuning"
"5732","cancertype","f1_score","DirectPred",0.415279991194192,"No Fine Tuning"
"5733","cancertype","f1_score","DirectPred",0.274736645020152,"No Fine Tuning"
"5734","cancertype","f1_score","DirectPred",0.337007145795171,"No Fine Tuning"
"5735","cancertype","f1_score","DirectPred",0.325465531665008,"No Fine Tuning"
"5736","cancertype","f1_score","DirectPred",0.352122145583607,"No Fine Tuning"
"5737","cancertype","f1_score","DirectPred",0.328999300143304,"No Fine Tuning"
"5738","cancertype","f1_score","DirectPred",0.337476570977607,"No Fine Tuning"
"5739","cancertype","f1_score","DirectPred",0.354411893361018,"No Fine Tuning"
"5740","cancertype","f1_score","DirectPred",0.250490170380079,"No Fine Tuning"
"5741","cancertype","f1_score","DirectPred",0.274766787448924,"No Fine Tuning"
"5742","cancertype","f1_score","DirectPred",0.371846491794806,"No Fine Tuning"
"5743","cancertype","f1_score","DirectPred",0.328753549848274,"No Fine Tuning"
"5744","cancertype","f1_score","DirectPred",0.384869033373222,"No Fine Tuning"
"5745","cancertype","f1_score","DirectPred",0.361141096899484,"No Fine Tuning"
"5746","cancertype","f1_score","DirectPred",0.293163590203576,"No Fine Tuning"
"5747","cancertype","f1_score","DirectPred",0.384432641236118,"No Fine Tuning"
"5748","cancertype","f1_score","DirectPred",0.371134831350223,"No Fine Tuning"
"5749","cancertype","f1_score","DirectPred",0.295861365953109,"No Fine Tuning"
"5750","cancertype","f1_score","DirectPred",0.312917827681531,"No Fine Tuning"
"5751","cancertype","f1_score","DirectPred",0.348907939372671,"No Fine Tuning"
"5752","cancertype","f1_score","DirectPred",0.337071015970099,"No Fine Tuning"
"5753","cancertype","f1_score","DirectPred",0.36900555815978,"No Fine Tuning"
"5754","cancertype","f1_score","DirectPred",0.319863113441095,"No Fine Tuning"
"5755","cancertype","f1_score","DirectPred",0.260693435005362,"No Fine Tuning"
"5756","cancertype","f1_score","DirectPred",0.300722750833475,"No Fine Tuning"
"5757","cancertype","f1_score","DirectPred",0.229075511644319,"No Fine Tuning"
"5758","cancertype","f1_score","DirectPred",0.329697080347498,"No Fine Tuning"
"5759","cancertype","f1_score","DirectPred",0.36867627785059,"No Fine Tuning"
"5760","cancertype","f1_score","DirectPred",0.412157981113293,"No Fine Tuning"
"5761","cancertype","f1_score","DirectPred",0.338461063231705,"No Fine Tuning"
"5762","cancertype","f1_score","DirectPred",0.344019245381296,"No Fine Tuning"
"5763","cancertype","f1_score","DirectPred",0.3613385507437,"No Fine Tuning"
"5764","cancertype","f1_score","DirectPred",0.378572474517569,"No Fine Tuning"
"5765","cancertype","f1_score","DirectPred",0.358080079902699,"No Fine Tuning"
"5766","cancertype","f1_score","DirectPred",0.285065085305006,"No Fine Tuning"
"5767","cancertype","f1_score","DirectPred",0.324934958236341,"No Fine Tuning"
"5768","cancertype","f1_score","DirectPred",0.306074506533222,"No Fine Tuning"
"5769","cancertype","f1_score","DirectPred",0.238384028754703,"No Fine Tuning"
"5770","cancertype","f1_score","DirectPred",0.352176650476704,"No Fine Tuning"
"5771","cancertype","f1_score","DirectPred",0.32215159554126,"No Fine Tuning"
"5772","cancertype","f1_score","DirectPred",0.302532568648119,"No Fine Tuning"
"5773","cancertype","f1_score","DirectPred",0.312128873799032,"No Fine Tuning"
"5774","cancertype","f1_score","DirectPred",0.30349171573326,"No Fine Tuning"
"5775","cancertype","f1_score","DirectPred",0.30147571956222,"No Fine Tuning"
"5776","cancertype","f1_score","DirectPred",0.348848713797446,"No Fine Tuning"
"5777","cancertype","f1_score","DirectPred",0.414830201501484,"No Fine Tuning"
"5778","cancertype","f1_score","DirectPred",0.349856536631679,"No Fine Tuning"
"5779","cancertype","f1_score","DirectPred",0.360280392390484,"No Fine Tuning"
"5780","cancertype","f1_score","DirectPred",0.347650820127884,"No Fine Tuning"
"5781","cancertype","f1_score","DirectPred",0.257240903224515,"No Fine Tuning"
"5782","cancertype","f1_score","DirectPred",0.418037905596483,"No Fine Tuning"
"5783","cancertype","f1_score","DirectPred",0.39059290702451,"No Fine Tuning"
"5784","cancertype","f1_score","DirectPred",0.355459400246474,"No Fine Tuning"
"5785","cancertype","f1_score","DirectPred",0.34163823388177,"No Fine Tuning"
"5786","cancertype","f1_score","DirectPred",0.436343492458405,"No Fine Tuning"
"5787","cancertype","f1_score","DirectPred",0.295972177789703,"No Fine Tuning"
"5788","cancertype","f1_score","DirectPred",0.340592198765741,"No Fine Tuning"
"5789","cancertype","f1_score","DirectPred",0.347688323209046,"No Fine Tuning"
"5790","cancertype","f1_score","DirectPred",0.335897730867677,"No Fine Tuning"
"5791","cancertype","f1_score","DirectPred",0.324646478581776,"No Fine Tuning"
"5792","cancertype","f1_score","DirectPred",0.401836960969826,"No Fine Tuning"
"5793","cancertype","f1_score","DirectPred",0.275309366332409,"No Fine Tuning"
"5794","cancertype","f1_score","DirectPred",0.330056793359546,"No Fine Tuning"
"5795","cancertype","f1_score","DirectPred",0.316499860995274,"No Fine Tuning"
"5796","cancertype","f1_score","DirectPred",0.388718994223581,"No Fine Tuning"
"5797","cancertype","f1_score","DirectPred",0.249235474006116,"No Fine Tuning"
"5798","cancertype","f1_score","DirectPred",0.348920543140364,"No Fine Tuning"
"5799","cancertype","f1_score","DirectPred",0.299882644189174,"No Fine Tuning"
"5800","cancertype","f1_score","DirectPred",0.30845914902839,"No Fine Tuning"
"5801","cancertype","f1_score","GNN",0.0983540205072855,"No Fine Tuning"
"5802","cancertype","f1_score","GNN",0.18024090370093,"No Fine Tuning"
"5803","cancertype","f1_score","GNN",0.172049767500314,"No Fine Tuning"
"5804","cancertype","f1_score","GNN",0.118804039337337,"No Fine Tuning"
"5805","cancertype","f1_score","GNN",0.133255254082894,"No Fine Tuning"
"5806","cancertype","f1_score","GNN",0.140715854761597,"No Fine Tuning"
"5807","cancertype","f1_score","GNN",0.133255254082894,"No Fine Tuning"
"5808","cancertype","f1_score","GNN",0.133255254082894,"No Fine Tuning"
"5809","cancertype","f1_score","GNN",0.188569303248202,"No Fine Tuning"
"5810","cancertype","f1_score","GNN",0.133255254082894,"No Fine Tuning"
"5811","cancertype","f1_score","GNN",0.172049767500314,"No Fine Tuning"
"5812","cancertype","f1_score","GNN",0.140715854761597,"No Fine Tuning"
"5813","cancertype","f1_score","GNN",0.232176050848474,"No Fine Tuning"
"5814","cancertype","f1_score","GNN",0.163998734577665,"No Fine Tuning"
"5815","cancertype","f1_score","GNN",0.156090723751274,"No Fine Tuning"
"5816","cancertype","f1_score","GNN",0.133255254082894,"No Fine Tuning"
"5817","cancertype","f1_score","GNN",0.259821218536815,"No Fine Tuning"
"5818","cancertype","f1_score","GNN",0.118804039337337,"No Fine Tuning"
"5819","cancertype","f1_score","GNN",0.197032202450588,"No Fine Tuning"
"5820","cancertype","f1_score","GNN",0.140715854761597,"No Fine Tuning"
"5821","cancertype","f1_score","GNN",0.18024090370093,"No Fine Tuning"
"5822","cancertype","f1_score","GNN",0.205626911314985,"No Fine Tuning"
"5823","cancertype","f1_score","GNN",0.172049767500314,"No Fine Tuning"
"5824","cancertype","f1_score","GNN",0.223201352003863,"No Fine Tuning"
"5825","cancertype","f1_score","GNN",0.148328735484699,"No Fine Tuning"
"5826","cancertype","f1_score","GNN",0.188569303248202,"No Fine Tuning"
"5827","cancertype","f1_score","GNN",0.156090723751274,"No Fine Tuning"
"5828","cancertype","f1_score","GNN",0.140715854761597,"No Fine Tuning"
"5829","cancertype","f1_score","GNN",0.156090723751274,"No Fine Tuning"
"5830","cancertype","f1_score","GNN",0.148328735484699,"No Fine Tuning"
"5831","cancertype","f1_score","GNN",0.197032202450588,"No Fine Tuning"
"5832","cancertype","f1_score","GNN",0.197032202450588,"No Fine Tuning"
"5833","cancertype","f1_score","GNN",0.172049767500314,"No Fine Tuning"
"5834","cancertype","f1_score","GNN",0.205626911314985,"No Fine Tuning"
"5835","cancertype","f1_score","GNN",0.250488310150932,"No Fine Tuning"
"5836","cancertype","f1_score","GNN",0.133255254082894,"No Fine Tuning"
"5837","cancertype","f1_score","GNN",0.118804039337337,"No Fine Tuning"
"5838","cancertype","f1_score","GNN",0.232176050848474,"No Fine Tuning"
"5839","cancertype","f1_score","GNN",0.205626911314985,"No Fine Tuning"
"5840","cancertype","f1_score","GNN",0.241272488978911,"No Fine Tuning"
"5841","cancertype","f1_score","GNN",0.214350811106386,"No Fine Tuning"
"5842","cancertype","f1_score","GNN",0.172049767500314,"No Fine Tuning"
"5843","cancertype","f1_score","GNN",0.288500375050488,"No Fine Tuning"
"5844","cancertype","f1_score","GNN",0.205626911314985,"No Fine Tuning"
"5845","cancertype","f1_score","GNN",0.188569303248202,"No Fine Tuning"
"5846","cancertype","f1_score","GNN",0.205626911314985,"No Fine Tuning"
"5847","cancertype","f1_score","GNN",0.133255254082894,"No Fine Tuning"
"5848","cancertype","f1_score","GNN",0.148328735484699,"No Fine Tuning"
"5849","cancertype","f1_score","GNN",0.18024090370093,"No Fine Tuning"
"5850","cancertype","f1_score","GNN",0.163998734577665,"No Fine Tuning"
"5851","cancertype","f1_score","GNN",0.205626911314985,"No Fine Tuning"
"5852","cancertype","f1_score","GNN",0.197032202450588,"No Fine Tuning"
"5853","cancertype","f1_score","GNN",0.172049767500314,"No Fine Tuning"
"5854","cancertype","f1_score","GNN",0.18024090370093,"No Fine Tuning"
"5855","cancertype","f1_score","GNN",0.0983540205072855,"No Fine Tuning"
"5856","cancertype","f1_score","GNN",0.241272488978911,"No Fine Tuning"
"5857","cancertype","f1_score","GNN",0.197032202450588,"No Fine Tuning"
"5858","cancertype","f1_score","GNN",0.188569303248202,"No Fine Tuning"
"5859","cancertype","f1_score","GNN",0.163998734577665,"No Fine Tuning"
"5860","cancertype","f1_score","GNN",0.214350811106386,"No Fine Tuning"
"5861","cancertype","f1_score","GNN",0.172049767500314,"No Fine Tuning"
"5862","cancertype","f1_score","GNN",0.172049767500314,"No Fine Tuning"
"5863","cancertype","f1_score","GNN",0.156090723751274,"No Fine Tuning"
"5864","cancertype","f1_score","GNN",0.197032202450588,"No Fine Tuning"
"5865","cancertype","f1_score","GNN",0.163998734577665,"No Fine Tuning"
"5866","cancertype","f1_score","GNN",0.223201352003863,"No Fine Tuning"
"5867","cancertype","f1_score","GNN",0.188569303248202,"No Fine Tuning"
"5868","cancertype","f1_score","GNN",0.288500375050488,"No Fine Tuning"
"5869","cancertype","f1_score","GNN",0.0677918621752224,"No Fine Tuning"
"5870","cancertype","f1_score","GNN",0.156090723751274,"No Fine Tuning"
"5871","cancertype","f1_score","GNN",0.18024090370093,"No Fine Tuning"
"5872","cancertype","f1_score","GNN",0.118804039337337,"No Fine Tuning"
"5873","cancertype","f1_score","GNN",0.250488310150932,"No Fine Tuning"
"5874","cancertype","f1_score","GNN",0.140715854761597,"No Fine Tuning"
"5875","cancertype","f1_score","GNN",0.163998734577665,"No Fine Tuning"
"5876","cancertype","f1_score","GNN",0.172049767500314,"No Fine Tuning"
"5877","cancertype","f1_score","GNN",0.156090723751274,"No Fine Tuning"
"5878","cancertype","f1_score","GNN",0.156090723751274,"No Fine Tuning"
"5879","cancertype","f1_score","GNN",0.18024090370093,"No Fine Tuning"
"5880","cancertype","f1_score","GNN",0.111820236670655,"No Fine Tuning"
"5881","cancertype","f1_score","GNN",0.118804039337337,"No Fine Tuning"
"5882","cancertype","f1_score","GNN",0.172049767500314,"No Fine Tuning"
"5883","cancertype","f1_score","GNN",0.156090723751274,"No Fine Tuning"
"5884","cancertype","f1_score","GNN",0.172049767500314,"No Fine Tuning"
"5885","cancertype","f1_score","GNN",0.205626911314985,"No Fine Tuning"
"5886","cancertype","f1_score","GNN",0.18024090370093,"No Fine Tuning"
"5887","cancertype","f1_score","GNN",0.156090723751274,"No Fine Tuning"
"5888","cancertype","f1_score","GNN",0.214350811106386,"No Fine Tuning"
"5889","cancertype","f1_score","GNN",0.156090723751274,"No Fine Tuning"
"5890","cancertype","f1_score","GNN",0.214350811106386,"No Fine Tuning"
"5891","cancertype","f1_score","GNN",0.172049767500314,"No Fine Tuning"
"5892","cancertype","f1_score","GNN",0.214350811106386,"No Fine Tuning"
"5893","cancertype","f1_score","GNN",0.156090723751274,"No Fine Tuning"
"5894","cancertype","f1_score","GNN",0.18024090370093,"No Fine Tuning"
"5895","cancertype","f1_score","GNN",0.250488310150932,"No Fine Tuning"
"5896","cancertype","f1_score","GNN",0.197032202450588,"No Fine Tuning"
"5897","cancertype","f1_score","GNN",0.156090723751274,"No Fine Tuning"
"5898","cancertype","f1_score","GNN",0.298279816513761,"No Fine Tuning"
"5899","cancertype","f1_score","GNN",0.163998734577665,"No Fine Tuning"
"5900","cancertype","f1_score","GNN",0.214350811106386,"No Fine Tuning"
"5901","cancertype","f1_score","RandomForest",0.233879315725025,"No Fine Tuning"
"5902","cancertype","f1_score","RandomForest",0.194771012458326,"No Fine Tuning"
"5903","cancertype","f1_score","RandomForest",0.156090723751274,"No Fine Tuning"
"5904","cancertype","f1_score","RandomForest",0.225556114113359,"No Fine Tuning"
"5905","cancertype","f1_score","RandomForest",0.216156106064363,"No Fine Tuning"
"5906","cancertype","f1_score","RandomForest",0.242488465098659,"No Fine Tuning"
"5907","cancertype","f1_score","RandomForest",0.182930219627467,"No Fine Tuning"
"5908","cancertype","f1_score","RandomForest",0.223201352003863,"No Fine Tuning"
"5909","cancertype","f1_score","RandomForest",0.216253409372675,"No Fine Tuning"
"5910","cancertype","f1_score","RandomForest",0.251766589278406,"No Fine Tuning"
"5911","cancertype","f1_score","RandomForest",0.22596778195622,"No Fine Tuning"
"5912","cancertype","f1_score","RandomForest",0.205626911314985,"No Fine Tuning"
"5913","cancertype","f1_score","RandomForest",0.180240535384291,"No Fine Tuning"
"5914","cancertype","f1_score","RandomForest",0.223201352003863,"No Fine Tuning"
"5915","cancertype","f1_score","RandomForest",0.205626911314985,"No Fine Tuning"
"5916","cancertype","f1_score","RandomForest",0.207644692572609,"No Fine Tuning"
"5917","cancertype","f1_score","RandomForest",0.21792638599255,"No Fine Tuning"
"5918","cancertype","f1_score","RandomForest",0.197032202450588,"No Fine Tuning"
"5919","cancertype","f1_score","RandomForest",0.110465795880744,"No Fine Tuning"
"5920","cancertype","f1_score","RandomForest",0.214350811106386,"No Fine Tuning"
"5921","cancertype","f1_score","RandomForest",0.233657962832275,"No Fine Tuning"
"5922","cancertype","f1_score","RandomForest",0.137576690029821,"No Fine Tuning"
"5923","cancertype","f1_score","RandomForest",0.140715854761597,"No Fine Tuning"
"5924","cancertype","f1_score","RandomForest",0.226218703308059,"No Fine Tuning"
"5925","cancertype","f1_score","RandomForest",0.177384592980923,"No Fine Tuning"
"5926","cancertype","f1_score","RandomForest",0.278829404250377,"No Fine Tuning"
"5927","cancertype","f1_score","RandomForest",0.214350811106386,"No Fine Tuning"
"5928","cancertype","f1_score","RandomForest",0.159522797992904,"No Fine Tuning"
"5929","cancertype","f1_score","RandomForest",0.225866057083853,"No Fine Tuning"
"5930","cancertype","f1_score","RandomForest",0.156090723751274,"No Fine Tuning"
"5931","cancertype","f1_score","RandomForest",0.175083363716168,"No Fine Tuning"
"5932","cancertype","f1_score","RandomForest",0.279398580905016,"No Fine Tuning"
"5933","cancertype","f1_score","RandomForest",0.163998734577665,"No Fine Tuning"
"5934","cancertype","f1_score","RandomForest",0.209429746580376,"No Fine Tuning"
"5935","cancertype","f1_score","RandomForest",0.148328735484699,"No Fine Tuning"
"5936","cancertype","f1_score","RandomForest",0.250488310150932,"No Fine Tuning"
"5937","cancertype","f1_score","RandomForest",0.242436239414067,"No Fine Tuning"
"5938","cancertype","f1_score","RandomForest",0.22782874617737,"No Fine Tuning"
"5939","cancertype","f1_score","RandomForest",0.163998734577665,"No Fine Tuning"
"5940","cancertype","f1_score","RandomForest",0.152178036835207,"No Fine Tuning"
"5941","cancertype","f1_score","RandomForest",0.216285412786373,"No Fine Tuning"
"5942","cancertype","f1_score","RandomForest",0.250488310150932,"No Fine Tuning"
"5943","cancertype","f1_score","RandomForest",0.163061376862733,"No Fine Tuning"
"5944","cancertype","f1_score","RandomForest",0.242591258509601,"No Fine Tuning"
"5945","cancertype","f1_score","RandomForest",0.243584760699598,"No Fine Tuning"
"5946","cancertype","f1_score","RandomForest",0.19327958362507,"No Fine Tuning"
"5947","cancertype","f1_score","RandomForest",0.23357242146233,"No Fine Tuning"
"5948","cancertype","f1_score","RandomForest",0.2425038841103,"No Fine Tuning"
"5949","cancertype","f1_score","RandomForest",0.152085223644857,"No Fine Tuning"
"5950","cancertype","f1_score","RandomForest",0.268522619424233,"No Fine Tuning"
"5951","cancertype","f1_score","RandomForest",0.191148069477712,"No Fine Tuning"
"5952","cancertype","f1_score","RandomForest",0.197032202450588,"No Fine Tuning"
"5953","cancertype","f1_score","RandomForest",0.205626911314985,"No Fine Tuning"
"5954","cancertype","f1_score","RandomForest",0.156090723751274,"No Fine Tuning"
"5955","cancertype","f1_score","RandomForest",0.251396840725667,"No Fine Tuning"
"5956","cancertype","f1_score","RandomForest",0.148328735484699,"No Fine Tuning"
"5957","cancertype","f1_score","RandomForest",0.177675840978593,"No Fine Tuning"
"5958","cancertype","f1_score","RandomForest",0.197032202450588,"No Fine Tuning"
"5959","cancertype","f1_score","RandomForest",0.223201352003863,"No Fine Tuning"
"5960","cancertype","f1_score","RandomForest",0.207773999294619,"No Fine Tuning"
"5961","cancertype","f1_score","RandomForest",0.216229266446553,"No Fine Tuning"
"5962","cancertype","f1_score","RandomForest",0.22596778195622,"No Fine Tuning"
"5963","cancertype","f1_score","RandomForest",0.185146301874781,"No Fine Tuning"
"5964","cancertype","f1_score","RandomForest",0.191137414063163,"No Fine Tuning"
"5965","cancertype","f1_score","RandomForest",0.234478726304621,"No Fine Tuning"
"5966","cancertype","f1_score","RandomForest",0.177792340177661,"No Fine Tuning"
"5967","cancertype","f1_score","RandomForest",0.217634123193494,"No Fine Tuning"
"5968","cancertype","f1_score","RandomForest",0.117071415722252,"No Fine Tuning"
"5969","cancertype","f1_score","RandomForest",0.188569303248202,"No Fine Tuning"
"5970","cancertype","f1_score","RandomForest",0.242518446510184,"No Fine Tuning"
"5971","cancertype","f1_score","RandomForest",0.156090723751274,"No Fine Tuning"
"5972","cancertype","f1_score","RandomForest",0.18024090370093,"No Fine Tuning"
"5973","cancertype","f1_score","RandomForest",0.187827823590545,"No Fine Tuning"
"5974","cancertype","f1_score","RandomForest",0.172049767500314,"No Fine Tuning"
"5975","cancertype","f1_score","RandomForest",0.163998734577665,"No Fine Tuning"
"5976","cancertype","f1_score","RandomForest",0.243220990927413,"No Fine Tuning"
"5977","cancertype","f1_score","RandomForest",0.232176050848474,"No Fine Tuning"
"5978","cancertype","f1_score","RandomForest",0.224845897556937,"No Fine Tuning"
"5979","cancertype","f1_score","RandomForest",0.243268038680883,"No Fine Tuning"
"5980","cancertype","f1_score","RandomForest",0.259821218536815,"No Fine Tuning"
"5981","cancertype","f1_score","RandomForest",0.167130036805622,"No Fine Tuning"
"5982","cancertype","f1_score","RandomForest",0.241272488978911,"No Fine Tuning"
"5983","cancertype","f1_score","RandomForest",0.23361875637105,"No Fine Tuning"
"5984","cancertype","f1_score","RandomForest",0.234913353720693,"No Fine Tuning"
"5985","cancertype","f1_score","RandomForest",0.144768064971352,"No Fine Tuning"
"5986","cancertype","f1_score","RandomForest",0.197032202450588,"No Fine Tuning"
"5987","cancertype","f1_score","RandomForest",0.152046017183632,"No Fine Tuning"
"5988","cancertype","f1_score","RandomForest",0.261199525681832,"No Fine Tuning"
"5989","cancertype","f1_score","RandomForest",0.175021207131299,"No Fine Tuning"
"5990","cancertype","f1_score","RandomForest",0.207773999294619,"No Fine Tuning"
"5991","cancertype","f1_score","RandomForest",0.172049767500314,"No Fine Tuning"
"5992","cancertype","f1_score","RandomForest",0.188569303248202,"No Fine Tuning"
"5993","cancertype","f1_score","RandomForest",0.140715854761597,"No Fine Tuning"
"5994","cancertype","f1_score","RandomForest",0.175060413592524,"No Fine Tuning"
"5995","cancertype","f1_score","RandomForest",0.180383946252445,"No Fine Tuning"
"5996","cancertype","f1_score","RandomForest",0.234662672408413,"No Fine Tuning"
"5997","cancertype","f1_score","RandomForest",0.133255254082894,"No Fine Tuning"
"5998","cancertype","f1_score","RandomForest",0.137660703875303,"No Fine Tuning"
"5999","cancertype","f1_score","RandomForest",0.133255254082894,"No Fine Tuning"
"6000","cancertype","f1_score","RandomForest",0.152128988996922,"No Fine Tuning"
"6001","cancertype","f1_score","SVM",0.0983540205072855,"No Fine Tuning"
"6002","cancertype","f1_score","SVM",0.18024090370093,"No Fine Tuning"
"6003","cancertype","f1_score","SVM",0.172049767500314,"No Fine Tuning"
"6004","cancertype","f1_score","SVM",0.118804039337337,"No Fine Tuning"
"6005","cancertype","f1_score","SVM",0.133255254082894,"No Fine Tuning"
"6006","cancertype","f1_score","SVM",0.140715854761597,"No Fine Tuning"
"6007","cancertype","f1_score","SVM",0.133255254082894,"No Fine Tuning"
"6008","cancertype","f1_score","SVM",0.133255254082894,"No Fine Tuning"
"6009","cancertype","f1_score","SVM",0.188569303248202,"No Fine Tuning"
"6010","cancertype","f1_score","SVM",0.133255254082894,"No Fine Tuning"
"6011","cancertype","f1_score","SVM",0.172049767500314,"No Fine Tuning"
"6012","cancertype","f1_score","SVM",0.140715854761597,"No Fine Tuning"
"6013","cancertype","f1_score","SVM",0.232176050848474,"No Fine Tuning"
"6014","cancertype","f1_score","SVM",0.163998734577665,"No Fine Tuning"
"6015","cancertype","f1_score","SVM",0.156090723751274,"No Fine Tuning"
"6016","cancertype","f1_score","SVM",0.133255254082894,"No Fine Tuning"
"6017","cancertype","f1_score","SVM",0.259821218536815,"No Fine Tuning"
"6018","cancertype","f1_score","SVM",0.118804039337337,"No Fine Tuning"
"6019","cancertype","f1_score","SVM",0.197032202450588,"No Fine Tuning"
"6020","cancertype","f1_score","SVM",0.140715854761597,"No Fine Tuning"
"6021","cancertype","f1_score","SVM",0.18024090370093,"No Fine Tuning"
"6022","cancertype","f1_score","SVM",0.205626911314985,"No Fine Tuning"
"6023","cancertype","f1_score","SVM",0.172049767500314,"No Fine Tuning"
"6024","cancertype","f1_score","SVM",0.223201352003863,"No Fine Tuning"
"6025","cancertype","f1_score","SVM",0.148328735484699,"No Fine Tuning"
"6026","cancertype","f1_score","SVM",0.188569303248202,"No Fine Tuning"
"6027","cancertype","f1_score","SVM",0.156090723751274,"No Fine Tuning"
"6028","cancertype","f1_score","SVM",0.140715854761597,"No Fine Tuning"
"6029","cancertype","f1_score","SVM",0.156090723751274,"No Fine Tuning"
"6030","cancertype","f1_score","SVM",0.148328735484699,"No Fine Tuning"
"6031","cancertype","f1_score","SVM",0.197032202450588,"No Fine Tuning"
"6032","cancertype","f1_score","SVM",0.197032202450588,"No Fine Tuning"
"6033","cancertype","f1_score","SVM",0.172049767500314,"No Fine Tuning"
"6034","cancertype","f1_score","SVM",0.205626911314985,"No Fine Tuning"
"6035","cancertype","f1_score","SVM",0.250488310150932,"No Fine Tuning"
"6036","cancertype","f1_score","SVM",0.133255254082894,"No Fine Tuning"
"6037","cancertype","f1_score","SVM",0.118804039337337,"No Fine Tuning"
"6038","cancertype","f1_score","SVM",0.232176050848474,"No Fine Tuning"
"6039","cancertype","f1_score","SVM",0.205626911314985,"No Fine Tuning"
"6040","cancertype","f1_score","SVM",0.241272488978911,"No Fine Tuning"
"6041","cancertype","f1_score","SVM",0.214350811106386,"No Fine Tuning"
"6042","cancertype","f1_score","SVM",0.172049767500314,"No Fine Tuning"
"6043","cancertype","f1_score","SVM",0.288500375050488,"No Fine Tuning"
"6044","cancertype","f1_score","SVM",0.205626911314985,"No Fine Tuning"
"6045","cancertype","f1_score","SVM",0.188569303248202,"No Fine Tuning"
"6046","cancertype","f1_score","SVM",0.205626911314985,"No Fine Tuning"
"6047","cancertype","f1_score","SVM",0.133255254082894,"No Fine Tuning"
"6048","cancertype","f1_score","SVM",0.148328735484699,"No Fine Tuning"
"6049","cancertype","f1_score","SVM",0.18024090370093,"No Fine Tuning"
"6050","cancertype","f1_score","SVM",0.163998734577665,"No Fine Tuning"
"6051","cancertype","f1_score","SVM",0.205626911314985,"No Fine Tuning"
"6052","cancertype","f1_score","SVM",0.197032202450588,"No Fine Tuning"
"6053","cancertype","f1_score","SVM",0.172049767500314,"No Fine Tuning"
"6054","cancertype","f1_score","SVM",0.18024090370093,"No Fine Tuning"
"6055","cancertype","f1_score","SVM",0.0983540205072855,"No Fine Tuning"
"6056","cancertype","f1_score","SVM",0.241272488978911,"No Fine Tuning"
"6057","cancertype","f1_score","SVM",0.197032202450588,"No Fine Tuning"
"6058","cancertype","f1_score","SVM",0.188569303248202,"No Fine Tuning"
"6059","cancertype","f1_score","SVM",0.163998734577665,"No Fine Tuning"
"6060","cancertype","f1_score","SVM",0.214350811106386,"No Fine Tuning"
"6061","cancertype","f1_score","SVM",0.172049767500314,"No Fine Tuning"
"6062","cancertype","f1_score","SVM",0.172049767500314,"No Fine Tuning"
"6063","cancertype","f1_score","SVM",0.156090723751274,"No Fine Tuning"
"6064","cancertype","f1_score","SVM",0.197032202450588,"No Fine Tuning"
"6065","cancertype","f1_score","SVM",0.163998734577665,"No Fine Tuning"
"6066","cancertype","f1_score","SVM",0.223201352003863,"No Fine Tuning"
"6067","cancertype","f1_score","SVM",0.188569303248202,"No Fine Tuning"
"6068","cancertype","f1_score","SVM",0.288500375050488,"No Fine Tuning"
"6069","cancertype","f1_score","SVM",0.0677918621752224,"No Fine Tuning"
"6070","cancertype","f1_score","SVM",0.156090723751274,"No Fine Tuning"
"6071","cancertype","f1_score","SVM",0.18024090370093,"No Fine Tuning"
"6072","cancertype","f1_score","SVM",0.118804039337337,"No Fine Tuning"
"6073","cancertype","f1_score","SVM",0.250488310150932,"No Fine Tuning"
"6074","cancertype","f1_score","SVM",0.140715854761597,"No Fine Tuning"
"6075","cancertype","f1_score","SVM",0.163998734577665,"No Fine Tuning"
"6076","cancertype","f1_score","SVM",0.172049767500314,"No Fine Tuning"
"6077","cancertype","f1_score","SVM",0.156090723751274,"No Fine Tuning"
"6078","cancertype","f1_score","SVM",0.156090723751274,"No Fine Tuning"
"6079","cancertype","f1_score","SVM",0.18024090370093,"No Fine Tuning"
"6080","cancertype","f1_score","SVM",0.111820236670655,"No Fine Tuning"
"6081","cancertype","f1_score","SVM",0.118804039337337,"No Fine Tuning"
"6082","cancertype","f1_score","SVM",0.172049767500314,"No Fine Tuning"
"6083","cancertype","f1_score","SVM",0.156090723751274,"No Fine Tuning"
"6084","cancertype","f1_score","SVM",0.172049767500314,"No Fine Tuning"
"6085","cancertype","f1_score","SVM",0.205626911314985,"No Fine Tuning"
"6086","cancertype","f1_score","SVM",0.18024090370093,"No Fine Tuning"
"6087","cancertype","f1_score","SVM",0.156090723751274,"No Fine Tuning"
"6088","cancertype","f1_score","SVM",0.214350811106386,"No Fine Tuning"
"6089","cancertype","f1_score","SVM",0.156090723751274,"No Fine Tuning"
"6090","cancertype","f1_score","SVM",0.214350811106386,"No Fine Tuning"
"6091","cancertype","f1_score","SVM",0.172049767500314,"No Fine Tuning"
"6092","cancertype","f1_score","SVM",0.214350811106386,"No Fine Tuning"
"6093","cancertype","f1_score","SVM",0.156090723751274,"No Fine Tuning"
"6094","cancertype","f1_score","SVM",0.18024090370093,"No Fine Tuning"
"6095","cancertype","f1_score","SVM",0.250488310150932,"No Fine Tuning"
"6096","cancertype","f1_score","SVM",0.197032202450588,"No Fine Tuning"
"6097","cancertype","f1_score","SVM",0.156090723751274,"No Fine Tuning"
"6098","cancertype","f1_score","SVM",0.298279816513761,"No Fine Tuning"
"6099","cancertype","f1_score","SVM",0.163998734577665,"No Fine Tuning"
"6100","cancertype","f1_score","SVM",0.214350811106386,"No Fine Tuning"
"6101","cancertype","f1_score","XGBoost",0.197032202450588,"No Fine Tuning"
"6102","cancertype","f1_score","XGBoost",0.140715854761597,"No Fine Tuning"
"6103","cancertype","f1_score","XGBoost",0.156090723751274,"No Fine Tuning"
"6104","cancertype","f1_score","XGBoost",0.188569303248202,"No Fine Tuning"
"6105","cancertype","f1_score","XGBoost",0.197032202450588,"No Fine Tuning"
"6106","cancertype","f1_score","XGBoost",0.223201352003863,"No Fine Tuning"
"6107","cancertype","f1_score","XGBoost",0.163998734577665,"No Fine Tuning"
"6108","cancertype","f1_score","XGBoost",0.223201352003863,"No Fine Tuning"
"6109","cancertype","f1_score","XGBoost",0.197032202450588,"No Fine Tuning"
"6110","cancertype","f1_score","XGBoost",0.214350811106386,"No Fine Tuning"
"6111","cancertype","f1_score","XGBoost",0.188569303248202,"No Fine Tuning"
"6112","cancertype","f1_score","XGBoost",0.205626911314985,"No Fine Tuning"
"6113","cancertype","f1_score","XGBoost",0.125950196592398,"No Fine Tuning"
"6114","cancertype","f1_score","XGBoost",0.223201352003863,"No Fine Tuning"
"6115","cancertype","f1_score","XGBoost",0.205626911314985,"No Fine Tuning"
"6116","cancertype","f1_score","XGBoost",0.188569303248202,"No Fine Tuning"
"6117","cancertype","f1_score","XGBoost",0.18024090370093,"No Fine Tuning"
"6118","cancertype","f1_score","XGBoost",0.197032202450588,"No Fine Tuning"
"6119","cancertype","f1_score","XGBoost",0.0918790349983011,"No Fine Tuning"
"6120","cancertype","f1_score","XGBoost",0.214350811106386,"No Fine Tuning"
"6121","cancertype","f1_score","XGBoost",0.214350811106386,"No Fine Tuning"
"6122","cancertype","f1_score","XGBoost",0.118804039337337,"No Fine Tuning"
"6123","cancertype","f1_score","XGBoost",0.140715854761597,"No Fine Tuning"
"6124","cancertype","f1_score","XGBoost",0.188569303248202,"No Fine Tuning"
"6125","cancertype","f1_score","XGBoost",0.140715854761597,"No Fine Tuning"
"6126","cancertype","f1_score","XGBoost",0.278829404250377,"No Fine Tuning"
"6127","cancertype","f1_score","XGBoost",0.214350811106386,"No Fine Tuning"
"6128","cancertype","f1_score","XGBoost",0.140715854761597,"No Fine Tuning"
"6129","cancertype","f1_score","XGBoost",0.188569303248202,"No Fine Tuning"
"6130","cancertype","f1_score","XGBoost",0.156090723751274,"No Fine Tuning"
"6131","cancertype","f1_score","XGBoost",0.156090723751274,"No Fine Tuning"
"6132","cancertype","f1_score","XGBoost",0.259821218536815,"No Fine Tuning"
"6133","cancertype","f1_score","XGBoost",0.163998734577665,"No Fine Tuning"
"6134","cancertype","f1_score","XGBoost",0.172049767500314,"No Fine Tuning"
"6135","cancertype","f1_score","XGBoost",0.148328735484699,"No Fine Tuning"
"6136","cancertype","f1_score","XGBoost",0.250488310150932,"No Fine Tuning"
"6137","cancertype","f1_score","XGBoost",0.223201352003863,"No Fine Tuning"
"6138","cancertype","f1_score","XGBoost",0.156090723751274,"No Fine Tuning"
"6139","cancertype","f1_score","XGBoost",0.163998734577665,"No Fine Tuning"
"6140","cancertype","f1_score","XGBoost",0.0983540205072855,"No Fine Tuning"
"6141","cancertype","f1_score","XGBoost",0.197032202450588,"No Fine Tuning"
"6142","cancertype","f1_score","XGBoost",0.250488310150932,"No Fine Tuning"
"6143","cancertype","f1_score","XGBoost",0.125950196592398,"No Fine Tuning"
"6144","cancertype","f1_score","XGBoost",0.223201352003863,"No Fine Tuning"
"6145","cancertype","f1_score","XGBoost",0.188569303248202,"No Fine Tuning"
"6146","cancertype","f1_score","XGBoost",0.156090723751274,"No Fine Tuning"
"6147","cancertype","f1_score","XGBoost",0.214350811106386,"No Fine Tuning"
"6148","cancertype","f1_score","XGBoost",0.223201352003863,"No Fine Tuning"
"6149","cancertype","f1_score","XGBoost",0.133255254082894,"No Fine Tuning"
"6150","cancertype","f1_score","XGBoost",0.197032202450588,"No Fine Tuning"
"6151","cancertype","f1_score","XGBoost",0.172049767500314,"No Fine Tuning"
"6152","cancertype","f1_score","XGBoost",0.197032202450588,"No Fine Tuning"
"6153","cancertype","f1_score","XGBoost",0.205626911314985,"No Fine Tuning"
"6154","cancertype","f1_score","XGBoost",0.156090723751274,"No Fine Tuning"
"6155","cancertype","f1_score","XGBoost",0.232176050848474,"No Fine Tuning"
"6156","cancertype","f1_score","XGBoost",0.148328735484699,"No Fine Tuning"
"6157","cancertype","f1_score","XGBoost",0.140715854761597,"No Fine Tuning"
"6158","cancertype","f1_score","XGBoost",0.197032202450588,"No Fine Tuning"
"6159","cancertype","f1_score","XGBoost",0.223201352003863,"No Fine Tuning"
"6160","cancertype","f1_score","XGBoost",0.188569303248202,"No Fine Tuning"
"6161","cancertype","f1_score","XGBoost",0.197032202450588,"No Fine Tuning"
"6162","cancertype","f1_score","XGBoost",0.188569303248202,"No Fine Tuning"
"6163","cancertype","f1_score","XGBoost",0.148328735484699,"No Fine Tuning"
"6164","cancertype","f1_score","XGBoost",0.172049767500314,"No Fine Tuning"
"6165","cancertype","f1_score","XGBoost",0.197032202450588,"No Fine Tuning"
"6166","cancertype","f1_score","XGBoost",0.140715854761597,"No Fine Tuning"
"6167","cancertype","f1_score","XGBoost",0.18024090370093,"No Fine Tuning"
"6168","cancertype","f1_score","XGBoost",0.0983540205072855,"No Fine Tuning"
"6169","cancertype","f1_score","XGBoost",0.188569303248202,"No Fine Tuning"
"6170","cancertype","f1_score","XGBoost",0.223201352003863,"No Fine Tuning"
"6171","cancertype","f1_score","XGBoost",0.156090723751274,"No Fine Tuning"
"6172","cancertype","f1_score","XGBoost",0.18024090370093,"No Fine Tuning"
"6173","cancertype","f1_score","XGBoost",0.133255254082894,"No Fine Tuning"
"6174","cancertype","f1_score","XGBoost",0.172049767500314,"No Fine Tuning"
"6175","cancertype","f1_score","XGBoost",0.163998734577665,"No Fine Tuning"
"6176","cancertype","f1_score","XGBoost",0.205626911314985,"No Fine Tuning"
"6177","cancertype","f1_score","XGBoost",0.232176050848474,"No Fine Tuning"
"6178","cancertype","f1_score","XGBoost",0.205626911314985,"No Fine Tuning"
"6179","cancertype","f1_score","XGBoost",0.205626911314985,"No Fine Tuning"
"6180","cancertype","f1_score","XGBoost",0.259821218536815,"No Fine Tuning"
"6181","cancertype","f1_score","XGBoost",0.148328735484699,"No Fine Tuning"
"6182","cancertype","f1_score","XGBoost",0.241272488978911,"No Fine Tuning"
"6183","cancertype","f1_score","XGBoost",0.214350811106386,"No Fine Tuning"
"6184","cancertype","f1_score","XGBoost",0.18024090370093,"No Fine Tuning"
"6185","cancertype","f1_score","XGBoost",0.125950196592398,"No Fine Tuning"
"6186","cancertype","f1_score","XGBoost",0.197032202450588,"No Fine Tuning"
"6187","cancertype","f1_score","XGBoost",0.133255254082894,"No Fine Tuning"
"6188","cancertype","f1_score","XGBoost",0.205626911314985,"No Fine Tuning"
"6189","cancertype","f1_score","XGBoost",0.156090723751274,"No Fine Tuning"
"6190","cancertype","f1_score","XGBoost",0.188569303248202,"No Fine Tuning"
"6191","cancertype","f1_score","XGBoost",0.172049767500314,"No Fine Tuning"
"6192","cancertype","f1_score","XGBoost",0.188569303248202,"No Fine Tuning"
"6193","cancertype","f1_score","XGBoost",0.140715854761597,"No Fine Tuning"
"6194","cancertype","f1_score","XGBoost",0.156090723751274,"No Fine Tuning"
"6195","cancertype","f1_score","XGBoost",0.125950196592398,"No Fine Tuning"
"6196","cancertype","f1_score","XGBoost",0.197032202450588,"No Fine Tuning"
"6197","cancertype","f1_score","XGBoost",0.133255254082894,"No Fine Tuning"
"6198","cancertype","f1_score","XGBoost",0.118804039337337,"No Fine Tuning"
"6199","cancertype","f1_score","XGBoost",0.133255254082894,"No Fine Tuning"
"6200","cancertype","f1_score","XGBoost",0.133255254082894,"No Fine Tuning"
"6201","cancertype","f1_score","SupervisedVAE",0.151777994163989,"No Fine Tuning"
"6202","cancertype","f1_score","SupervisedVAE",0.18024090370093,"No Fine Tuning"
"6203","cancertype","f1_score","SupervisedVAE",0.191075257478294,"No Fine Tuning"
"6204","cancertype","f1_score","SupervisedVAE",0.188891259512126,"No Fine Tuning"
"6205","cancertype","f1_score","SupervisedVAE",0.1521081737685,"No Fine Tuning"
"6206","cancertype","f1_score","SupervisedVAE",0.177792340177661,"No Fine Tuning"
"6207","cancertype","f1_score","SupervisedVAE",0.186963681179876,"No Fine Tuning"
"6208","cancertype","f1_score","SupervisedVAE",0.187608030846962,"No Fine Tuning"
"6209","cancertype","f1_score","SupervisedVAE",0.260529608006672,"No Fine Tuning"
"6210","cancertype","f1_score","SupervisedVAE",0.170201786860753,"No Fine Tuning"
"6211","cancertype","f1_score","SupervisedVAE",0.191126225877887,"No Fine Tuning"
"6212","cancertype","f1_score","SupervisedVAE",0.177716480234082,"No Fine Tuning"
"6213","cancertype","f1_score","SupervisedVAE",0.232176050848474,"No Fine Tuning"
"6214","cancertype","f1_score","SupervisedVAE",0.183069224353628,"No Fine Tuning"
"6215","cancertype","f1_score","SupervisedVAE",0.156090723751274,"No Fine Tuning"
"6216","cancertype","f1_score","SupervisedVAE",0.170079733930466,"No Fine Tuning"
"6217","cancertype","f1_score","SupervisedVAE",0.315933877093763,"No Fine Tuning"
"6218","cancertype","f1_score","SupervisedVAE",0.155488164595511,"No Fine Tuning"
"6219","cancertype","f1_score","SupervisedVAE",0.233788928415403,"No Fine Tuning"
"6220","cancertype","f1_score","SupervisedVAE",0.177755272250685,"No Fine Tuning"
"6221","cancertype","f1_score","SupervisedVAE",0.199397342109186,"No Fine Tuning"
"6222","cancertype","f1_score","SupervisedVAE",0.25986508031069,"No Fine Tuning"
"6223","cancertype","f1_score","SupervisedVAE",0.19104527606677,"No Fine Tuning"
"6224","cancertype","f1_score","SupervisedVAE",0.278809362548049,"No Fine Tuning"
"6225","cancertype","f1_score","SupervisedVAE",0.167182262490214,"No Fine Tuning"
"6226","cancertype","f1_score","SupervisedVAE",0.261662627661416,"No Fine Tuning"
"6227","cancertype","f1_score","SupervisedVAE",0.243688710948087,"No Fine Tuning"
"6228","cancertype","f1_score","SupervisedVAE",0.194211603194509,"No Fine Tuning"
"6229","cancertype","f1_score","SupervisedVAE",0.175072175530891,"No Fine Tuning"
"6230","cancertype","f1_score","SupervisedVAE",0.202207353245499,"No Fine Tuning"
"6231","cancertype","f1_score","SupervisedVAE",0.216202440973083,"No Fine Tuning"
"6232","cancertype","f1_score","SupervisedVAE",0.234912313549273,"No Fine Tuning"
"6233","cancertype","f1_score","SupervisedVAE",0.209205161221096,"No Fine Tuning"
"6234","cancertype","f1_score","SupervisedVAE",0.224872723030407,"No Fine Tuning"
"6235","cancertype","f1_score","SupervisedVAE",0.250488310150932,"No Fine Tuning"
"6236","cancertype","f1_score","SupervisedVAE",0.220903040115129,"No Fine Tuning"
"6237","cancertype","f1_score","SupervisedVAE",0.172880640090101,"No Fine Tuning"
"6238","cancertype","f1_score","SupervisedVAE",0.251542464724502,"No Fine Tuning"
"6239","cancertype","f1_score","SupervisedVAE",0.277315571195174,"No Fine Tuning"
"6240","cancertype","f1_score","SupervisedVAE",0.241272488978911,"No Fine Tuning"
"6241","cancertype","f1_score","SupervisedVAE",0.252177762922175,"No Fine Tuning"
"6242","cancertype","f1_score","SupervisedVAE",0.20960754332314,"No Fine Tuning"
"6243","cancertype","f1_score","SupervisedVAE",0.376868289712326,"No Fine Tuning"
"6244","cancertype","f1_score","SupervisedVAE",0.243471912279252,"No Fine Tuning"
"6245","cancertype","f1_score","SupervisedVAE",0.226059582450795,"No Fine Tuning"
"6246","cancertype","f1_score","SupervisedVAE",0.277127380181295,"No Fine Tuning"
"6247","cancertype","f1_score","SupervisedVAE",0.170201786860753,"No Fine Tuning"
"6248","cancertype","f1_score","SupervisedVAE",0.202963131802382,"No Fine Tuning"
"6249","cancertype","f1_score","SupervisedVAE",0.21726557120792,"No Fine Tuning"
"6250","cancertype","f1_score","SupervisedVAE",0.183038711121056,"No Fine Tuning"
"6251","cancertype","f1_score","SupervisedVAE",0.243220990927413,"No Fine Tuning"
"6252","cancertype","f1_score","SupervisedVAE",0.216264597557952,"No Fine Tuning"
"6253","cancertype","f1_score","SupervisedVAE",0.226951947135433,"No Fine Tuning"
"6254","cancertype","f1_score","SupervisedVAE",0.199314370295896,"No Fine Tuning"
"6255","cancertype","f1_score","SupervisedVAE",0.152104837537921,"No Fine Tuning"
"6256","cancertype","f1_score","SupervisedVAE",0.260673810808727,"No Fine Tuning"
"6257","cancertype","f1_score","SupervisedVAE",0.251539524946588,"No Fine Tuning"
"6258","cancertype","f1_score","SupervisedVAE",0.207753184066198,"No Fine Tuning"
"6259","cancertype","f1_score","SupervisedVAE",0.183069224353628,"No Fine Tuning"
"6260","cancertype","f1_score","SupervisedVAE",0.318633343878519,"No Fine Tuning"
"6261","cancertype","f1_score","SupervisedVAE",0.172049767500314,"No Fine Tuning"
"6262","cancertype","f1_score","SupervisedVAE",0.209346485666692,"No Fine Tuning"
"6263","cancertype","f1_score","SupervisedVAE",0.156090723751274,"No Fine Tuning"
"6264","cancertype","f1_score","SupervisedVAE",0.234528250255642,"No Fine Tuning"
"6265","cancertype","f1_score","SupervisedVAE",0.163998734577665,"No Fine Tuning"
"6266","cancertype","f1_score","SupervisedVAE",0.223201352003863,"No Fine Tuning"
"6267","cancertype","f1_score","SupervisedVAE",0.22601482970969,"No Fine Tuning"
"6268","cancertype","f1_score","SupervisedVAE",0.308019642649767,"No Fine Tuning"
"6269","cancertype","f1_score","SupervisedVAE",0.0862032462949894,"No Fine Tuning"
"6270","cancertype","f1_score","SupervisedVAE",0.175113876948739,"No Fine Tuning"
"6271","cancertype","f1_score","SupervisedVAE",0.199314370295896,"No Fine Tuning"
"6272","cancertype","f1_score","SupervisedVAE",0.15540079019621,"No Fine Tuning"
"6273","cancertype","f1_score","SupervisedVAE",0.322363313553544,"No Fine Tuning"
"6274","cancertype","f1_score","SupervisedVAE",0.194670318790839,"No Fine Tuning"
"6275","cancertype","f1_score","SupervisedVAE",0.201058236789767,"No Fine Tuning"
"6276","cancertype","f1_score","SupervisedVAE",0.209429746580376,"No Fine Tuning"
"6277","cancertype","f1_score","SupervisedVAE",0.193390899846627,"No Fine Tuning"
"6278","cancertype","f1_score","SupervisedVAE",0.175094019130716,"No Fine Tuning"
"6279","cancertype","f1_score","SupervisedVAE",0.217717384107178,"No Fine Tuning"
"6280","cancertype","f1_score","SupervisedVAE",0.166048250084947,"No Fine Tuning"
"6281","cancertype","f1_score","SupervisedVAE",0.155196916597841,"No Fine Tuning"
"6282","cancertype","f1_score","SupervisedVAE",0.172049767500314,"No Fine Tuning"
"6283","cancertype","f1_score","SupervisedVAE",0.156090723751274,"No Fine Tuning"
"6284","cancertype","f1_score","SupervisedVAE",0.172049767500314,"No Fine Tuning"
"6285","cancertype","f1_score","SupervisedVAE",0.242878825447633,"No Fine Tuning"
"6286","cancertype","f1_score","SupervisedVAE",0.21767674485169,"No Fine Tuning"
"6287","cancertype","f1_score","SupervisedVAE",0.174974872222579,"No Fine Tuning"
"6288","cancertype","f1_score","SupervisedVAE",0.287054026503568,"No Fine Tuning"
"6289","cancertype","f1_score","SupervisedVAE",0.156090723751274,"No Fine Tuning"
"6290","cancertype","f1_score","SupervisedVAE",0.269809783571251,"No Fine Tuning"
"6291","cancertype","f1_score","SupervisedVAE",0.172049767500314,"No Fine Tuning"
"6292","cancertype","f1_score","SupervisedVAE",0.233669724770642,"No Fine Tuning"
"6293","cancertype","f1_score","SupervisedVAE",0.209870518576355,"No Fine Tuning"
"6294","cancertype","f1_score","SupervisedVAE",0.199314370295896,"No Fine Tuning"
"6295","cancertype","f1_score","SupervisedVAE",0.250488310150932,"No Fine Tuning"
"6296","cancertype","f1_score","SupervisedVAE",0.216264597557952,"No Fine Tuning"
"6297","cancertype","f1_score","SupervisedVAE",0.22579001019368,"No Fine Tuning"
"6298","cancertype","f1_score","SupervisedVAE",0.298279816513761,"No Fine Tuning"
"6299","cancertype","f1_score","SupervisedVAE",0.233890732426746,"No Fine Tuning"
"6300","cancertype","f1_score","SupervisedVAE",0.251766589278406,"No Fine Tuning"
