"","sample","cor","split","analysis","features","hubness"
"1","ACH-000001",0.591541172132564,"test","gex","gex_only","with_hubness"
"2","ACH-000004",0.572574491072528,"test","gex","gex_only","with_hubness"
"3","ACH-000005",0.567747532914286,"test","gex","gex_only","with_hubness"
"4","ACH-000007",0.594787934201251,"test","gex","gex_only","with_hubness"
"5","ACH-000009",0.590150906954797,"test","gex","gex_only","with_hubness"
"6","ACH-000011",0.571585603229939,"test","gex","gex_only","with_hubness"
"7","ACH-000012",0.606264043350202,"test","gex","gex_only","with_hubness"
"8","ACH-000013",0.612289224419163,"test","gex","gex_only","with_hubness"
"9","ACH-000014",0.580047955838674,"test","gex","gex_only","with_hubness"
"10","ACH-000015",0.604733250532125,"test","gex","gex_only","with_hubness"
"11","ACH-000017",0.580268156398593,"test","gex","gex_only","with_hubness"
"12","ACH-000018",0.572655061948354,"test","gex","gex_only","with_hubness"
"13","ACH-000019",0.597892734925975,"test","gex","gex_only","with_hubness"
"14","ACH-000021",0.566600811784224,"test","gex","gex_only","with_hubness"
"15","ACH-000022",0.587823845184613,"test","gex","gex_only","with_hubness"
"16","ACH-000023",0.598722588763407,"test","gex","gex_only","with_hubness"
"17","ACH-000024",0.608317177515986,"test","gex","gex_only","with_hubness"
"18","ACH-000025",0.585569764751943,"test","gex","gex_only","with_hubness"
"19","ACH-000028",0.617539112942961,"test","gex","gex_only","with_hubness"
"20","ACH-000029",0.616034160289634,"test","gex","gex_only","with_hubness"
"21","ACH-000030",0.576017430285761,"test","gex","gex_only","with_hubness"
"22","ACH-000035",0.601209095930421,"test","gex","gex_only","with_hubness"
"23","ACH-000036",0.565107606121879,"test","gex","gex_only","with_hubness"
"24","ACH-000037",0.554172526105861,"test","gex","gex_only","with_hubness"
"25","ACH-000039",0.567715355745508,"test","gex","gex_only","with_hubness"
"26","ACH-000040",0.564084038865111,"test","gex","gex_only","with_hubness"
"27","ACH-000041",0.566357492391842,"test","gex","gex_only","with_hubness"
"28","ACH-000042",0.580161956060833,"test","gex","gex_only","with_hubness"
"29","ACH-000045",0.600023190665171,"test","gex","gex_only","with_hubness"
"30","ACH-000047",0.595930422311482,"test","gex","gex_only","with_hubness"
"31","ACH-000048",0.609851313938639,"test","gex","gex_only","with_hubness"
"32","ACH-000052",0.56131960217148,"test","gex","gex_only","with_hubness"
"33","ACH-000053",0.572977003205486,"test","gex","gex_only","with_hubness"
"34","ACH-000054",0.599269875252689,"test","gex","gex_only","with_hubness"
"35","ACH-000055",0.57961825690948,"test","gex","gex_only","with_hubness"
"36","ACH-000060",0.588189802241638,"test","gex","gex_only","with_hubness"
"37","ACH-000067",0.59676485611941,"test","gex","gex_only","with_hubness"
"38","ACH-000070",0.587857358774497,"test","gex","gex_only","with_hubness"
"39","ACH-000074",0.595387274655579,"test","gex","gex_only","with_hubness"
"40","ACH-000075",0.593373565419476,"test","gex","gex_only","with_hubness"
"41","ACH-000076",0.574977232316431,"test","gex","gex_only","with_hubness"
"42","ACH-000077",0.536816029117788,"test","gex","gex_only","with_hubness"
"43","ACH-000078",0.556199484028058,"test","gex","gex_only","with_hubness"
"44","ACH-000082",0.591416399582574,"test","gex","gex_only","with_hubness"
"45","ACH-000085",0.57297025636072,"test","gex","gex_only","with_hubness"
"46","ACH-000086",0.592125531093,"test","gex","gex_only","with_hubness"
"47","ACH-000087",0.587414791192498,"test","gex","gex_only","with_hubness"
"48","ACH-000090",0.568018625847172,"test","gex","gex_only","with_hubness"
"49","ACH-000092",0.557093241983136,"test","gex","gex_only","with_hubness"
"50","ACH-000093",0.535591300486054,"test","gex","gex_only","with_hubness"
"51","ACH-000094",0.572665147336645,"test","gex","gex_only","with_hubness"
"52","ACH-000095",0.596433509137194,"test","gex","gex_only","with_hubness"
"53","ACH-000097",0.619819070592666,"test","gex","gex_only","with_hubness"
"54","ACH-000098",0.587657784994963,"test","gex","gex_only","with_hubness"
"55","ACH-000099",0.59823267897214,"test","gex","gex_only","with_hubness"
"56","ACH-000101",0.575253600895628,"test","gex","gex_only","with_hubness"
"57","ACH-000103",0.57375076353049,"test","gex","gex_only","with_hubness"
"58","ACH-000108",0.586973406378039,"test","gex","gex_only","with_hubness"
"59","ACH-000111",0.590968674106995,"test","gex","gex_only","with_hubness"
"60","ACH-000113",0.619388046834076,"test","gex","gex_only","with_hubness"
"61","ACH-000114",0.560793334013498,"test","gex","gex_only","with_hubness"
"62","ACH-000115",0.534067042649027,"test","gex","gex_only","with_hubness"
"63","ACH-000118",0.62385068939234,"test","gex","gex_only","with_hubness"
"64","ACH-000120",0.603832979466863,"test","gex","gex_only","with_hubness"
"65","ACH-000123",0.633605460239137,"test","gex","gex_only","with_hubness"
"66","ACH-000124",0.589074394958034,"test","gex","gex_only","with_hubness"
"67","ACH-000127",0.614959325483447,"test","gex","gex_only","with_hubness"
"68","ACH-000128",0.58373898566109,"test","gex","gex_only","with_hubness"
"69","ACH-000132",0.613471785281149,"test","gex","gex_only","with_hubness"
"70","ACH-000133",0.571568384097653,"test","gex","gex_only","with_hubness"
"71","ACH-000137",0.597626286267627,"test","gex","gex_only","with_hubness"
"72","ACH-000138",0.593109910725893,"test","gex","gex_only","with_hubness"
"73","ACH-000139",0.533618679570116,"test","gex","gex_only","with_hubness"
"74","ACH-000141",0.580366861398643,"test","gex","gex_only","with_hubness"
"75","ACH-000142",0.577062523943327,"test","gex","gex_only","with_hubness"
"76","ACH-000143",0.600689586726307,"test","gex","gex_only","with_hubness"
"77","ACH-000144",0.571431015260129,"test","gex","gex_only","with_hubness"
"78","ACH-000145",0.563021812402095,"test","gex","gex_only","with_hubness"
"79","ACH-000146",0.585130106704211,"test","gex","gex_only","with_hubness"
"80","ACH-000147",0.623596575280777,"test","gex","gex_only","with_hubness"
"81","ACH-000148",0.596576928716847,"test","gex","gex_only","with_hubness"
"82","ACH-000149",0.610263290945659,"test","gex","gex_only","with_hubness"
"83","ACH-000150",0.584885426143686,"test","gex","gex_only","with_hubness"
"84","ACH-000151",0.576516124375836,"test","gex","gex_only","with_hubness"
"85","ACH-000152",0.575057908711491,"test","gex","gex_only","with_hubness"
"86","ACH-000153",0.57699845609562,"test","gex","gex_only","with_hubness"
"87","ACH-000155",0.570596891284577,"test","gex","gex_only","with_hubness"
"88","ACH-000159",0.581837415913608,"test","gex","gex_only","with_hubness"
"89","ACH-000160",0.616001929396184,"test","gex","gex_only","with_hubness"
"90","ACH-000161",0.584521763918603,"test","gex","gex_only","with_hubness"
"91","ACH-000163",0.579625733742112,"test","gex","gex_only","with_hubness"
"92","ACH-000164",0.603262213505245,"test","gex","gex_only","with_hubness"
"93","ACH-000168",0.541259120538176,"test","gex","gex_only","with_hubness"
"94","ACH-000169",0.59453858431934,"test","gex","gex_only","with_hubness"
"95","ACH-000174",0.605730415744302,"test","gex","gex_only","with_hubness"
"96","ACH-000176",0.55877233712795,"test","gex","gex_only","with_hubness"
"97","ACH-000178",0.611205482940961,"test","gex","gex_only","with_hubness"
"98","ACH-000181",0.60587836007311,"test","gex","gex_only","with_hubness"
"99","ACH-000182",0.607288210455572,"test","gex","gex_only","with_hubness"
"100","ACH-000183",0.621700101127644,"test","gex","gex_only","with_hubness"
"101","ACH-000187",0.589011551409768,"test","gex","gex_only","with_hubness"
"102","ACH-000188",0.586897906878216,"test","gex","gex_only","with_hubness"
"103","ACH-000189",0.557865750213878,"test","gex","gex_only","with_hubness"
"104","ACH-000190",0.592450299591716,"test","gex","gex_only","with_hubness"
"105","ACH-000191",0.597493557263147,"test","gex","gex_only","with_hubness"
"106","ACH-000195",0.571684874312424,"test","gex","gex_only","with_hubness"
"107","ACH-000198",0.614233186722956,"test","gex","gex_only","with_hubness"
"108","ACH-000200",0.578846679397261,"test","gex","gex_only","with_hubness"
"109","ACH-000202",0.56083509911148,"test","gex","gex_only","with_hubness"
"110","ACH-000204",0.605968700863479,"test","gex","gex_only","with_hubness"
"111","ACH-000206",0.570133432669619,"test","gex","gex_only","with_hubness"
"112","ACH-000207",0.586606752875838,"test","gex","gex_only","with_hubness"
"113","ACH-000209",0.57145995487615,"test","gex","gex_only","with_hubness"
"114","ACH-000211",0.595939454456218,"test","gex","gex_only","with_hubness"
"115","ACH-000212",0.579337380440371,"test","gex","gex_only","with_hubness"
"116","ACH-000213",0.574080175569462,"test","gex","gex_only","with_hubness"
"117","ACH-000215",0.594173548962776,"test","gex","gex_only","with_hubness"
"118","ACH-000216",0.609316565328155,"test","gex","gex_only","with_hubness"
"119","ACH-000217",0.609710269948566,"test","gex","gex_only","with_hubness"
"120","ACH-000219",0.627745725519471,"test","gex","gex_only","with_hubness"
"121","ACH-000221",0.590657877842,"test","gex","gex_only","with_hubness"
"122","ACH-000222",0.576416507902282,"test","gex","gex_only","with_hubness"
"123","ACH-000223",0.588327319108222,"test","gex","gex_only","with_hubness"
"124","ACH-000226",0.567493250698386,"test","gex","gex_only","with_hubness"
"125","ACH-000227",0.56370241388409,"test","gex","gex_only","with_hubness"
"126","ACH-000228",0.580593849257264,"test","gex","gex_only","with_hubness"
"127","ACH-000231",0.582291898355577,"test","gex","gex_only","with_hubness"
"128","ACH-000232",0.620511316209236,"test","gex","gex_only","with_hubness"
"129","ACH-000233",0.60392007890809,"test","gex","gex_only","with_hubness"
"130","ACH-000234",0.569211349457002,"test","gex","gex_only","with_hubness"
"131","ACH-000235",0.591270871969375,"test","gex","gex_only","with_hubness"
"132","ACH-000237",0.584997686363472,"test","gex","gex_only","with_hubness"
"133","ACH-000238",0.602437448158659,"test","gex","gex_only","with_hubness"
"134","ACH-000243",0.625639984810774,"test","gex","gex_only","with_hubness"
"135","ACH-000244",0.5663990541982,"test","gex","gex_only","with_hubness"
"136","ACH-000246",0.616874017893812,"test","gex","gex_only","with_hubness"
"137","ACH-000247",0.599258533507544,"test","gex","gex_only","with_hubness"
"138","ACH-000248",0.58334887493726,"test","gex","gex_only","with_hubness"
"139","ACH-000249",0.596192576723078,"test","gex","gex_only","with_hubness"
"140","ACH-000250",0.591187641226949,"test","gex","gex_only","with_hubness"
"141","ACH-000251",0.537981204022554,"test","gex","gex_only","with_hubness"
"142","ACH-000252",0.585597084268414,"test","gex","gex_only","with_hubness"
"143","ACH-000253",0.592337591169842,"test","gex","gex_only","with_hubness"
"144","ACH-000255",0.589551894483058,"test","gex","gex_only","with_hubness"
"145","ACH-000256",0.560159257078717,"test","gex","gex_only","with_hubness"
"146","ACH-000257",0.55253045084473,"test","gex","gex_only","with_hubness"
"147","ACH-000258",0.517471513346726,"test","gex","gex_only","with_hubness"
"148","ACH-000259",0.61323197157398,"test","gex","gex_only","with_hubness"
"149","ACH-000260",0.618625013645797,"test","gex","gex_only","with_hubness"
"150","ACH-000261",0.595049685298919,"test","gex","gex_only","with_hubness"
"151","ACH-000262",0.553941657743554,"test","gex","gex_only","with_hubness"
"152","ACH-000263",0.546043848996655,"test","gex","gex_only","with_hubness"
"153","ACH-000264",0.60436995257046,"test","gex","gex_only","with_hubness"
"154","ACH-000265",0.608401608897317,"test","gex","gex_only","with_hubness"
"155","ACH-000266",0.577922019722947,"test","gex","gex_only","with_hubness"
"156","ACH-000269",0.573021921098477,"test","gex","gex_only","with_hubness"
"157","ACH-000271",0.595190182951823,"test","gex","gex_only","with_hubness"
"158","ACH-000272",0.565057426353044,"test","gex","gex_only","with_hubness"
"159","ACH-000273",0.586457075936704,"test","gex","gex_only","with_hubness"
"160","ACH-000274",0.575564365151857,"test","gex","gex_only","with_hubness"
"161","ACH-000276",0.593228333240398,"test","gex","gex_only","with_hubness"
"162","ACH-000277",0.580314362496647,"test","gex","gex_only","with_hubness"
"163","ACH-000278",0.559512947319253,"test","gex","gex_only","with_hubness"
"164","ACH-000279",0.602797723430551,"test","gex","gex_only","with_hubness"
"165","ACH-000280",0.551100985381916,"test","gex","gex_only","with_hubness"
"166","ACH-000281",0.548909596310166,"test","gex","gex_only","with_hubness"
"167","ACH-000282",0.574431933857744,"test","gex","gex_only","with_hubness"
"168","ACH-000286",0.577139467139636,"test","gex","gex_only","with_hubness"
"169","ACH-000288",0.585264958482577,"test","gex","gex_only","with_hubness"
"170","ACH-000290",0.618670033805629,"test","gex","gex_only","with_hubness"
"171","ACH-000291",0.590707078023808,"test","gex","gex_only","with_hubness"
"172","ACH-000292",0.59456914962252,"test","gex","gex_only","with_hubness"
"173","ACH-000293",0.600026150739015,"test","gex","gex_only","with_hubness"
"174","ACH-000294",0.536218362510097,"test","gex","gex_only","with_hubness"
"175","ACH-000295",0.554846190200215,"test","gex","gex_only","with_hubness"
"176","ACH-000296",0.579739825601606,"test","gex","gex_only","with_hubness"
"177","ACH-000302",0.601734613816732,"test","gex","gex_only","with_hubness"
"178","ACH-000303",0.591165883025197,"test","gex","gex_only","with_hubness"
"179","ACH-000304",0.553801624880958,"test","gex","gex_only","with_hubness"
"180","ACH-000305",0.611349909638115,"test","gex","gex_only","with_hubness"
"181","ACH-000307",0.594902397980734,"test","gex","gex_only","with_hubness"
"182","ACH-000308",0.582388539490849,"test","gex","gex_only","with_hubness"
"183","ACH-000310",0.549991558019087,"test","gex","gex_only","with_hubness"
"184","ACH-000311",0.590529316706039,"test","gex","gex_only","with_hubness"
"185","ACH-000312",0.593844011932744,"test","gex","gex_only","with_hubness"
"186","ACH-000313",0.569189391158988,"test","gex","gex_only","with_hubness"
"187","ACH-000315",0.546494642707984,"test","gex","gex_only","with_hubness"
"188","ACH-000316",0.574474734739201,"test","gex","gex_only","with_hubness"
"189","ACH-000317",0.550644052494166,"test","gex","gex_only","with_hubness"
"190","ACH-000318",0.603203453573406,"test","gex","gex_only","with_hubness"
"191","ACH-000319",0.564485700353223,"test","gex","gex_only","with_hubness"
"192","ACH-000320",0.603063457748295,"test","gex","gex_only","with_hubness"
"193","ACH-000322",0.59030608040831,"test","gex","gex_only","with_hubness"
"194","ACH-000323",0.589697959641578,"test","gex","gex_only","with_hubness"
"195","ACH-000324",0.598704344957137,"test","gex","gex_only","with_hubness"
"196","ACH-000325",0.586753711462726,"test","gex","gex_only","with_hubness"
"197","ACH-000326",0.596966714931219,"test","gex","gex_only","with_hubness"
"198","ACH-000329",0.591804930781308,"test","gex","gex_only","with_hubness"
"199","ACH-000330",0.562765622978627,"test","gex","gex_only","with_hubness"
"200","ACH-000331",0.600032826877993,"test","gex","gex_only","with_hubness"
"201","ACH-000332",0.585128688839483,"test","gex","gex_only","with_hubness"
"202","ACH-000334",0.567557994246408,"test","gex","gex_only","with_hubness"
"203","ACH-000335",0.577231046495145,"test","gex","gex_only","with_hubness"
"204","ACH-000336",0.615791238210679,"test","gex","gex_only","with_hubness"
"205","ACH-000337",0.596191296538476,"test","gex","gex_only","with_hubness"
"206","ACH-000339",0.593452483789554,"test","gex","gex_only","with_hubness"
"207","ACH-000341",0.589374166984437,"test","gex","gex_only","with_hubness"
"208","ACH-000343",0.595748668419099,"test","gex","gex_only","with_hubness"
"209","ACH-000344",0.57241587399577,"test","gex","gex_only","with_hubness"
"210","ACH-000346",0.569870671323915,"test","gex","gex_only","with_hubness"
"211","ACH-000348",0.59583487258289,"test","gex","gex_only","with_hubness"
"212","ACH-000352",0.60205314231999,"test","gex","gex_only","with_hubness"
"213","ACH-000354",0.576842608586247,"test","gex","gex_only","with_hubness"
"214","ACH-000355",0.534782638784691,"test","gex","gex_only","with_hubness"
"215","ACH-000356",0.589565296123751,"test","gex","gex_only","with_hubness"
"216","ACH-000359",0.538145919361914,"test","gex","gex_only","with_hubness"
"217","ACH-000361",0.552427346868921,"test","gex","gex_only","with_hubness"
"218","ACH-000362",0.57157299631762,"test","gex","gex_only","with_hubness"
"219","ACH-000363",0.578904383056398,"test","gex","gex_only","with_hubness"
"220","ACH-000364",0.601598327552821,"test","gex","gex_only","with_hubness"
"221","ACH-000365",0.608652427328393,"test","gex","gex_only","with_hubness"
"222","ACH-000366",0.56641531764295,"test","gex","gex_only","with_hubness"
"223","ACH-000367",0.542590243501468,"test","gex","gex_only","with_hubness"
"224","ACH-000368",0.575688519756963,"test","gex","gex_only","with_hubness"
"225","ACH-000370",0.547973644934716,"test","gex","gex_only","with_hubness"
"226","ACH-000371",0.587331831302453,"test","gex","gex_only","with_hubness"
"227","ACH-000374",0.596546674013922,"test","gex","gex_only","with_hubness"
"228","ACH-000375",0.576857020231731,"test","gex","gex_only","with_hubness"
"229","ACH-000376",0.605287655809426,"test","gex","gex_only","with_hubness"
"230","ACH-000377",0.574198279085427,"test","gex","gex_only","with_hubness"
"231","ACH-000378",0.584753477728085,"test","gex","gex_only","with_hubness"
"232","ACH-000381",0.618673497809623,"test","gex","gex_only","with_hubness"
"233","ACH-000383",0.581448954651352,"test","gex","gex_only","with_hubness"
"234","ACH-000385",0.573133780061692,"test","gex","gex_only","with_hubness"
"235","ACH-000387",0.602699281749875,"test","gex","gex_only","with_hubness"
"236","ACH-000389",0.556944240407065,"test","gex","gex_only","with_hubness"
"237","ACH-000390",0.579272581962601,"test","gex","gex_only","with_hubness"
"238","ACH-000391",0.62321954747219,"test","gex","gex_only","with_hubness"
"239","ACH-000393",0.570475301044545,"test","gex","gex_only","with_hubness"
"240","ACH-000395",0.590638722258406,"test","gex","gex_only","with_hubness"
"241","ACH-000396",0.579550569949977,"test","gex","gex_only","with_hubness"
"242","ACH-000397",0.570765819978438,"test","gex","gex_only","with_hubness"
"243","ACH-000398",0.587448193021427,"test","gex","gex_only","with_hubness"
"244","ACH-000401",0.569877793261046,"test","gex","gex_only","with_hubness"
"245","ACH-000402",0.55321996068005,"test","gex","gex_only","with_hubness"
"246","ACH-000403",0.561686254178632,"test","gex","gex_only","with_hubness"
"247","ACH-000404",0.58485936860426,"test","gex","gex_only","with_hubness"
"248","ACH-000405",0.588750125865249,"test","gex","gex_only","with_hubness"
"249","ACH-000406",0.618395473974966,"test","gex","gex_only","with_hubness"
"250","ACH-000407",0.586071338768538,"test","gex","gex_only","with_hubness"
"251","ACH-000408",0.606317817041572,"test","gex","gex_only","with_hubness"
"252","ACH-000410",0.608532549038741,"test","gex","gex_only","with_hubness"
"253","ACH-000411",0.578102967555102,"test","gex","gex_only","with_hubness"
"254","ACH-000414",0.605013578084911,"test","gex","gex_only","with_hubness"
"255","ACH-000415",0.573301367763296,"test","gex","gex_only","with_hubness"
"256","ACH-000416",0.578511248100739,"test","gex","gex_only","with_hubness"
"257","ACH-000417",0.607055178098262,"test","gex","gex_only","with_hubness"
"258","ACH-000420",0.584007363982725,"test","gex","gex_only","with_hubness"
"259","ACH-000421",0.59884700768942,"test","gex","gex_only","with_hubness"
"260","ACH-000422",0.593560464089613,"test","gex","gex_only","with_hubness"
"261","ACH-000424",0.614555890784174,"test","gex","gex_only","with_hubness"
"262","ACH-000425",0.588573196521584,"test","gex","gex_only","with_hubness"
"263","ACH-000426",0.558659623048736,"test","gex","gex_only","with_hubness"
"264","ACH-000427",0.620214143025402,"test","gex","gex_only","with_hubness"
"265","ACH-000430",0.614749375934227,"test","gex","gex_only","with_hubness"
"266","ACH-000431",0.598854829005341,"test","gex","gex_only","with_hubness"
"267","ACH-000433",0.567038675233015,"test","gex","gex_only","with_hubness"
"268","ACH-000434",0.571870171364411,"test","gex","gex_only","with_hubness"
"269","ACH-000435",0.554600738404552,"test","gex","gex_only","with_hubness"
"270","ACH-000436",0.578984642168353,"test","gex","gex_only","with_hubness"
"271","ACH-000437",0.61086066442989,"test","gex","gex_only","with_hubness"
"272","ACH-000438",0.58259249285788,"test","gex","gex_only","with_hubness"
"273","ACH-000441",0.584132091159125,"test","gex","gex_only","with_hubness"
"274","ACH-000442",0.578769115122462,"test","gex","gex_only","with_hubness"
"275","ACH-000444",0.59224716314252,"test","gex","gex_only","with_hubness"
"276","ACH-000445",0.562195785859047,"test","gex","gex_only","with_hubness"
"277","ACH-000448",0.584519333277363,"test","gex","gex_only","with_hubness"
"278","ACH-000450",0.567641400225306,"test","gex","gex_only","with_hubness"
"279","ACH-000452",0.620292155177676,"test","gex","gex_only","with_hubness"
"280","ACH-000454",0.560572960342352,"test","gex","gex_only","with_hubness"
"281","ACH-000455",0.614154436651244,"test","gex","gex_only","with_hubness"
"282","ACH-000456",0.624353182477116,"test","gex","gex_only","with_hubness"
"283","ACH-000458",0.603052098286503,"test","gex","gex_only","with_hubness"
"284","ACH-000460",0.613432111082437,"test","gex","gex_only","with_hubness"
"285","ACH-000461",0.594604991758859,"test","gex","gex_only","with_hubness"
"286","ACH-000463",0.578335702969751,"test","gex","gex_only","with_hubness"
"287","ACH-000464",0.585280802671213,"test","gex","gex_only","with_hubness"
"288","ACH-000466",0.564032637097827,"test","gex","gex_only","with_hubness"
"289","ACH-000467",0.584707944895738,"test","gex","gex_only","with_hubness"
"290","ACH-000468",0.568278405344671,"test","gex","gex_only","with_hubness"
"291","ACH-000469",0.5996260530494,"test","gex","gex_only","with_hubness"
"292","ACH-000470",0.55225048838714,"test","gex","gex_only","with_hubness"
"293","ACH-000471",0.586218653273948,"test","gex","gex_only","with_hubness"
"294","ACH-000472",0.611539483691511,"test","gex","gex_only","with_hubness"
"295","ACH-000473",0.553706446336186,"test","gex","gex_only","with_hubness"
"296","ACH-000475",0.618712272427457,"test","gex","gex_only","with_hubness"
"297","ACH-000476",0.576449963996167,"test","gex","gex_only","with_hubness"
"298","ACH-000477",0.552937034229909,"test","gex","gex_only","with_hubness"
"299","ACH-000478",0.590866403950253,"test","gex","gex_only","with_hubness"
"300","ACH-000479",0.557426379495963,"test","gex","gex_only","with_hubness"
"301","ACH-000480",0.587523130550876,"test","gex","gex_only","with_hubness"
"302","ACH-000481",0.586017273986666,"test","gex","gex_only","with_hubness"
"303","ACH-000483",0.584185798576332,"test","gex","gex_only","with_hubness"
"304","ACH-000484",0.541885830955259,"test","gex","gex_only","with_hubness"
"305","ACH-000485",0.572830576235411,"test","gex","gex_only","with_hubness"
"306","ACH-000486",0.628655514900606,"test","gex","gex_only","with_hubness"
"307","ACH-000487",0.602323181295782,"test","gex","gex_only","with_hubness"
"308","ACH-000488",0.636946823142417,"test","gex","gex_only","with_hubness"
"309","ACH-000489",0.578158860323525,"test","gex","gex_only","with_hubness"
"310","ACH-000490",0.5959816499626,"test","gex","gex_only","with_hubness"
"311","ACH-000491",0.552757016899732,"test","gex","gex_only","with_hubness"
"312","ACH-000493",0.57848732475842,"test","gex","gex_only","with_hubness"
"313","ACH-000495",0.572389471452889,"test","gex","gex_only","with_hubness"
"314","ACH-000496",0.565667287968585,"test","gex","gex_only","with_hubness"
"315","ACH-000499",0.593812624931335,"test","gex","gex_only","with_hubness"
"316","ACH-000500",0.57816089698488,"test","gex","gex_only","with_hubness"
"317","ACH-000501",0.617428974414677,"test","gex","gex_only","with_hubness"
"318","ACH-000502",0.595143918035643,"test","gex","gex_only","with_hubness"
"319","ACH-000503",0.563634853919865,"test","gex","gex_only","with_hubness"
"320","ACH-000504",0.586623175534452,"test","gex","gex_only","with_hubness"
"321","ACH-000505",0.570186414265936,"test","gex","gex_only","with_hubness"
"322","ACH-000507",0.601123648655326,"test","gex","gex_only","with_hubness"
"323","ACH-000510",0.595649210722418,"test","gex","gex_only","with_hubness"
"324","ACH-000511",0.581329508142204,"test","gex","gex_only","with_hubness"
"325","ACH-000512",0.578609782312734,"test","gex","gex_only","with_hubness"
"326","ACH-000514",0.582562101337501,"test","gex","gex_only","with_hubness"
"327","ACH-000516",0.595550130199403,"test","gex","gex_only","with_hubness"
"328","ACH-000517",0.589603665744381,"test","gex","gex_only","with_hubness"
"329","ACH-000518",0.62935540937157,"test","gex","gex_only","with_hubness"
"330","ACH-000520",0.558193348862183,"test","gex","gex_only","with_hubness"
"331","ACH-000521",0.535847992291934,"test","gex","gex_only","with_hubness"
"332","ACH-000522",0.599674854492094,"test","gex","gex_only","with_hubness"
"333","ACH-000524",0.612363908645652,"test","gex","gex_only","with_hubness"
"334","ACH-000525",0.604031125079812,"test","gex","gex_only","with_hubness"
"335","ACH-000527",0.612148667895776,"test","gex","gex_only","with_hubness"
"336","ACH-000528",0.610519461748107,"test","gex","gex_only","with_hubness"
"337","ACH-000532",0.580240886424645,"test","gex","gex_only","with_hubness"
"338","ACH-000533",0.57018563911982,"test","gex","gex_only","with_hubness"
"339","ACH-000535",0.597212118597037,"test","gex","gex_only","with_hubness"
"340","ACH-000537",0.598422746761513,"test","gex","gex_only","with_hubness"
"341","ACH-000541",0.585143883955447,"test","gex","gex_only","with_hubness"
"342","ACH-000542",0.590482252578989,"test","gex","gex_only","with_hubness"
"343","ACH-000544",0.62715933892533,"test","gex","gex_only","with_hubness"
"344","ACH-000545",0.59802035023213,"test","gex","gex_only","with_hubness"
"345","ACH-000546",0.608748485917128,"test","gex","gex_only","with_hubness"
"346","ACH-000547",0.572929952259067,"test","gex","gex_only","with_hubness"
"347","ACH-000548",0.589178188929144,"test","gex","gex_only","with_hubness"
"348","ACH-000549",0.586264322399522,"test","gex","gex_only","with_hubness"
"349","ACH-000550",0.548425067769402,"test","gex","gex_only","with_hubness"
"350","ACH-000551",0.565342513459771,"test","gex","gex_only","with_hubness"
"351","ACH-000552",0.611569692943439,"test","gex","gex_only","with_hubness"
"352","ACH-000554",0.589865622154831,"test","gex","gex_only","with_hubness"
"353","ACH-000556",0.576226576866419,"test","gex","gex_only","with_hubness"
"354","ACH-000557",0.535566499251867,"test","gex","gex_only","with_hubness"
"355","ACH-000558",0.581702694176361,"test","gex","gex_only","with_hubness"
"356","ACH-000559",0.567475936443574,"test","gex","gex_only","with_hubness"
"357","ACH-000561",0.608106568715586,"test","gex","gex_only","with_hubness"
"358","ACH-000562",0.561622250966212,"test","gex","gex_only","with_hubness"
"359","ACH-000563",0.591873283082668,"test","gex","gex_only","with_hubness"
"360","ACH-000565",0.587987158388403,"test","gex","gex_only","with_hubness"
"361","ACH-000567",0.603837020587256,"test","gex","gex_only","with_hubness"
"362","ACH-000570",0.576084363555441,"test","gex","gex_only","with_hubness"
"363","ACH-000571",0.600344371705205,"test","gex","gex_only","with_hubness"
"364","ACH-000573",0.628182474982332,"test","gex","gex_only","with_hubness"
"365","ACH-000576",0.595646220414575,"test","gex","gex_only","with_hubness"
"366","ACH-000577",0.544478322397095,"test","gex","gex_only","with_hubness"
"367","ACH-000579",0.573546383208003,"test","gex","gex_only","with_hubness"
"368","ACH-000580",0.574343470271821,"test","gex","gex_only","with_hubness"
"369","ACH-000581",0.594361801918545,"test","gex","gex_only","with_hubness"
"370","ACH-000584",0.608625269084639,"test","gex","gex_only","with_hubness"
"371","ACH-000585",0.575304523724943,"test","gex","gex_only","with_hubness"
"372","ACH-000587",0.599387313516261,"test","gex","gex_only","with_hubness"
"373","ACH-000588",0.586391123361133,"test","gex","gex_only","with_hubness"
"374","ACH-000589",0.612942412487551,"test","gex","gex_only","with_hubness"
"375","ACH-000591",0.56294126225255,"test","gex","gex_only","with_hubness"
"376","ACH-000592",0.562069475853633,"test","gex","gex_only","with_hubness"
"377","ACH-000593",0.591198758825279,"test","gex","gex_only","with_hubness"
"378","ACH-000595",0.594296748975119,"test","gex","gex_only","with_hubness"
"379","ACH-000596",0.612869885911209,"test","gex","gex_only","with_hubness"
"380","ACH-000597",0.585776812492327,"test","gex","gex_only","with_hubness"
"381","ACH-000599",0.573592674319165,"test","gex","gex_only","with_hubness"
"382","ACH-000600",0.561185690964848,"test","gex","gex_only","with_hubness"
"383","ACH-000601",0.619886181055494,"test","gex","gex_only","with_hubness"
"384","ACH-000602",0.59009555559814,"test","gex","gex_only","with_hubness"
"385","ACH-000604",0.557993307459251,"test","gex","gex_only","with_hubness"
"386","ACH-000605",0.568182530482858,"test","gex","gex_only","with_hubness"
"387","ACH-000606",0.593227902830349,"test","gex","gex_only","with_hubness"
"388","ACH-000607",0.573480487707112,"test","gex","gex_only","with_hubness"
"389","ACH-000609",0.584680781591978,"test","gex","gex_only","with_hubness"
"390","ACH-000614",0.609092925970942,"test","gex","gex_only","with_hubness"
"391","ACH-000616",0.5679363992681,"test","gex","gex_only","with_hubness"
"392","ACH-000618",0.607888273833713,"test","gex","gex_only","with_hubness"
"393","ACH-000619",0.608276048221117,"test","gex","gex_only","with_hubness"
"394","ACH-000620",0.61614310136592,"test","gex","gex_only","with_hubness"
"395","ACH-000621",0.592760221280102,"test","gex","gex_only","with_hubness"
"396","ACH-000622",0.568685888125956,"test","gex","gex_only","with_hubness"
"397","ACH-000623",0.583626572195727,"test","gex","gex_only","with_hubness"
"398","ACH-000624",0.622505594222486,"test","gex","gex_only","with_hubness"
"399","ACH-000627",0.593664377472862,"test","gex","gex_only","with_hubness"
"400","ACH-000630",0.607710885641429,"test","gex","gex_only","with_hubness"
"401","ACH-000632",0.593790203921187,"test","gex","gex_only","with_hubness"
"402","ACH-000633",0.599562079034604,"test","gex","gex_only","with_hubness"
"403","ACH-000634",0.575643574422961,"test","gex","gex_only","with_hubness"
"404","ACH-000637",0.585632955450528,"test","gex","gex_only","with_hubness"
"405","ACH-000638",0.581098139995817,"test","gex","gex_only","with_hubness"
"406","ACH-000639",0.620226449579308,"test","gex","gex_only","with_hubness"
"407","ACH-000645",0.555131760815396,"test","gex","gex_only","with_hubness"
"408","ACH-000646",0.559273696838604,"test","gex","gex_only","with_hubness"
"409","ACH-000647",0.594865623279696,"test","gex","gex_only","with_hubness"
"410","ACH-000648",0.569743809121426,"test","gex","gex_only","with_hubness"
"411","ACH-000649",0.589849863426464,"test","gex","gex_only","with_hubness"
"412","ACH-000651",0.596343420669545,"test","gex","gex_only","with_hubness"
"413","ACH-000652",0.582642877400559,"test","gex","gex_only","with_hubness"
"414","ACH-000653",0.599367656503535,"test","gex","gex_only","with_hubness"
"415","ACH-000654",0.574528888773664,"test","gex","gex_only","with_hubness"
"416","ACH-000655",0.589951748600038,"test","gex","gex_only","with_hubness"
"417","ACH-000656",0.589665020179586,"test","gex","gex_only","with_hubness"
"418","ACH-000657",0.636613165545694,"test","gex","gex_only","with_hubness"
"419","ACH-000658",0.572818595875775,"test","gex","gex_only","with_hubness"
"420","ACH-000660",0.609421020875586,"test","gex","gex_only","with_hubness"
"421","ACH-000661",0.5900917605788,"test","gex","gex_only","with_hubness"
"422","ACH-000662",0.588886040939122,"test","gex","gex_only","with_hubness"
"423","ACH-000663",0.559079563885146,"test","gex","gex_only","with_hubness"
"424","ACH-000664",0.598499717471556,"test","gex","gex_only","with_hubness"
"425","ACH-000665",0.579130495453019,"test","gex","gex_only","with_hubness"
"426","ACH-000666",0.593554214695762,"test","gex","gex_only","with_hubness"
"427","ACH-000667",0.595985949653708,"test","gex","gex_only","with_hubness"
"428","ACH-000668",0.5548131737635,"test","gex","gex_only","with_hubness"
"429","ACH-000671",0.607054202376924,"test","gex","gex_only","with_hubness"
"430","ACH-000673",0.573256631657785,"test","gex","gex_only","with_hubness"
"431","ACH-000676",0.602384011462816,"test","gex","gex_only","with_hubness"
"432","ACH-000677",0.602537197873904,"test","gex","gex_only","with_hubness"
"433","ACH-000680",0.561667748627333,"test","gex","gex_only","with_hubness"
"434","ACH-000681",0.602741007600339,"test","gex","gex_only","with_hubness"
"435","ACH-000682",0.626248225447489,"test","gex","gex_only","with_hubness"
"436","ACH-000683",0.600012063849543,"test","gex","gex_only","with_hubness"
"437","ACH-000684",0.568147240489558,"test","gex","gex_only","with_hubness"
"438","ACH-000685",0.575365213235687,"test","gex","gex_only","with_hubness"
"439","ACH-000693",0.62511490861114,"test","gex","gex_only","with_hubness"
"440","ACH-000694",0.615898485375923,"test","gex","gex_only","with_hubness"
"441","ACH-000695",0.562977728671987,"test","gex","gex_only","with_hubness"
"442","ACH-000696",0.622467073595191,"test","gex","gex_only","with_hubness"
"443","ACH-000697",0.596417037078212,"test","gex","gex_only","with_hubness"
"444","ACH-000698",0.604930621203584,"test","gex","gex_only","with_hubness"
"445","ACH-000699",0.600652773239984,"test","gex","gex_only","with_hubness"
"446","ACH-000700",0.552477503094517,"test","gex","gex_only","with_hubness"
"447","ACH-000701",0.56148191547791,"test","gex","gex_only","with_hubness"
"448","ACH-000702",0.571195295484193,"test","gex","gex_only","with_hubness"
"449","ACH-000704",0.56244526516826,"test","gex","gex_only","with_hubness"
"450","ACH-000706",0.614550383149865,"test","gex","gex_only","with_hubness"
"451","ACH-000709",0.541493963221875,"test","gex","gex_only","with_hubness"
"452","ACH-000711",0.601081570472752,"test","gex","gex_only","with_hubness"
"453","ACH-000713",0.566600972506121,"test","gex","gex_only","with_hubness"
"454","ACH-000714",0.59603538961462,"test","gex","gex_only","with_hubness"
"455","ACH-000716",0.606906717437255,"test","gex","gex_only","with_hubness"
"456","ACH-000717",0.579995792587407,"test","gex","gex_only","with_hubness"
"457","ACH-000718",0.56721063597,"test","gex","gex_only","with_hubness"
"458","ACH-000719",0.595042780263628,"test","gex","gex_only","with_hubness"
"459","ACH-000720",0.60213959820932,"test","gex","gex_only","with_hubness"
"460","ACH-000721",0.598088090778923,"test","gex","gex_only","with_hubness"
"461","ACH-000722",0.572014234589265,"test","gex","gex_only","with_hubness"
"462","ACH-000724",0.54957478740328,"test","gex","gex_only","with_hubness"
"463","ACH-000725",0.559496825913789,"test","gex","gex_only","with_hubness"
"464","ACH-000732",0.577915803130387,"test","gex","gex_only","with_hubness"
"465","ACH-000734",0.607379910269439,"test","gex","gex_only","with_hubness"
"466","ACH-000735",0.583899863174118,"test","gex","gex_only","with_hubness"
"467","ACH-000736",0.576882165218639,"test","gex","gex_only","with_hubness"
"468","ACH-000738",0.610934675199581,"test","gex","gex_only","with_hubness"
"469","ACH-000739",0.594183169830354,"test","gex","gex_only","with_hubness"
"470","ACH-000740",0.613126345614759,"test","gex","gex_only","with_hubness"
"471","ACH-000741",0.594300417412492,"test","gex","gex_only","with_hubness"
"472","ACH-000746",0.597341333598911,"test","gex","gex_only","with_hubness"
"473","ACH-000747",0.607639214060363,"test","gex","gex_only","with_hubness"
"474","ACH-000748",0.58620429836354,"test","gex","gex_only","with_hubness"
"475","ACH-000753",0.621690447852429,"test","gex","gex_only","with_hubness"
"476","ACH-000754",0.556679583849235,"test","gex","gex_only","with_hubness"
"477","ACH-000756",0.604043093214442,"test","gex","gex_only","with_hubness"
"478","ACH-000757",0.572426226738631,"test","gex","gex_only","with_hubness"
"479","ACH-000758",0.592527736936728,"test","gex","gex_only","with_hubness"
"480","ACH-000760",0.591664253537756,"test","gex","gex_only","with_hubness"
"481","ACH-000762",0.576633356425286,"test","gex","gex_only","with_hubness"
"482","ACH-000763",0.573993619978967,"test","gex","gex_only","with_hubness"
"483","ACH-000764",0.572672110839356,"test","gex","gex_only","with_hubness"
"484","ACH-000765",0.56986170801206,"test","gex","gex_only","with_hubness"
"485","ACH-000766",0.56950602488039,"test","gex","gex_only","with_hubness"
"486","ACH-000767",0.578554007503301,"test","gex","gex_only","with_hubness"
"487","ACH-000768",0.596291646375211,"test","gex","gex_only","with_hubness"
"488","ACH-000769",0.617276033912577,"test","gex","gex_only","with_hubness"
"489","ACH-000770",0.618415206577953,"test","gex","gex_only","with_hubness"
"490","ACH-000771",0.609183465846816,"test","gex","gex_only","with_hubness"
"491","ACH-000773",0.577495069952258,"test","gex","gex_only","with_hubness"
"492","ACH-000774",0.554045077095745,"test","gex","gex_only","with_hubness"
"493","ACH-000775",0.619400745576136,"test","gex","gex_only","with_hubness"
"494","ACH-000776",0.587406498273879,"test","gex","gex_only","with_hubness"
"495","ACH-000777",0.608366785986345,"test","gex","gex_only","with_hubness"
"496","ACH-000778",0.594487687384858,"test","gex","gex_only","with_hubness"
"497","ACH-000781",0.589918160186686,"test","gex","gex_only","with_hubness"
"498","ACH-000782",0.586443604625848,"test","gex","gex_only","with_hubness"
"499","ACH-000783",0.563948574572045,"test","gex","gex_only","with_hubness"
"500","ACH-000784",0.610954378004877,"test","gex","gex_only","with_hubness"
"501","ACH-000785",0.568430022354308,"test","gex","gex_only","with_hubness"
"502","ACH-000787",0.613250934338646,"test","gex","gex_only","with_hubness"
"503","ACH-000788",0.604589313553547,"test","gex","gex_only","with_hubness"
"504","ACH-000790",0.600234017016086,"test","gex","gex_only","with_hubness"
"505","ACH-000791",0.574193347443359,"test","gex","gex_only","with_hubness"
"506","ACH-000792",0.573856556370893,"test","gex","gex_only","with_hubness"
"507","ACH-000793",0.609688157064091,"test","gex","gex_only","with_hubness"
"508","ACH-000794",0.605123911025533,"test","gex","gex_only","with_hubness"
"509","ACH-000796",0.568581333341984,"test","gex","gex_only","with_hubness"
"510","ACH-000799",0.548174486791051,"test","gex","gex_only","with_hubness"
"511","ACH-000800",0.557655583024074,"test","gex","gex_only","with_hubness"
"512","ACH-000801",0.581127720646762,"test","gex","gex_only","with_hubness"
"513","ACH-000802",0.610577924162513,"test","gex","gex_only","with_hubness"
"514","ACH-000804",0.584601215663489,"test","gex","gex_only","with_hubness"
"515","ACH-000805",0.588361241559688,"test","gex","gex_only","with_hubness"
"516","ACH-000807",0.598958066358236,"test","gex","gex_only","with_hubness"
"517","ACH-000809",0.601568728553003,"test","gex","gex_only","with_hubness"
"518","ACH-000810",0.555231447392028,"test","gex","gex_only","with_hubness"
"519","ACH-000811",0.568992513965725,"test","gex","gex_only","with_hubness"
"520","ACH-000817",0.607659023444225,"test","gex","gex_only","with_hubness"
"521","ACH-000819",0.578511387479667,"test","gex","gex_only","with_hubness"
"522","ACH-000820",0.565655670030713,"test","gex","gex_only","with_hubness"
"523","ACH-000821",0.548134697857951,"test","gex","gex_only","with_hubness"
"524","ACH-000822",0.568276742398122,"test","gex","gex_only","with_hubness"
"525","ACH-000823",0.616990096987278,"test","gex","gex_only","with_hubness"
"526","ACH-000824",0.569978891169259,"test","gex","gex_only","with_hubness"
"527","ACH-000826",0.576112097705815,"test","gex","gex_only","with_hubness"
"528","ACH-000827",0.578473665328806,"test","gex","gex_only","with_hubness"
"529","ACH-000829",0.562449559223283,"test","gex","gex_only","with_hubness"
"530","ACH-000831",0.615238116864361,"test","gex","gex_only","with_hubness"
"531","ACH-000832",0.592065851167309,"test","gex","gex_only","with_hubness"
"532","ACH-000833",0.574301385244762,"test","gex","gex_only","with_hubness"
"533","ACH-000834",0.598186366952158,"test","gex","gex_only","with_hubness"
"534","ACH-000835",0.61773607552402,"test","gex","gex_only","with_hubness"
"535","ACH-000836",0.600113268454313,"test","gex","gex_only","with_hubness"
"536","ACH-000837",0.61081537812182,"test","gex","gex_only","with_hubness"
"537","ACH-000838",0.545867036107967,"test","gex","gex_only","with_hubness"
"538","ACH-000839",0.574786869575384,"test","gex","gex_only","with_hubness"
"539","ACH-000840",0.548620813833466,"test","gex","gex_only","with_hubness"
"540","ACH-000841",0.60596828182333,"test","gex","gex_only","with_hubness"
"541","ACH-000843",0.623172497762411,"test","gex","gex_only","with_hubness"
"542","ACH-000845",0.587928340472839,"test","gex","gex_only","with_hubness"
"543","ACH-000846",0.598976659805137,"test","gex","gex_only","with_hubness"
"544","ACH-000847",0.61055307994225,"test","gex","gex_only","with_hubness"
"545","ACH-000848",0.60418399443822,"test","gex","gex_only","with_hubness"
"546","ACH-000849",0.611257463960041,"test","gex","gex_only","with_hubness"
"547","ACH-000851",0.577840731493614,"test","gex","gex_only","with_hubness"
"548","ACH-000853",0.620067943629298,"test","gex","gex_only","with_hubness"
"549","ACH-000854",0.575411854245843,"test","gex","gex_only","with_hubness"
"550","ACH-000855",0.585297538129888,"test","gex","gex_only","with_hubness"
"551","ACH-000856",0.6130170609607,"test","gex","gex_only","with_hubness"
"552","ACH-000858",0.610161015904383,"test","gex","gex_only","with_hubness"
"553","ACH-000859",0.570037736462972,"test","gex","gex_only","with_hubness"
"554","ACH-000860",0.59274898382186,"test","gex","gex_only","with_hubness"
"555","ACH-000861",0.607807569396027,"test","gex","gex_only","with_hubness"
"556","ACH-000862",0.585278829423825,"test","gex","gex_only","with_hubness"
"557","ACH-000863",0.584861567927002,"test","gex","gex_only","with_hubness"
"558","ACH-000864",0.608778145529643,"test","gex","gex_only","with_hubness"
"559","ACH-000865",0.606696652339674,"test","gex","gex_only","with_hubness"
"560","ACH-000866",0.621021251534949,"test","gex","gex_only","with_hubness"
"561","ACH-000867",0.573979901962402,"test","gex","gex_only","with_hubness"
"562","ACH-000869",0.583635586898436,"test","gex","gex_only","with_hubness"
"563","ACH-000872",0.562683636964917,"test","gex","gex_only","with_hubness"
"564","ACH-000873",0.60413167722202,"test","gex","gex_only","with_hubness"
"565","ACH-000876",0.594838917499246,"test","gex","gex_only","with_hubness"
"566","ACH-000878",0.558509364565221,"test","gex","gex_only","with_hubness"
"567","ACH-000879",0.605902245359447,"test","gex","gex_only","with_hubness"
"568","ACH-000880",0.596467210107562,"test","gex","gex_only","with_hubness"
"569","ACH-000881",0.595134038552879,"test","gex","gex_only","with_hubness"
"570","ACH-000882",0.610946722783723,"test","gex","gex_only","with_hubness"
"571","ACH-000884",0.611970143431932,"test","gex","gex_only","with_hubness"
"572","ACH-000885",0.61208979162881,"test","gex","gex_only","with_hubness"
"573","ACH-000886",0.603670949924758,"test","gex","gex_only","with_hubness"
"574","ACH-000887",0.60754448213461,"test","gex","gex_only","with_hubness"
"575","ACH-000888",0.603908839630939,"test","gex","gex_only","with_hubness"
"576","ACH-000889",0.609561874501564,"test","gex","gex_only","with_hubness"
"577","ACH-000890",0.578279463058834,"test","gex","gex_only","with_hubness"
"578","ACH-000894",0.57691027082631,"test","gex","gex_only","with_hubness"
"579","ACH-000896",0.58212198361491,"test","gex","gex_only","with_hubness"
"580","ACH-000898",0.591736091130349,"test","gex","gex_only","with_hubness"
"581","ACH-000899",0.580142851033052,"test","gex","gex_only","with_hubness"
"582","ACH-000900",0.614974846810801,"test","gex","gex_only","with_hubness"
"583","ACH-000901",0.584854602924894,"test","gex","gex_only","with_hubness"
"584","ACH-000903",0.594091564840795,"test","gex","gex_only","with_hubness"
"585","ACH-000905",0.600749085809465,"test","gex","gex_only","with_hubness"
"586","ACH-000906",0.609105530439374,"test","gex","gex_only","with_hubness"
"587","ACH-000907",0.54927891661218,"test","gex","gex_only","with_hubness"
"588","ACH-000910",0.575953869574875,"test","gex","gex_only","with_hubness"
"589","ACH-000911",0.623051775893168,"test","gex","gex_only","with_hubness"
"590","ACH-000912",0.596242937307583,"test","gex","gex_only","with_hubness"
"591","ACH-000913",0.626569879035772,"test","gex","gex_only","with_hubness"
"592","ACH-000914",0.604771232002402,"test","gex","gex_only","with_hubness"
"593","ACH-000915",0.591666807046055,"test","gex","gex_only","with_hubness"
"594","ACH-000917",0.611540878353501,"test","gex","gex_only","with_hubness"
"595","ACH-000919",0.599620579394777,"test","gex","gex_only","with_hubness"
"596","ACH-000920",0.580744694650769,"test","gex","gex_only","with_hubness"
"597","ACH-000921",0.60174120187633,"test","gex","gex_only","with_hubness"
"598","ACH-000922",0.606757483822595,"test","gex","gex_only","with_hubness"
"599","ACH-000924",0.617518240980397,"test","gex","gex_only","with_hubness"
"600","ACH-000926",0.580186632391784,"test","gex","gex_only","with_hubness"
"601","ACH-000928",0.546085510304233,"test","gex","gex_only","with_hubness"
"602","ACH-000929",0.581840410718852,"test","gex","gex_only","with_hubness"
"603","ACH-000932",0.616001493704,"test","gex","gex_only","with_hubness"
"604","ACH-000934",0.548533194614197,"test","gex","gex_only","with_hubness"
"605","ACH-000935",0.597882980036842,"test","gex","gex_only","with_hubness"
"606","ACH-000936",0.609610009109936,"test","gex","gex_only","with_hubness"
"607","ACH-000937",0.581905717985385,"test","gex","gex_only","with_hubness"
"608","ACH-000938",0.58465096663658,"test","gex","gex_only","with_hubness"
"609","ACH-000939",0.592855122557437,"test","gex","gex_only","with_hubness"
"610","ACH-000941",0.57595699192404,"test","gex","gex_only","with_hubness"
"611","ACH-000943",0.623109054644021,"test","gex","gex_only","with_hubness"
"612","ACH-000944",0.597605010575891,"test","gex","gex_only","with_hubness"
"613","ACH-000945",0.578751863840742,"test","gex","gex_only","with_hubness"
"614","ACH-000946",0.603041350352384,"test","gex","gex_only","with_hubness"
"615","ACH-000947",0.621318863491599,"test","gex","gex_only","with_hubness"
"616","ACH-000948",0.631601382977386,"test","gex","gex_only","with_hubness"
"617","ACH-000950",0.59147926892679,"test","gex","gex_only","with_hubness"
"618","ACH-000953",0.567303844466369,"test","gex","gex_only","with_hubness"
"619","ACH-000956",0.568921782599183,"test","gex","gex_only","with_hubness"
"620","ACH-000957",0.589690665668485,"test","gex","gex_only","with_hubness"
"621","ACH-000958",0.597189595735524,"test","gex","gex_only","with_hubness"
"622","ACH-000959",0.601968510892705,"test","gex","gex_only","with_hubness"
"623","ACH-000960",0.584320681090117,"test","gex","gex_only","with_hubness"
"624","ACH-000961",0.589938752261182,"test","gex","gex_only","with_hubness"
"625","ACH-000962",0.59660201643438,"test","gex","gex_only","with_hubness"
"626","ACH-000965",0.620750601815927,"test","gex","gex_only","with_hubness"
"627","ACH-000966",0.569782347260729,"test","gex","gex_only","with_hubness"
"628","ACH-000968",0.605432004812889,"test","gex","gex_only","with_hubness"
"629","ACH-000969",0.597679173307876,"test","gex","gex_only","with_hubness"
"630","ACH-000970",0.595013124455217,"test","gex","gex_only","with_hubness"
"631","ACH-000971",0.595204559281955,"test","gex","gex_only","with_hubness"
"632","ACH-000973",0.60822758028645,"test","gex","gex_only","with_hubness"
"633","ACH-000974",0.612468404559483,"test","gex","gex_only","with_hubness"
"634","ACH-000975",0.598503309667684,"test","gex","gex_only","with_hubness"
"635","ACH-000976",0.589143005815685,"test","gex","gex_only","with_hubness"
"636","ACH-000977",0.622000380284126,"test","gex","gex_only","with_hubness"
"637","ACH-000978",0.578456593074165,"test","gex","gex_only","with_hubness"
"638","ACH-000979",0.588130335785038,"test","gex","gex_only","with_hubness"
"639","ACH-000980",0.613134215506102,"test","gex","gex_only","with_hubness"
"640","ACH-000983",0.598584683351078,"test","gex","gex_only","with_hubness"
"641","ACH-000984",0.572416982914925,"test","gex","gex_only","with_hubness"
"642","ACH-000985",0.56350615468596,"test","gex","gex_only","with_hubness"
"643","ACH-000986",0.600007054065928,"test","gex","gex_only","with_hubness"
"644","ACH-000988",0.57283906325149,"test","gex","gex_only","with_hubness"
"645","ACH-000991",0.57703729676056,"test","gex","gex_only","with_hubness"
"646","ACH-000993",0.578740167504726,"test","gex","gex_only","with_hubness"
"647","ACH-000994",0.591583332791011,"test","gex","gex_only","with_hubness"
"648","ACH-000995",0.571686070145964,"test","gex","gex_only","with_hubness"
"649","ACH-000996",0.583679883129879,"test","gex","gex_only","with_hubness"
"650","ACH-000997",0.592353877430927,"test","gex","gex_only","with_hubness"
"651","ACH-001001",0.608557621891253,"test","gex","gex_only","with_hubness"
"652","ACH-001016",0.596560121271671,"test","gex","gex_only","with_hubness"
"653","ACH-001020",0.549621232295828,"test","gex","gex_only","with_hubness"
"654","ACH-001028",0.603097903645694,"test","gex","gex_only","with_hubness"
"655","ACH-001029",0.623012794842706,"test","gex","gex_only","with_hubness"
"656","ACH-001031",0.627698925792251,"test","gex","gex_only","with_hubness"
"657","ACH-001033",0.571924777492131,"test","gex","gex_only","with_hubness"
"658","ACH-001036",0.567510699512071,"test","gex","gex_only","with_hubness"
"659","ACH-001038",0.602328315466069,"test","gex","gex_only","with_hubness"
"660","ACH-001039",0.5865047376395,"test","gex","gex_only","with_hubness"
"661","ACH-001041",0.600869475714597,"test","gex","gex_only","with_hubness"
"662","ACH-001048",0.584078689614133,"test","gex","gex_only","with_hubness"
"663","ACH-001050",0.595154572350327,"test","gex","gex_only","with_hubness"
"664","ACH-001053",0.555687627336604,"test","gex","gex_only","with_hubness"
"665","ACH-001054",0.587783549162839,"test","gex","gex_only","with_hubness"
"666","ACH-001061",0.608912763355922,"test","gex","gex_only","with_hubness"
"667","ACH-001063",0.567087804030896,"test","gex","gex_only","with_hubness"
"668","ACH-001065",0.586141719476165,"test","gex","gex_only","with_hubness"
"669","ACH-001067",0.620464700742835,"test","gex","gex_only","with_hubness"
"670","ACH-001075",0.576804562777238,"test","gex","gex_only","with_hubness"
"671","ACH-001081",0.573168675047863,"test","gex","gex_only","with_hubness"
"672","ACH-001096",0.602467906126458,"test","gex","gex_only","with_hubness"
"673","ACH-001098",0.574533631428316,"test","gex","gex_only","with_hubness"
"674","ACH-001099",0.586489411683573,"test","gex","gex_only","with_hubness"
"675","ACH-001107",0.590051810008976,"test","gex","gex_only","with_hubness"
"676","ACH-001126",0.582538521588839,"test","gex","gex_only","with_hubness"
"677","ACH-001128",0.581043996978856,"test","gex","gex_only","with_hubness"
"678","ACH-001129",0.571515934661558,"test","gex","gex_only","with_hubness"
"679","ACH-001134",0.589596043679783,"test","gex","gex_only","with_hubness"
"680","ACH-001137",0.551119941436691,"test","gex","gex_only","with_hubness"
"681","ACH-001145",0.610129750301523,"test","gex","gex_only","with_hubness"
"682","ACH-001151",0.588886728077233,"test","gex","gex_only","with_hubness"
"683","ACH-001163",0.581589542820793,"test","gex","gex_only","with_hubness"
"684","ACH-001164",0.565842839019313,"test","gex","gex_only","with_hubness"
"685","ACH-001172",0.620851631033275,"test","gex","gex_only","with_hubness"
"686","ACH-001183",0.593383931799257,"test","gex","gex_only","with_hubness"
"687","ACH-001184",0.557284504377817,"test","gex","gex_only","with_hubness"
"688","ACH-001188",0.558956137466418,"test","gex","gex_only","with_hubness"
"689","ACH-001190",0.567642683749465,"test","gex","gex_only","with_hubness"
"690","ACH-001192",0.577704454560501,"test","gex","gex_only","with_hubness"
"691","ACH-001193",0.600726858920187,"test","gex","gex_only","with_hubness"
"692","ACH-001194",0.558160658456346,"test","gex","gex_only","with_hubness"
"693","ACH-001196",0.59113449829869,"test","gex","gex_only","with_hubness"
"694","ACH-001197",0.57095085342386,"test","gex","gex_only","with_hubness"
"695","ACH-001205",0.569384418007444,"test","gex","gex_only","with_hubness"
"696","ACH-001211",0.584906209467362,"test","gex","gex_only","with_hubness"
"697","ACH-001212",0.551941276216075,"test","gex","gex_only","with_hubness"
"698","ACH-001228",0.56898631946155,"test","gex","gex_only","with_hubness"
"699","ACH-001229",0.622871165355015,"test","gex","gex_only","with_hubness"
"700","ACH-001232",0.581888149401961,"test","gex","gex_only","with_hubness"
"701","ACH-001233",0.600508066289627,"test","gex","gex_only","with_hubness"
"702","ACH-001239",0.613208644079719,"test","gex","gex_only","with_hubness"
"703","ACH-001270",0.561955473711292,"test","gex","gex_only","with_hubness"
"704","ACH-001274",0.581929259013545,"test","gex","gex_only","with_hubness"
"705","ACH-001275",0.58571080123205,"test","gex","gex_only","with_hubness"
"706","ACH-001277",0.558656261073584,"test","gex","gex_only","with_hubness"
"707","ACH-001278",0.611265076274339,"test","gex","gex_only","with_hubness"
"708","ACH-001279",0.588077927133443,"test","gex","gex_only","with_hubness"
"709","ACH-001280",0.575749268139339,"test","gex","gex_only","with_hubness"
"710","ACH-001283",0.593440085428211,"test","gex","gex_only","with_hubness"
"711","ACH-001289",0.591701432644623,"test","gex","gex_only","with_hubness"
"712","ACH-001295",0.591660856587276,"test","gex","gex_only","with_hubness"
"713","ACH-001300",0.586604114219796,"test","gex","gex_only","with_hubness"
"714","ACH-001301",0.561712771760133,"test","gex","gex_only","with_hubness"
"715","ACH-001302",0.559543210118467,"test","gex","gex_only","with_hubness"
"716","ACH-001303",0.553786192443168,"test","gex","gex_only","with_hubness"
"717","ACH-001306",0.581628805085079,"test","gex","gex_only","with_hubness"
"718","ACH-001307",0.575271570469511,"test","gex","gex_only","with_hubness"
"719","ACH-001310",0.58777842972712,"test","gex","gex_only","with_hubness"
"720","ACH-001318",0.603786910143426,"test","gex","gex_only","with_hubness"
"721","ACH-001322",0.595350143291252,"test","gex","gex_only","with_hubness"
"722","ACH-001328",0.594855453062411,"test","gex","gex_only","with_hubness"
"723","ACH-001329",0.600421557715238,"test","gex","gex_only","with_hubness"
"724","ACH-001331",0.577742642984673,"test","gex","gex_only","with_hubness"
"725","ACH-001332",0.582412278814009,"test","gex","gex_only","with_hubness"
"726","ACH-001333",0.591910423200374,"test","gex","gex_only","with_hubness"
"727","ACH-001334",0.612895721708645,"test","gex","gex_only","with_hubness"
"728","ACH-001335",0.589383755905352,"test","gex","gex_only","with_hubness"
"729","ACH-001336",0.60235913382919,"test","gex","gex_only","with_hubness"
"730","ACH-001338",0.59685222917671,"test","gex","gex_only","with_hubness"
"731","ACH-001340",0.614724681135446,"test","gex","gex_only","with_hubness"
"732","ACH-001341",0.603888754966813,"test","gex","gex_only","with_hubness"
"733","ACH-001344",0.558613925017377,"test","gex","gex_only","with_hubness"
"734","ACH-001345",0.627001669427286,"test","gex","gex_only","with_hubness"
"735","ACH-001346",0.633392972129122,"test","gex","gex_only","with_hubness"
"736","ACH-001347",0.602464419516284,"test","gex","gex_only","with_hubness"
"737","ACH-001353",0.583676642699638,"test","gex","gex_only","with_hubness"
"738","ACH-001354",0.564861683150692,"test","gex","gex_only","with_hubness"
"739","ACH-001356",0.555514694450915,"test","gex","gex_only","with_hubness"
"740","ACH-001366",0.58529037322892,"test","gex","gex_only","with_hubness"
"741","ACH-001367",0.57587141845982,"test","gex","gex_only","with_hubness"
"742","ACH-001368",0.618944035736796,"test","gex","gex_only","with_hubness"
"743","ACH-001370",0.574436235886595,"test","gex","gex_only","with_hubness"
"744","ACH-001374",0.568916985092998,"test","gex","gex_only","with_hubness"
"745","ACH-001375",0.576648412180897,"test","gex","gex_only","with_hubness"
"746","ACH-001377",0.606254466722739,"test","gex","gex_only","with_hubness"
"747","ACH-001379",0.581869163697815,"test","gex","gex_only","with_hubness"
"748","ACH-001380",0.614633227637743,"test","gex","gex_only","with_hubness"
"749","ACH-001382",0.548149817939047,"test","gex","gex_only","with_hubness"
"750","ACH-001385",0.608955692642579,"test","gex","gex_only","with_hubness"
"751","ACH-001386",0.588952458286201,"test","gex","gex_only","with_hubness"
"752","ACH-001389",0.60749329319518,"test","gex","gex_only","with_hubness"
"753","ACH-001390",0.578445613462015,"test","gex","gex_only","with_hubness"
"754","ACH-001391",0.559442915111478,"test","gex","gex_only","with_hubness"
"755","ACH-001392",0.59314896559756,"test","gex","gex_only","with_hubness"
"756","ACH-001393",0.588959651001062,"test","gex","gex_only","with_hubness"
"757","ACH-001394",0.566730757437283,"test","gex","gex_only","with_hubness"
"758","ACH-001398",0.571580429457704,"test","gex","gex_only","with_hubness"
"759","ACH-001399",0.573613399057486,"test","gex","gex_only","with_hubness"
"760","ACH-001400",0.585993273049697,"test","gex","gex_only","with_hubness"
"761","ACH-001402",0.595946643563761,"test","gex","gex_only","with_hubness"
"762","ACH-001403",0.561209918702217,"test","gex","gex_only","with_hubness"
"763","ACH-001407",0.580318260859891,"test","gex","gex_only","with_hubness"
"764","ACH-001408",0.589005468522846,"test","gex","gex_only","with_hubness"
"765","ACH-001409",0.526310905524022,"test","gex","gex_only","with_hubness"
"766","ACH-001411",0.575905486621308,"test","gex","gex_only","with_hubness"
"767","ACH-001412",0.563139786577552,"test","gex","gex_only","with_hubness"
"768","ACH-001413",0.603847338162372,"test","gex","gex_only","with_hubness"
"769","ACH-001414",0.58238808691973,"test","gex","gex_only","with_hubness"
"770","ACH-001415",0.559786631610389,"test","gex","gex_only","with_hubness"
"771","ACH-001416",0.557941463178175,"test","gex","gex_only","with_hubness"
"772","ACH-001418",0.611598649411258,"test","gex","gex_only","with_hubness"
"773","ACH-001419",0.585532622419736,"test","gex","gex_only","with_hubness"
"774","ACH-001421",0.563731669683043,"test","gex","gex_only","with_hubness"
"775","ACH-001422",0.552809046180959,"test","gex","gex_only","with_hubness"
"776","ACH-001430",0.574696484926058,"test","gex","gex_only","with_hubness"
"777","ACH-001431",0.571710944752974,"test","gex","gex_only","with_hubness"
"778","ACH-001433",0.57049961387665,"test","gex","gex_only","with_hubness"
"779","ACH-001442",0.573914655547109,"test","gex","gex_only","with_hubness"
"780","ACH-001443",0.581187400026521,"test","gex","gex_only","with_hubness"
"781","ACH-001450",0.560016285828543,"test","gex","gex_only","with_hubness"
"782","ACH-001451",0.593235701569969,"test","gex","gex_only","with_hubness"
"783","ACH-001453",0.587895369383905,"test","gex","gex_only","with_hubness"
"784","ACH-001458",0.564779977268265,"test","gex","gex_only","with_hubness"
"785","ACH-001459",0.563893513703026,"test","gex","gex_only","with_hubness"
"786","ACH-001460",0.588753680550691,"test","gex","gex_only","with_hubness"
"787","ACH-001494",0.59868696457234,"test","gex","gex_only","with_hubness"
"788","ACH-001495",0.564381908560209,"test","gex","gex_only","with_hubness"
"789","ACH-001496",0.621039682952379,"test","gex","gex_only","with_hubness"
"790","ACH-001497",0.583855312931613,"test","gex","gex_only","with_hubness"
"791","ACH-001498",0.566916732710667,"test","gex","gex_only","with_hubness"
"792","ACH-001500",0.600631362117748,"test","gex","gex_only","with_hubness"
"793","ACH-001509",0.561407280657098,"test","gex","gex_only","with_hubness"
"794","ACH-001510",0.616404825711343,"test","gex","gex_only","with_hubness"
"795","ACH-001511",0.582530197034894,"test","gex","gex_only","with_hubness"
"796","ACH-001513",0.568480392609193,"test","gex","gex_only","with_hubness"
"797","ACH-001515",0.573495476165225,"test","gex","gex_only","with_hubness"
"798","ACH-001517",0.57373507447498,"test","gex","gex_only","with_hubness"
"799","ACH-001518",0.546500891798416,"test","gex","gex_only","with_hubness"
"800","ACH-001520",0.572160761671478,"test","gex","gex_only","with_hubness"
"801","ACH-001521",0.566708589187353,"test","gex","gex_only","with_hubness"
"802","ACH-001522",0.572353602183103,"test","gex","gex_only","with_hubness"
"803","ACH-001523",0.61398100471464,"test","gex","gex_only","with_hubness"
"804","ACH-001524",0.594749519329662,"test","gex","gex_only","with_hubness"
"805","ACH-001525",0.607102356423109,"test","gex","gex_only","with_hubness"
"806","ACH-001526",0.573043560893734,"test","gex","gex_only","with_hubness"
"807","ACH-001528",0.62736276622348,"test","gex","gex_only","with_hubness"
"808","ACH-001529",0.599940491999753,"test","gex","gex_only","with_hubness"
"809","ACH-001530",0.562144068945898,"test","gex","gex_only","with_hubness"
"810","ACH-001532",0.616369912320163,"test","gex","gex_only","with_hubness"
"811","ACH-001533",0.615553953968947,"test","gex","gex_only","with_hubness"
"812","ACH-001536",0.585371313421047,"test","gex","gex_only","with_hubness"
"813","ACH-001538",0.60443231767733,"test","gex","gex_only","with_hubness"
"814","ACH-001539",0.581038752059536,"test","gex","gex_only","with_hubness"
"815","ACH-001542",0.626459827348507,"test","gex","gex_only","with_hubness"
"816","ACH-001543",0.568773243534344,"test","gex","gex_only","with_hubness"
"817","ACH-001544",0.596050882101908,"test","gex","gex_only","with_hubness"
"818","ACH-001547",0.573181527093736,"test","gex","gex_only","with_hubness"
"819","ACH-001548",0.571824906532603,"test","gex","gex_only","with_hubness"
"820","ACH-001549",0.606178872344188,"test","gex","gex_only","with_hubness"
"821","ACH-001550",0.564034713950353,"test","gex","gex_only","with_hubness"
"822","ACH-001551",0.6160106428902,"test","gex","gex_only","with_hubness"
"823","ACH-001552",0.564524327539642,"test","gex","gex_only","with_hubness"
"824","ACH-001554",0.632136897119595,"test","gex","gex_only","with_hubness"
"825","ACH-001555",0.56145178715116,"test","gex","gex_only","with_hubness"
"826","ACH-001556",0.593973603154643,"test","gex","gex_only","with_hubness"
"827","ACH-001557",0.574257209863357,"test","gex","gex_only","with_hubness"
"828","ACH-001558",0.585659730496326,"test","gex","gex_only","with_hubness"
"829","ACH-001559",0.567121323557045,"test","gex","gex_only","with_hubness"
"830","ACH-001560",0.604440639340421,"test","gex","gex_only","with_hubness"
"831","ACH-001562",0.60965763412978,"test","gex","gex_only","with_hubness"
"832","ACH-001563",0.54704115061638,"test","gex","gex_only","with_hubness"
"833","ACH-001566",0.584334603956212,"test","gex","gex_only","with_hubness"
"834","ACH-001567",0.584374462907202,"test","gex","gex_only","with_hubness"
"835","ACH-001568",0.580885637239955,"test","gex","gex_only","with_hubness"
"836","ACH-001570",0.610176636042966,"test","gex","gex_only","with_hubness"
"837","ACH-001574",0.573367661825508,"test","gex","gex_only","with_hubness"
"838","ACH-001577",0.55328892695553,"test","gex","gex_only","with_hubness"
"839","ACH-001603",0.56776595492423,"test","gex","gex_only","with_hubness"
"840","ACH-001605",0.603095409738164,"test","gex","gex_only","with_hubness"
"841","ACH-001606",0.587867442953442,"test","gex","gex_only","with_hubness"
"842","ACH-001607",0.601718977120462,"test","gex","gex_only","with_hubness"
"843","ACH-001608",0.597964589792384,"test","gex","gex_only","with_hubness"
"844","ACH-001609",0.596599468483834,"test","gex","gex_only","with_hubness"
"845","ACH-001610",0.555973285599721,"test","gex","gex_only","with_hubness"
"846","ACH-001611",0.580123937979723,"test","gex","gex_only","with_hubness"
"847","ACH-001616",0.612171980335117,"test","gex","gex_only","with_hubness"
"848","ACH-001618",0.586061214326874,"test","gex","gex_only","with_hubness"
"849","ACH-001619",0.532720572254056,"test","gex","gex_only","with_hubness"
"850","ACH-001622",0.59218414732302,"test","gex","gex_only","with_hubness"
"851","ACH-001623",0.561650903635865,"test","gex","gex_only","with_hubness"
"852","ACH-001624",0.547931476590907,"test","gex","gex_only","with_hubness"
"853","ACH-001625",0.591700535091795,"test","gex","gex_only","with_hubness"
"854","ACH-001626",0.57237375184914,"test","gex","gex_only","with_hubness"
"855","ACH-001627",0.622436026696535,"test","gex","gex_only","with_hubness"
"856","ACH-001628",0.582758543470082,"test","gex","gex_only","with_hubness"
"857","ACH-001630",0.603906757371283,"test","gex","gex_only","with_hubness"
"858","ACH-001632",0.569172602357614,"test","gex","gex_only","with_hubness"
"859","ACH-001634",0.599296755248592,"test","gex","gex_only","with_hubness"
"860","ACH-001639",0.551338477834633,"test","gex","gex_only","with_hubness"
"861","ACH-001641",0.593515202975868,"test","gex","gex_only","with_hubness"
"862","ACH-001645",0.570732642604391,"test","gex","gex_only","with_hubness"
"863","ACH-001647",0.600381527215776,"test","gex","gex_only","with_hubness"
"864","ACH-001648",0.638897012172049,"test","gex","gex_only","with_hubness"
"865","ACH-001649",0.582375694757758,"test","gex","gex_only","with_hubness"
"866","ACH-001650",0.585944169906657,"test","gex","gex_only","with_hubness"
"867","ACH-001652",0.610266621439162,"test","gex","gex_only","with_hubness"
"868","ACH-001653",0.604002618756105,"test","gex","gex_only","with_hubness"
"869","ACH-001654",0.618464263404679,"test","gex","gex_only","with_hubness"
"870","ACH-001655",0.586100355992109,"test","gex","gex_only","with_hubness"
"871","ACH-001656",0.606797662488113,"test","gex","gex_only","with_hubness"
"872","ACH-001664",0.620381223335706,"test","gex","gex_only","with_hubness"
"873","ACH-001668",0.573960171829619,"test","gex","gex_only","with_hubness"
"874","ACH-001669",0.610572233090171,"test","gex","gex_only","with_hubness"
"875","ACH-001670",0.58623110627165,"test","gex","gex_only","with_hubness"
"876","ACH-001673",0.601330002772706,"test","gex","gex_only","with_hubness"
"877","ACH-001674",0.595807498984924,"test","gex","gex_only","with_hubness"
"878","ACH-001675",0.575561795916066,"test","gex","gex_only","with_hubness"
"879","ACH-001677",0.588453880854035,"test","gex","gex_only","with_hubness"
"880","ACH-001685",0.582378915306666,"test","gex","gex_only","with_hubness"
"881","ACH-001687",0.583499154518045,"test","gex","gex_only","with_hubness"
"882","ACH-001688",0.540606628979331,"test","gex","gex_only","with_hubness"
"883","ACH-001690",0.620800008774689,"test","gex","gex_only","with_hubness"
"884","ACH-001692",0.636503584443587,"test","gex","gex_only","with_hubness"
"885","ACH-001694",0.582146922834926,"test","gex","gex_only","with_hubness"
"886","ACH-001696",0.593388768947964,"test","gex","gex_only","with_hubness"
"887","ACH-001698",0.580223389436166,"test","gex","gex_only","with_hubness"
"888","ACH-001699",0.629374243774292,"test","gex","gex_only","with_hubness"
"889","ACH-001701",0.589571394800266,"test","gex","gex_only","with_hubness"
"890","ACH-001702",0.573628068766946,"test","gex","gex_only","with_hubness"
"891","ACH-001707",0.580888791925221,"test","gex","gex_only","with_hubness"
"892","ACH-001709",0.59450370694763,"test","gex","gex_only","with_hubness"
"893","ACH-001711",0.563401964726067,"test","gex","gex_only","with_hubness"
"894","ACH-001715",0.571060254556292,"test","gex","gex_only","with_hubness"
"895","ACH-001719",0.581000704559419,"test","gex","gex_only","with_hubness"
"896","ACH-001735",0.592792641017012,"test","gex","gex_only","with_hubness"
"897","ACH-001736",0.614618519770586,"test","gex","gex_only","with_hubness"
"898","ACH-001737",0.508332694401064,"test","gex","gex_only","with_hubness"
"899","ACH-001740",0.586416435022256,"test","gex","gex_only","with_hubness"
"900","ACH-001745",0.598067645657317,"test","gex","gex_only","with_hubness"
"901","ACH-001750",0.602138420931921,"test","gex","gex_only","with_hubness"
"902","ACH-001765",0.606557948864483,"test","gex","gex_only","with_hubness"
"903","ACH-001786",0.56177488661931,"test","gex","gex_only","with_hubness"
"904","ACH-001791",0.542986569488999,"test","gex","gex_only","with_hubness"
"905","ACH-001793",0.564036645632861,"test","gex","gex_only","with_hubness"
"906","ACH-001794",0.559683678058031,"test","gex","gex_only","with_hubness"
"907","ACH-001795",0.602611664193642,"test","gex","gex_only","with_hubness"
"908","ACH-001796",0.571976459728533,"test","gex","gex_only","with_hubness"
"909","ACH-001799",0.567703573191882,"test","gex","gex_only","with_hubness"
"910","ACH-001802",0.599879053018699,"test","gex","gex_only","with_hubness"
"911","ACH-001804",0.542252957826759,"test","gex","gex_only","with_hubness"
"912","ACH-001814",0.571706856480695,"test","gex","gex_only","with_hubness"
"913","ACH-001819",0.598867309777065,"test","gex","gex_only","with_hubness"
"914","ACH-001820",0.587132435982397,"test","gex","gex_only","with_hubness"
"915","ACH-001834",0.576346155944129,"test","gex","gex_only","with_hubness"
"916","ACH-001835",0.616577437376277,"test","gex","gex_only","with_hubness"
"917","ACH-001836",0.582822696498038,"test","gex","gex_only","with_hubness"
"918","ACH-001838",0.54117609841284,"test","gex","gex_only","with_hubness"
"919","ACH-001839",0.601152597219769,"test","gex","gex_only","with_hubness"
"920","ACH-001841",0.610969883119277,"test","gex","gex_only","with_hubness"
"921","ACH-001842",0.559336419215772,"test","gex","gex_only","with_hubness"
"922","ACH-001843",0.624249171871226,"test","gex","gex_only","with_hubness"
"923","ACH-001844",0.593707744451146,"test","gex","gex_only","with_hubness"
"924","ACH-001848",0.616079912174432,"test","gex","gex_only","with_hubness"
"925","ACH-001849",0.600403061448036,"test","gex","gex_only","with_hubness"
"926","ACH-001850",0.588265386499815,"test","gex","gex_only","with_hubness"
"927","ACH-001852",0.6193388867475,"test","gex","gex_only","with_hubness"
"928","ACH-001853",0.572544716575016,"test","gex","gex_only","with_hubness"
"929","ACH-001856",0.603612611271743,"test","gex","gex_only","with_hubness"
"930","ACH-001857",0.577786026532385,"test","gex","gex_only","with_hubness"
"931","ACH-001858",0.610394715712241,"test","gex","gex_only","with_hubness"
"932","ACH-001861",0.596085792664366,"test","gex","gex_only","with_hubness"
"933","ACH-001862",0.60599634395936,"test","gex","gex_only","with_hubness"
"934","ACH-001863",0.556402526709427,"test","gex","gex_only","with_hubness"
"935","ACH-001864",0.587788430502463,"test","gex","gex_only","with_hubness"
"936","ACH-001959",0.611969530876791,"test","gex","gex_only","with_hubness"
"937","ACH-001960",0.598107627904186,"test","gex","gex_only","with_hubness"
"938","ACH-001961",0.596346390127701,"test","gex","gex_only","with_hubness"
"939","ACH-001970",0.545652703824321,"test","gex","gex_only","with_hubness"
"940","ACH-001973",0.580835307899129,"test","gex","gex_only","with_hubness"
"941","ACH-001977",0.602669835161305,"test","gex","gex_only","with_hubness"
"942","ACH-001982",0.583230065630188,"test","gex","gex_only","with_hubness"
"943","ACH-001991",0.575320220141824,"test","gex","gex_only","with_hubness"
"944","ACH-001992",0.606585652077602,"test","gex","gex_only","with_hubness"
"945","ACH-001993",0.572657702347071,"test","gex","gex_only","with_hubness"
"946","ACH-001997",0.581917741577458,"test","gex","gex_only","with_hubness"
"947","ACH-001999",0.596804230108396,"test","gex","gex_only","with_hubness"
"948","ACH-002001",0.60919496122491,"test","gex","gex_only","with_hubness"
"949","ACH-002002",0.620744208135208,"test","gex","gex_only","with_hubness"
"950","ACH-002003",0.551043476647146,"test","gex","gex_only","with_hubness"
"951","ACH-002005",0.577257340820442,"test","gex","gex_only","with_hubness"
"952","ACH-002014",0.518849379698624,"test","gex","gex_only","with_hubness"
"953","ACH-002015",0.608154038353122,"test","gex","gex_only","with_hubness"
"954","ACH-002016",0.578251153684618,"test","gex","gex_only","with_hubness"
"955","ACH-002017",0.571622177415149,"test","gex","gex_only","with_hubness"
"956","ACH-002018",0.599384662085307,"test","gex","gex_only","with_hubness"
"957","ACH-002019",0.587381830344912,"test","gex","gex_only","with_hubness"
"958","ACH-002021",0.573147607609023,"test","gex","gex_only","with_hubness"
"959","ACH-002023",0.58786848283707,"test","gex","gex_only","with_hubness"
"960","ACH-002024",0.552831335170992,"test","gex","gex_only","with_hubness"
"961","ACH-002025",0.601303755613659,"test","gex","gex_only","with_hubness"
"962","ACH-002026",0.602650942412934,"test","gex","gex_only","with_hubness"
"963","ACH-002027",0.598321402112435,"test","gex","gex_only","with_hubness"
"964","ACH-002029",0.629061546557024,"test","gex","gex_only","with_hubness"
"965","ACH-002039",0.571352886913161,"test","gex","gex_only","with_hubness"
"966","ACH-002041",0.591068847878811,"test","gex","gex_only","with_hubness"
"967","ACH-002042",0.578954796530379,"test","gex","gex_only","with_hubness"
"968","ACH-002043",0.615119375641199,"test","gex","gex_only","with_hubness"
"969","ACH-002044",0.62077007451413,"test","gex","gex_only","with_hubness"
"970","ACH-002045",0.603862062835653,"test","gex","gex_only","with_hubness"
"971","ACH-002046",0.58838096421794,"test","gex","gex_only","with_hubness"
"972","ACH-002048",0.624339613804351,"test","gex","gex_only","with_hubness"
"973","ACH-002059",0.620332662188507,"test","gex","gex_only","with_hubness"
"974","ACH-002061",0.564869582752157,"test","gex","gex_only","with_hubness"
"975","ACH-002062",0.564501075579045,"test","gex","gex_only","with_hubness"
"976","ACH-002066",0.598781298526757,"test","gex","gex_only","with_hubness"
"977","ACH-002067",0.567055043955393,"test","gex","gex_only","with_hubness"
"978","ACH-002069",0.565087140003405,"test","gex","gex_only","with_hubness"
"979","ACH-002080",0.615908688718231,"test","gex","gex_only","with_hubness"
"980","ACH-002083",0.572775406949541,"test","gex","gex_only","with_hubness"
"981","ACH-002084",0.588296904958362,"test","gex","gex_only","with_hubness"
"982","ACH-002105",0.555380808093598,"test","gex","gex_only","with_hubness"
"983","ACH-002106",0.574473418323723,"test","gex","gex_only","with_hubness"
"984","ACH-002109",0.589153117317942,"test","gex","gex_only","with_hubness"
"985","ACH-002110",0.601932917532501,"test","gex","gex_only","with_hubness"
"986","ACH-002114",0.581126319039258,"test","gex","gex_only","with_hubness"
"987","ACH-002116",0.576996952036447,"test","gex","gex_only","with_hubness"
"988","ACH-002119",0.602935161150505,"test","gex","gex_only","with_hubness"
"989","ACH-002140",0.583477137067733,"test","gex","gex_only","with_hubness"
"990","ACH-002141",0.583454003492376,"test","gex","gex_only","with_hubness"
"991","ACH-002143",0.536161556320289,"test","gex","gex_only","with_hubness"
"992","ACH-002150",0.597808911473811,"test","gex","gex_only","with_hubness"
"993","ACH-002156",0.591665881571051,"test","gex","gex_only","with_hubness"
"994","ACH-002160",0.601897309550823,"test","gex","gex_only","with_hubness"
"995","ACH-002161",0.598433024619529,"test","gex","gex_only","with_hubness"
"996","ACH-002179",0.576493187259726,"test","gex","gex_only","with_hubness"
"997","ACH-002181",0.58315882818175,"test","gex","gex_only","with_hubness"
"998","ACH-002183",0.57673119375111,"test","gex","gex_only","with_hubness"
"999","ACH-002186",0.571437582928843,"test","gex","gex_only","with_hubness"
"1000","ACH-002189",0.588852131558479,"test","gex","gex_only","with_hubness"
"1001","ACH-002198",0.607434768689073,"test","gex","gex_only","with_hubness"
"1002","ACH-002202",0.597741543489631,"test","gex","gex_only","with_hubness"
"1003","ACH-002210",0.583709870489092,"test","gex","gex_only","with_hubness"
"1004","ACH-002212",0.58739955180245,"test","gex","gex_only","with_hubness"
"1005","ACH-002217",0.582002410421089,"test","gex","gex_only","with_hubness"
"1006","ACH-002228",0.590761281702858,"test","gex","gex_only","with_hubness"
"1007","ACH-002229",0.559902991755786,"test","gex","gex_only","with_hubness"
"1008","ACH-002230",0.564639502439013,"test","gex","gex_only","with_hubness"
"1009","ACH-002233",0.542559804791664,"test","gex","gex_only","with_hubness"
"1010","ACH-002234",0.591316033857711,"test","gex","gex_only","with_hubness"
"1011","ACH-002239",0.582333812970408,"test","gex","gex_only","with_hubness"
"1012","ACH-002243",0.588717404391351,"test","gex","gex_only","with_hubness"
"1013","ACH-002247",0.629716187539087,"test","gex","gex_only","with_hubness"
"1014","ACH-002249",0.59470614747318,"test","gex","gex_only","with_hubness"
"1015","ACH-002250",0.608182699771049,"test","gex","gex_only","with_hubness"
"1016","ACH-002251",0.597378767086779,"test","gex","gex_only","with_hubness"
"1017","ACH-002257",0.554832364778922,"test","gex","gex_only","with_hubness"
"1018","ACH-002261",0.585167110829457,"test","gex","gex_only","with_hubness"
"1019","ACH-002263",0.606212209773716,"test","gex","gex_only","with_hubness"
"1020","ACH-002265",0.569866422386229,"test","gex","gex_only","with_hubness"
"1021","ACH-002269",0.596298155288161,"test","gex","gex_only","with_hubness"
"1022","ACH-002278",0.549195424334906,"test","gex","gex_only","with_hubness"
"1023","ACH-002280",0.566854708521374,"test","gex","gex_only","with_hubness"
"1024","ACH-002282",0.563311766363423,"test","gex","gex_only","with_hubness"
"1025","ACH-002283",0.587733658774204,"test","gex","gex_only","with_hubness"
"1026","ACH-002284",0.579037662809275,"test","gex","gex_only","with_hubness"
"1027","ACH-002285",0.618120011966136,"test","gex","gex_only","with_hubness"
"1028","ACH-002294",0.596218133114555,"test","gex","gex_only","with_hubness"
"1029","ACH-002295",0.583189411272597,"test","gex","gex_only","with_hubness"
"1030","ACH-002296",0.600804560653214,"test","gex","gex_only","with_hubness"
"1031","ACH-002297",0.601787064219078,"test","gex","gex_only","with_hubness"
"1032","ACH-002298",0.595197643703499,"test","gex","gex_only","with_hubness"
"1033","ACH-002304",0.595824443318166,"test","gex","gex_only","with_hubness"
"1034","ACH-002305",0.591686619494671,"test","gex","gex_only","with_hubness"
"1035","ACH-002399",0.586211946852514,"test","gex","gex_only","with_hubness"
"1036","ACH-002446",0.575200549174489,"test","gex","gex_only","with_hubness"
"1037","ACH-002458",0.592147651500677,"test","gex","gex_only","with_hubness"
"1038","ACH-002459",0.605517120395558,"test","gex","gex_only","with_hubness"
"1039","ACH-002460",0.592019135691285,"test","gex","gex_only","with_hubness"
"1040","ACH-002461",0.584737220069422,"test","gex","gex_only","with_hubness"
"1041","ACH-002462",0.580193105391806,"test","gex","gex_only","with_hubness"
"1042","ACH-002463",0.567361006715808,"test","gex","gex_only","with_hubness"
"1043","ACH-002464",0.562121010736009,"test","gex","gex_only","with_hubness"
"1044","ACH-002465",0.585890944315515,"test","gex","gex_only","with_hubness"
"1045","ACH-002467",0.573249766185824,"test","gex","gex_only","with_hubness"
"1046","ACH-002471",0.553643357107502,"test","gex","gex_only","with_hubness"
"1047","ACH-002508",0.587721116792032,"test","gex","gex_only","with_hubness"
"1048","ACH-002510",0.58440667667755,"test","gex","gex_only","with_hubness"
"1049","ACH-002511",0.551623628396431,"test","gex","gex_only","with_hubness"
"1050","ACH-002512",0.556334787123303,"test","gex","gex_only","with_hubness"
"1051","ACH-002647",0.544421981959934,"test","gex","gex_only","with_hubness"
"1052","ACH-002659",0.594161034950988,"test","gex","gex_only","with_hubness"
"1053","ACH-002664",0.621324868712695,"test","gex","gex_only","with_hubness"
"1054","ACH-002669",0.592865157006598,"test","gex","gex_only","with_hubness"
"1055","ACH-002672",0.585703978021455,"test","gex","gex_only","with_hubness"
"1056","ACH-002680",0.592827034102743,"test","gex","gex_only","with_hubness"
"1057","ACH-002687",0.601762140274261,"test","gex","gex_only","with_hubness"
"1058","ACH-002693",0.58141791492341,"test","gex","gex_only","with_hubness"
"1059","ACH-002710",0.591437866912087,"test","gex","gex_only","with_hubness"
"1060","ACH-002785",0.594064293416972,"test","gex","gex_only","with_hubness"
"1061","ACH-002800",0.585763432142314,"test","gex","gex_only","with_hubness"
"1062","ACH-002834",0.558414093378809,"test","gex","gex_only","with_hubness"
"1063","ACH-002847",0.600401164684211,"test","gex","gex_only","with_hubness"
"1064","ACH-002926",0.581762185623987,"test","gex","gex_only","with_hubness"
"1065","ACH-000001",0.547017736193268,"test","gex.wohub","gex_only","without_hubness"
"1066","ACH-000004",0.542816846073905,"test","gex.wohub","gex_only","without_hubness"
"1067","ACH-000005",0.523326808453701,"test","gex.wohub","gex_only","without_hubness"
"1068","ACH-000007",0.568266808622497,"test","gex.wohub","gex_only","without_hubness"
"1069","ACH-000009",0.569564103830065,"test","gex.wohub","gex_only","without_hubness"
"1070","ACH-000011",0.546381807470377,"test","gex.wohub","gex_only","without_hubness"
"1071","ACH-000012",0.570780069481263,"test","gex.wohub","gex_only","without_hubness"
"1072","ACH-000013",0.575101803589683,"test","gex.wohub","gex_only","without_hubness"
"1073","ACH-000014",0.551493658783449,"test","gex.wohub","gex_only","without_hubness"
"1074","ACH-000015",0.574608378513867,"test","gex.wohub","gex_only","without_hubness"
"1075","ACH-000017",0.539440384671312,"test","gex.wohub","gex_only","without_hubness"
"1076","ACH-000018",0.531601061256705,"test","gex.wohub","gex_only","without_hubness"
"1077","ACH-000019",0.560390389383443,"test","gex.wohub","gex_only","without_hubness"
"1078","ACH-000021",0.538847315371471,"test","gex.wohub","gex_only","without_hubness"
"1079","ACH-000022",0.545914329105752,"test","gex.wohub","gex_only","without_hubness"
"1080","ACH-000023",0.564204640591167,"test","gex.wohub","gex_only","without_hubness"
"1081","ACH-000024",0.568299805859557,"test","gex.wohub","gex_only","without_hubness"
"1082","ACH-000025",0.567415073572429,"test","gex.wohub","gex_only","without_hubness"
"1083","ACH-000028",0.579617027427559,"test","gex.wohub","gex_only","without_hubness"
"1084","ACH-000029",0.583898436240398,"test","gex.wohub","gex_only","without_hubness"
"1085","ACH-000030",0.539800586069556,"test","gex.wohub","gex_only","without_hubness"
"1086","ACH-000035",0.555625675502663,"test","gex.wohub","gex_only","without_hubness"
"1087","ACH-000036",0.538005264963991,"test","gex.wohub","gex_only","without_hubness"
"1088","ACH-000037",0.526977865443248,"test","gex.wohub","gex_only","without_hubness"
"1089","ACH-000039",0.521941186005387,"test","gex.wohub","gex_only","without_hubness"
"1090","ACH-000040",0.532582819882423,"test","gex.wohub","gex_only","without_hubness"
"1091","ACH-000041",0.533950371368391,"test","gex.wohub","gex_only","without_hubness"
"1092","ACH-000042",0.535951256293824,"test","gex.wohub","gex_only","without_hubness"
"1093","ACH-000045",0.567759564980648,"test","gex.wohub","gex_only","without_hubness"
"1094","ACH-000047",0.585256741847271,"test","gex.wohub","gex_only","without_hubness"
"1095","ACH-000048",0.57109314044318,"test","gex.wohub","gex_only","without_hubness"
"1096","ACH-000052",0.528051054941593,"test","gex.wohub","gex_only","without_hubness"
"1097","ACH-000053",0.545888453685805,"test","gex.wohub","gex_only","without_hubness"
"1098","ACH-000054",0.560161211749092,"test","gex.wohub","gex_only","without_hubness"
"1099","ACH-000055",0.550348439243638,"test","gex.wohub","gex_only","without_hubness"
"1100","ACH-000060",0.556114047382395,"test","gex.wohub","gex_only","without_hubness"
"1101","ACH-000067",0.562579419441053,"test","gex.wohub","gex_only","without_hubness"
"1102","ACH-000070",0.54875155964929,"test","gex.wohub","gex_only","without_hubness"
"1103","ACH-000074",0.548016701730354,"test","gex.wohub","gex_only","without_hubness"
"1104","ACH-000075",0.546600063941481,"test","gex.wohub","gex_only","without_hubness"
"1105","ACH-000076",0.542981977993114,"test","gex.wohub","gex_only","without_hubness"
"1106","ACH-000077",0.511055782016383,"test","gex.wohub","gex_only","without_hubness"
"1107","ACH-000078",0.523658754396708,"test","gex.wohub","gex_only","without_hubness"
"1108","ACH-000082",0.550787300158392,"test","gex.wohub","gex_only","without_hubness"
"1109","ACH-000085",0.532415351057133,"test","gex.wohub","gex_only","without_hubness"
"1110","ACH-000086",0.565709466429369,"test","gex.wohub","gex_only","without_hubness"
"1111","ACH-000087",0.542751576790965,"test","gex.wohub","gex_only","without_hubness"
"1112","ACH-000090",0.528596132253372,"test","gex.wohub","gex_only","without_hubness"
"1113","ACH-000092",0.532717123344846,"test","gex.wohub","gex_only","without_hubness"
"1114","ACH-000093",0.504439318460366,"test","gex.wohub","gex_only","without_hubness"
"1115","ACH-000094",0.533338542588047,"test","gex.wohub","gex_only","without_hubness"
"1116","ACH-000095",0.554084257977526,"test","gex.wohub","gex_only","without_hubness"
"1117","ACH-000097",0.581925933450545,"test","gex.wohub","gex_only","without_hubness"
"1118","ACH-000098",0.556861173537183,"test","gex.wohub","gex_only","without_hubness"
"1119","ACH-000099",0.557759928860352,"test","gex.wohub","gex_only","without_hubness"
"1120","ACH-000101",0.559572738556147,"test","gex.wohub","gex_only","without_hubness"
"1121","ACH-000103",0.536901800967604,"test","gex.wohub","gex_only","without_hubness"
"1122","ACH-000108",0.552663407707155,"test","gex.wohub","gex_only","without_hubness"
"1123","ACH-000111",0.566500946027042,"test","gex.wohub","gex_only","without_hubness"
"1124","ACH-000113",0.595472259067692,"test","gex.wohub","gex_only","without_hubness"
"1125","ACH-000114",0.53680326186496,"test","gex.wohub","gex_only","without_hubness"
"1126","ACH-000115",0.510195739058167,"test","gex.wohub","gex_only","without_hubness"
"1127","ACH-000118",0.581807173661103,"test","gex.wohub","gex_only","without_hubness"
"1128","ACH-000120",0.569939803932913,"test","gex.wohub","gex_only","without_hubness"
"1129","ACH-000123",0.590751986772924,"test","gex.wohub","gex_only","without_hubness"
"1130","ACH-000124",0.556187979188117,"test","gex.wohub","gex_only","without_hubness"
"1131","ACH-000127",0.583272376765354,"test","gex.wohub","gex_only","without_hubness"
"1132","ACH-000128",0.555297159828813,"test","gex.wohub","gex_only","without_hubness"
"1133","ACH-000132",0.57279308958974,"test","gex.wohub","gex_only","without_hubness"
"1134","ACH-000133",0.555365243026214,"test","gex.wohub","gex_only","without_hubness"
"1135","ACH-000137",0.559224474683171,"test","gex.wohub","gex_only","without_hubness"
"1136","ACH-000138",0.563823704344008,"test","gex.wohub","gex_only","without_hubness"
"1137","ACH-000139",0.522440121408167,"test","gex.wohub","gex_only","without_hubness"
"1138","ACH-000141",0.532975557686737,"test","gex.wohub","gex_only","without_hubness"
"1139","ACH-000142",0.548757200561404,"test","gex.wohub","gex_only","without_hubness"
"1140","ACH-000143",0.545513617960832,"test","gex.wohub","gex_only","without_hubness"
"1141","ACH-000144",0.532456206926227,"test","gex.wohub","gex_only","without_hubness"
"1142","ACH-000145",0.540195504994481,"test","gex.wohub","gex_only","without_hubness"
"1143","ACH-000146",0.550023770186231,"test","gex.wohub","gex_only","without_hubness"
"1144","ACH-000147",0.58310217482525,"test","gex.wohub","gex_only","without_hubness"
"1145","ACH-000148",0.557312993747833,"test","gex.wohub","gex_only","without_hubness"
"1146","ACH-000149",0.566478558409969,"test","gex.wohub","gex_only","without_hubness"
"1147","ACH-000150",0.545578705276999,"test","gex.wohub","gex_only","without_hubness"
"1148","ACH-000151",0.533591185759128,"test","gex.wohub","gex_only","without_hubness"
"1149","ACH-000152",0.540610472139904,"test","gex.wohub","gex_only","without_hubness"
"1150","ACH-000153",0.533291227266237,"test","gex.wohub","gex_only","without_hubness"
"1151","ACH-000155",0.545946713504527,"test","gex.wohub","gex_only","without_hubness"
"1152","ACH-000159",0.558844113438645,"test","gex.wohub","gex_only","without_hubness"
"1153","ACH-000160",0.585107747070267,"test","gex.wohub","gex_only","without_hubness"
"1154","ACH-000161",0.545790721142917,"test","gex.wohub","gex_only","without_hubness"
"1155","ACH-000163",0.53736200798147,"test","gex.wohub","gex_only","without_hubness"
"1156","ACH-000164",0.575896709124084,"test","gex.wohub","gex_only","without_hubness"
"1157","ACH-000168",0.509166396663023,"test","gex.wohub","gex_only","without_hubness"
"1158","ACH-000169",0.570913374205809,"test","gex.wohub","gex_only","without_hubness"
"1159","ACH-000174",0.563289214575775,"test","gex.wohub","gex_only","without_hubness"
"1160","ACH-000176",0.518179049053426,"test","gex.wohub","gex_only","without_hubness"
"1161","ACH-000178",0.573761711668872,"test","gex.wohub","gex_only","without_hubness"
"1162","ACH-000181",0.565980171902068,"test","gex.wohub","gex_only","without_hubness"
"1163","ACH-000182",0.569147855371216,"test","gex.wohub","gex_only","without_hubness"
"1164","ACH-000183",0.587714303809343,"test","gex.wohub","gex_only","without_hubness"
"1165","ACH-000187",0.542325104249313,"test","gex.wohub","gex_only","without_hubness"
"1166","ACH-000188",0.551403726347885,"test","gex.wohub","gex_only","without_hubness"
"1167","ACH-000189",0.517338747686115,"test","gex.wohub","gex_only","without_hubness"
"1168","ACH-000190",0.560109257481193,"test","gex.wohub","gex_only","without_hubness"
"1169","ACH-000191",0.554257293945436,"test","gex.wohub","gex_only","without_hubness"
"1170","ACH-000195",0.524853740795485,"test","gex.wohub","gex_only","without_hubness"
"1171","ACH-000198",0.590039639460779,"test","gex.wohub","gex_only","without_hubness"
"1172","ACH-000200",0.548699111301593,"test","gex.wohub","gex_only","without_hubness"
"1173","ACH-000202",0.525376906619217,"test","gex.wohub","gex_only","without_hubness"
"1174","ACH-000204",0.563017319347567,"test","gex.wohub","gex_only","without_hubness"
"1175","ACH-000206",0.538695210165874,"test","gex.wohub","gex_only","without_hubness"
"1176","ACH-000207",0.551883988888347,"test","gex.wohub","gex_only","without_hubness"
"1177","ACH-000209",0.534425562566411,"test","gex.wohub","gex_only","without_hubness"
"1178","ACH-000211",0.562441140617189,"test","gex.wohub","gex_only","without_hubness"
"1179","ACH-000212",0.540197012792964,"test","gex.wohub","gex_only","without_hubness"
"1180","ACH-000213",0.551271413472554,"test","gex.wohub","gex_only","without_hubness"
"1181","ACH-000215",0.569539397763101,"test","gex.wohub","gex_only","without_hubness"
"1182","ACH-000216",0.581525094811302,"test","gex.wohub","gex_only","without_hubness"
"1183","ACH-000217",0.572590107145507,"test","gex.wohub","gex_only","without_hubness"
"1184","ACH-000219",0.612221718822098,"test","gex.wohub","gex_only","without_hubness"
"1185","ACH-000221",0.55498282115572,"test","gex.wohub","gex_only","without_hubness"
"1186","ACH-000222",0.542717448967361,"test","gex.wohub","gex_only","without_hubness"
"1187","ACH-000223",0.558999622055998,"test","gex.wohub","gex_only","without_hubness"
"1188","ACH-000226",0.544870298811942,"test","gex.wohub","gex_only","without_hubness"
"1189","ACH-000227",0.517961067715046,"test","gex.wohub","gex_only","without_hubness"
"1190","ACH-000228",0.545702274873881,"test","gex.wohub","gex_only","without_hubness"
"1191","ACH-000231",0.547290199617771,"test","gex.wohub","gex_only","without_hubness"
"1192","ACH-000232",0.584774837720307,"test","gex.wohub","gex_only","without_hubness"
"1193","ACH-000233",0.571265395990528,"test","gex.wohub","gex_only","without_hubness"
"1194","ACH-000234",0.537725344468919,"test","gex.wohub","gex_only","without_hubness"
"1195","ACH-000235",0.554981323283671,"test","gex.wohub","gex_only","without_hubness"
"1196","ACH-000237",0.541258663869272,"test","gex.wohub","gex_only","without_hubness"
"1197","ACH-000238",0.564314307879536,"test","gex.wohub","gex_only","without_hubness"
"1198","ACH-000243",0.588441926640794,"test","gex.wohub","gex_only","without_hubness"
"1199","ACH-000244",0.528640568066903,"test","gex.wohub","gex_only","without_hubness"
"1200","ACH-000246",0.579950869252313,"test","gex.wohub","gex_only","without_hubness"
"1201","ACH-000247",0.552531315471625,"test","gex.wohub","gex_only","without_hubness"
"1202","ACH-000248",0.541384177081871,"test","gex.wohub","gex_only","without_hubness"
"1203","ACH-000249",0.566662540250245,"test","gex.wohub","gex_only","without_hubness"
"1204","ACH-000250",0.567880537698123,"test","gex.wohub","gex_only","without_hubness"
"1205","ACH-000251",0.512241452505249,"test","gex.wohub","gex_only","without_hubness"
"1206","ACH-000252",0.550508326215217,"test","gex.wohub","gex_only","without_hubness"
"1207","ACH-000253",0.553264361719405,"test","gex.wohub","gex_only","without_hubness"
"1208","ACH-000255",0.545096269564064,"test","gex.wohub","gex_only","without_hubness"
"1209","ACH-000256",0.529209121173692,"test","gex.wohub","gex_only","without_hubness"
"1210","ACH-000257",0.511170927727337,"test","gex.wohub","gex_only","without_hubness"
"1211","ACH-000258",0.474987617636905,"test","gex.wohub","gex_only","without_hubness"
"1212","ACH-000259",0.574648853823107,"test","gex.wohub","gex_only","without_hubness"
"1213","ACH-000260",0.573262875665649,"test","gex.wohub","gex_only","without_hubness"
"1214","ACH-000261",0.558032192022677,"test","gex.wohub","gex_only","without_hubness"
"1215","ACH-000262",0.529302283751367,"test","gex.wohub","gex_only","without_hubness"
"1216","ACH-000263",0.507820284741218,"test","gex.wohub","gex_only","without_hubness"
"1217","ACH-000264",0.564052337164489,"test","gex.wohub","gex_only","without_hubness"
"1218","ACH-000265",0.57797682172442,"test","gex.wohub","gex_only","without_hubness"
"1219","ACH-000266",0.543287133441834,"test","gex.wohub","gex_only","without_hubness"
"1220","ACH-000269",0.528375903407083,"test","gex.wohub","gex_only","without_hubness"
"1221","ACH-000271",0.57698454342039,"test","gex.wohub","gex_only","without_hubness"
"1222","ACH-000272",0.540767624829732,"test","gex.wohub","gex_only","without_hubness"
"1223","ACH-000273",0.563857676669618,"test","gex.wohub","gex_only","without_hubness"
"1224","ACH-000274",0.533463972170899,"test","gex.wohub","gex_only","without_hubness"
"1225","ACH-000276",0.549270947495825,"test","gex.wohub","gex_only","without_hubness"
"1226","ACH-000277",0.545615804362225,"test","gex.wohub","gex_only","without_hubness"
"1227","ACH-000278",0.533444562802471,"test","gex.wohub","gex_only","without_hubness"
"1228","ACH-000279",0.56769286410328,"test","gex.wohub","gex_only","without_hubness"
"1229","ACH-000280",0.514367452851748,"test","gex.wohub","gex_only","without_hubness"
"1230","ACH-000281",0.515354925890405,"test","gex.wohub","gex_only","without_hubness"
"1231","ACH-000282",0.551833158070176,"test","gex.wohub","gex_only","without_hubness"
"1232","ACH-000286",0.541675915898209,"test","gex.wohub","gex_only","without_hubness"
"1233","ACH-000288",0.5654575388149,"test","gex.wohub","gex_only","without_hubness"
"1234","ACH-000290",0.582565265167237,"test","gex.wohub","gex_only","without_hubness"
"1235","ACH-000291",0.561151273742572,"test","gex.wohub","gex_only","without_hubness"
"1236","ACH-000292",0.558060774110956,"test","gex.wohub","gex_only","without_hubness"
"1237","ACH-000293",0.572118899008532,"test","gex.wohub","gex_only","without_hubness"
"1238","ACH-000294",0.501127539264255,"test","gex.wohub","gex_only","without_hubness"
"1239","ACH-000295",0.519875119583478,"test","gex.wohub","gex_only","without_hubness"
"1240","ACH-000296",0.533879403740404,"test","gex.wohub","gex_only","without_hubness"
"1241","ACH-000302",0.554311505375721,"test","gex.wohub","gex_only","without_hubness"
"1242","ACH-000303",0.566970785085054,"test","gex.wohub","gex_only","without_hubness"
"1243","ACH-000304",0.527975803310481,"test","gex.wohub","gex_only","without_hubness"
"1244","ACH-000305",0.56105485568839,"test","gex.wohub","gex_only","without_hubness"
"1245","ACH-000307",0.575185316265875,"test","gex.wohub","gex_only","without_hubness"
"1246","ACH-000308",0.532273826810851,"test","gex.wohub","gex_only","without_hubness"
"1247","ACH-000310",0.498180198259135,"test","gex.wohub","gex_only","without_hubness"
"1248","ACH-000311",0.539852738632227,"test","gex.wohub","gex_only","without_hubness"
"1249","ACH-000312",0.545109153298669,"test","gex.wohub","gex_only","without_hubness"
"1250","ACH-000313",0.541533517531489,"test","gex.wohub","gex_only","without_hubness"
"1251","ACH-000315",0.518674613821331,"test","gex.wohub","gex_only","without_hubness"
"1252","ACH-000316",0.541910600897227,"test","gex.wohub","gex_only","without_hubness"
"1253","ACH-000317",0.529105746684031,"test","gex.wohub","gex_only","without_hubness"
"1254","ACH-000318",0.578351090680186,"test","gex.wohub","gex_only","without_hubness"
"1255","ACH-000319",0.540219006199123,"test","gex.wohub","gex_only","without_hubness"
"1256","ACH-000320",0.56884078568963,"test","gex.wohub","gex_only","without_hubness"
"1257","ACH-000322",0.554449106027064,"test","gex.wohub","gex_only","without_hubness"
"1258","ACH-000323",0.561654810923229,"test","gex.wohub","gex_only","without_hubness"
"1259","ACH-000324",0.563607632835436,"test","gex.wohub","gex_only","without_hubness"
"1260","ACH-000325",0.534517251939709,"test","gex.wohub","gex_only","without_hubness"
"1261","ACH-000326",0.572493801742812,"test","gex.wohub","gex_only","without_hubness"
"1262","ACH-000329",0.555386147458235,"test","gex.wohub","gex_only","without_hubness"
"1263","ACH-000330",0.534277373380599,"test","gex.wohub","gex_only","without_hubness"
"1264","ACH-000331",0.56450414934783,"test","gex.wohub","gex_only","without_hubness"
"1265","ACH-000332",0.555642216016866,"test","gex.wohub","gex_only","without_hubness"
"1266","ACH-000334",0.524195446758448,"test","gex.wohub","gex_only","without_hubness"
"1267","ACH-000335",0.5449407089534,"test","gex.wohub","gex_only","without_hubness"
"1268","ACH-000336",0.563029563085376,"test","gex.wohub","gex_only","without_hubness"
"1269","ACH-000337",0.553849625091061,"test","gex.wohub","gex_only","without_hubness"
"1270","ACH-000339",0.558286295002236,"test","gex.wohub","gex_only","without_hubness"
"1271","ACH-000341",0.546629919732436,"test","gex.wohub","gex_only","without_hubness"
"1272","ACH-000343",0.556302047815977,"test","gex.wohub","gex_only","without_hubness"
"1273","ACH-000344",0.550983287292597,"test","gex.wohub","gex_only","without_hubness"
"1274","ACH-000346",0.535122323429777,"test","gex.wohub","gex_only","without_hubness"
"1275","ACH-000348",0.560499029946844,"test","gex.wohub","gex_only","without_hubness"
"1276","ACH-000352",0.567672933705269,"test","gex.wohub","gex_only","without_hubness"
"1277","ACH-000354",0.540207983250442,"test","gex.wohub","gex_only","without_hubness"
"1278","ACH-000355",0.495022499756086,"test","gex.wohub","gex_only","without_hubness"
"1279","ACH-000356",0.544418760646211,"test","gex.wohub","gex_only","without_hubness"
"1280","ACH-000359",0.50633878835996,"test","gex.wohub","gex_only","without_hubness"
"1281","ACH-000361",0.527272300759752,"test","gex.wohub","gex_only","without_hubness"
"1282","ACH-000362",0.552432800296143,"test","gex.wohub","gex_only","without_hubness"
"1283","ACH-000363",0.549934558440396,"test","gex.wohub","gex_only","without_hubness"
"1284","ACH-000364",0.571400545803921,"test","gex.wohub","gex_only","without_hubness"
"1285","ACH-000365",0.574495371827338,"test","gex.wohub","gex_only","without_hubness"
"1286","ACH-000366",0.542779511964397,"test","gex.wohub","gex_only","without_hubness"
"1287","ACH-000367",0.518175838559776,"test","gex.wohub","gex_only","without_hubness"
"1288","ACH-000368",0.541688749646051,"test","gex.wohub","gex_only","without_hubness"
"1289","ACH-000370",0.51674447554234,"test","gex.wohub","gex_only","without_hubness"
"1290","ACH-000371",0.564840060422658,"test","gex.wohub","gex_only","without_hubness"
"1291","ACH-000374",0.560965986933914,"test","gex.wohub","gex_only","without_hubness"
"1292","ACH-000375",0.54153841799702,"test","gex.wohub","gex_only","without_hubness"
"1293","ACH-000376",0.576723894406592,"test","gex.wohub","gex_only","without_hubness"
"1294","ACH-000377",0.551725706726312,"test","gex.wohub","gex_only","without_hubness"
"1295","ACH-000378",0.551963484267416,"test","gex.wohub","gex_only","without_hubness"
"1296","ACH-000381",0.576933448532415,"test","gex.wohub","gex_only","without_hubness"
"1297","ACH-000383",0.560647889538751,"test","gex.wohub","gex_only","without_hubness"
"1298","ACH-000385",0.534093343372905,"test","gex.wohub","gex_only","without_hubness"
"1299","ACH-000387",0.560021287364728,"test","gex.wohub","gex_only","without_hubness"
"1300","ACH-000389",0.526950993067316,"test","gex.wohub","gex_only","without_hubness"
"1301","ACH-000390",0.541551039890561,"test","gex.wohub","gex_only","without_hubness"
"1302","ACH-000391",0.576953136035989,"test","gex.wohub","gex_only","without_hubness"
"1303","ACH-000393",0.523331413026775,"test","gex.wohub","gex_only","without_hubness"
"1304","ACH-000395",0.565328075444247,"test","gex.wohub","gex_only","without_hubness"
"1305","ACH-000396",0.535245171486157,"test","gex.wohub","gex_only","without_hubness"
"1306","ACH-000397",0.547098572830475,"test","gex.wohub","gex_only","without_hubness"
"1307","ACH-000398",0.544963559842567,"test","gex.wohub","gex_only","without_hubness"
"1308","ACH-000401",0.537351905478136,"test","gex.wohub","gex_only","without_hubness"
"1309","ACH-000402",0.5214279544334,"test","gex.wohub","gex_only","without_hubness"
"1310","ACH-000403",0.5407725724491,"test","gex.wohub","gex_only","without_hubness"
"1311","ACH-000404",0.551798128467169,"test","gex.wohub","gex_only","without_hubness"
"1312","ACH-000405",0.564365747910936,"test","gex.wohub","gex_only","without_hubness"
"1313","ACH-000406",0.599055287073446,"test","gex.wohub","gex_only","without_hubness"
"1314","ACH-000407",0.544473944710588,"test","gex.wohub","gex_only","without_hubness"
"1315","ACH-000408",0.561902061724756,"test","gex.wohub","gex_only","without_hubness"
"1316","ACH-000410",0.566048272626961,"test","gex.wohub","gex_only","without_hubness"
"1317","ACH-000411",0.558149155578295,"test","gex.wohub","gex_only","without_hubness"
"1318","ACH-000414",0.571573684050623,"test","gex.wohub","gex_only","without_hubness"
"1319","ACH-000415",0.559014126853197,"test","gex.wohub","gex_only","without_hubness"
"1320","ACH-000416",0.562440191181442,"test","gex.wohub","gex_only","without_hubness"
"1321","ACH-000417",0.582485387067436,"test","gex.wohub","gex_only","without_hubness"
"1322","ACH-000420",0.550043423924375,"test","gex.wohub","gex_only","without_hubness"
"1323","ACH-000421",0.564834732127202,"test","gex.wohub","gex_only","without_hubness"
"1324","ACH-000422",0.566130736284195,"test","gex.wohub","gex_only","without_hubness"
"1325","ACH-000424",0.576503014284918,"test","gex.wohub","gex_only","without_hubness"
"1326","ACH-000425",0.558212297117667,"test","gex.wohub","gex_only","without_hubness"
"1327","ACH-000426",0.521515271410594,"test","gex.wohub","gex_only","without_hubness"
"1328","ACH-000427",0.582707370821977,"test","gex.wohub","gex_only","without_hubness"
"1329","ACH-000430",0.580532494683245,"test","gex.wohub","gex_only","without_hubness"
"1330","ACH-000431",0.560340265409505,"test","gex.wohub","gex_only","without_hubness"
"1331","ACH-000433",0.529672890343653,"test","gex.wohub","gex_only","without_hubness"
"1332","ACH-000434",0.529540203545701,"test","gex.wohub","gex_only","without_hubness"
"1333","ACH-000435",0.522064272170346,"test","gex.wohub","gex_only","without_hubness"
"1334","ACH-000436",0.547588450422302,"test","gex.wohub","gex_only","without_hubness"
"1335","ACH-000437",0.569612682811532,"test","gex.wohub","gex_only","without_hubness"
"1336","ACH-000438",0.544407815827196,"test","gex.wohub","gex_only","without_hubness"
"1337","ACH-000441",0.566174922957551,"test","gex.wohub","gex_only","without_hubness"
"1338","ACH-000442",0.542557061650197,"test","gex.wohub","gex_only","without_hubness"
"1339","ACH-000444",0.561932796864715,"test","gex.wohub","gex_only","without_hubness"
"1340","ACH-000445",0.539777989647949,"test","gex.wohub","gex_only","without_hubness"
"1341","ACH-000448",0.54672671364207,"test","gex.wohub","gex_only","without_hubness"
"1342","ACH-000450",0.544393564783226,"test","gex.wohub","gex_only","without_hubness"
"1343","ACH-000452",0.580470107598856,"test","gex.wohub","gex_only","without_hubness"
"1344","ACH-000454",0.534681130559404,"test","gex.wohub","gex_only","without_hubness"
"1345","ACH-000455",0.578551706536553,"test","gex.wohub","gex_only","without_hubness"
"1346","ACH-000456",0.582073025238248,"test","gex.wohub","gex_only","without_hubness"
"1347","ACH-000458",0.566857090903012,"test","gex.wohub","gex_only","without_hubness"
"1348","ACH-000460",0.569849347274597,"test","gex.wohub","gex_only","without_hubness"
"1349","ACH-000461",0.571913367358131,"test","gex.wohub","gex_only","without_hubness"
"1350","ACH-000463",0.545029701092841,"test","gex.wohub","gex_only","without_hubness"
"1351","ACH-000464",0.552152070428461,"test","gex.wohub","gex_only","without_hubness"
"1352","ACH-000466",0.527221594335857,"test","gex.wohub","gex_only","without_hubness"
"1353","ACH-000467",0.55728440592563,"test","gex.wohub","gex_only","without_hubness"
"1354","ACH-000468",0.52035336214314,"test","gex.wohub","gex_only","without_hubness"
"1355","ACH-000469",0.580146289026645,"test","gex.wohub","gex_only","without_hubness"
"1356","ACH-000470",0.526164067459913,"test","gex.wohub","gex_only","without_hubness"
"1357","ACH-000471",0.564800739232105,"test","gex.wohub","gex_only","without_hubness"
"1358","ACH-000472",0.560975559951305,"test","gex.wohub","gex_only","without_hubness"
"1359","ACH-000473",0.533032984058461,"test","gex.wohub","gex_only","without_hubness"
"1360","ACH-000475",0.581568159019706,"test","gex.wohub","gex_only","without_hubness"
"1361","ACH-000476",0.543819253592899,"test","gex.wohub","gex_only","without_hubness"
"1362","ACH-000477",0.530281295275132,"test","gex.wohub","gex_only","without_hubness"
"1363","ACH-000478",0.550588575066377,"test","gex.wohub","gex_only","without_hubness"
"1364","ACH-000479",0.511589202102008,"test","gex.wohub","gex_only","without_hubness"
"1365","ACH-000480",0.554050303116516,"test","gex.wohub","gex_only","without_hubness"
"1366","ACH-000481",0.555783048534037,"test","gex.wohub","gex_only","without_hubness"
"1367","ACH-000483",0.550256935267913,"test","gex.wohub","gex_only","without_hubness"
"1368","ACH-000484",0.491628355776286,"test","gex.wohub","gex_only","without_hubness"
"1369","ACH-000485",0.536055454055757,"test","gex.wohub","gex_only","without_hubness"
"1370","ACH-000486",0.589750661476754,"test","gex.wohub","gex_only","without_hubness"
"1371","ACH-000487",0.564355021834788,"test","gex.wohub","gex_only","without_hubness"
"1372","ACH-000488",0.602609857008929,"test","gex.wohub","gex_only","without_hubness"
"1373","ACH-000489",0.546043251889463,"test","gex.wohub","gex_only","without_hubness"
"1374","ACH-000490",0.566348050951785,"test","gex.wohub","gex_only","without_hubness"
"1375","ACH-000491",0.528470880178212,"test","gex.wohub","gex_only","without_hubness"
"1376","ACH-000493",0.539326738726688,"test","gex.wohub","gex_only","without_hubness"
"1377","ACH-000495",0.531018315936445,"test","gex.wohub","gex_only","without_hubness"
"1378","ACH-000496",0.54295051558482,"test","gex.wohub","gex_only","without_hubness"
"1379","ACH-000499",0.557041975648686,"test","gex.wohub","gex_only","without_hubness"
"1380","ACH-000500",0.538645386093422,"test","gex.wohub","gex_only","without_hubness"
"1381","ACH-000501",0.568786392680907,"test","gex.wohub","gex_only","without_hubness"
"1382","ACH-000502",0.557694854315491,"test","gex.wohub","gex_only","without_hubness"
"1383","ACH-000503",0.534705990784737,"test","gex.wohub","gex_only","without_hubness"
"1384","ACH-000504",0.549739048708887,"test","gex.wohub","gex_only","without_hubness"
"1385","ACH-000505",0.53104727668037,"test","gex.wohub","gex_only","without_hubness"
"1386","ACH-000507",0.573014439139488,"test","gex.wohub","gex_only","without_hubness"
"1387","ACH-000510",0.56401671055317,"test","gex.wohub","gex_only","without_hubness"
"1388","ACH-000511",0.55157350299051,"test","gex.wohub","gex_only","without_hubness"
"1389","ACH-000512",0.536970879713884,"test","gex.wohub","gex_only","without_hubness"
"1390","ACH-000514",0.541918937548958,"test","gex.wohub","gex_only","without_hubness"
"1391","ACH-000516",0.543979570756274,"test","gex.wohub","gex_only","without_hubness"
"1392","ACH-000517",0.556323349323179,"test","gex.wohub","gex_only","without_hubness"
"1393","ACH-000518",0.595759281731584,"test","gex.wohub","gex_only","without_hubness"
"1394","ACH-000520",0.536103593462032,"test","gex.wohub","gex_only","without_hubness"
"1395","ACH-000521",0.505033963357729,"test","gex.wohub","gex_only","without_hubness"
"1396","ACH-000522",0.575086760812816,"test","gex.wohub","gex_only","without_hubness"
"1397","ACH-000524",0.564392963791738,"test","gex.wohub","gex_only","without_hubness"
"1398","ACH-000525",0.566667029363873,"test","gex.wohub","gex_only","without_hubness"
"1399","ACH-000527",0.586609844776701,"test","gex.wohub","gex_only","without_hubness"
"1400","ACH-000528",0.584670541735534,"test","gex.wohub","gex_only","without_hubness"
"1401","ACH-000532",0.541524024678647,"test","gex.wohub","gex_only","without_hubness"
"1402","ACH-000533",0.553562262518146,"test","gex.wohub","gex_only","without_hubness"
"1403","ACH-000535",0.564538294776382,"test","gex.wohub","gex_only","without_hubness"
"1404","ACH-000537",0.564470099177671,"test","gex.wohub","gex_only","without_hubness"
"1405","ACH-000541",0.540995387181694,"test","gex.wohub","gex_only","without_hubness"
"1406","ACH-000542",0.551735653604901,"test","gex.wohub","gex_only","without_hubness"
"1407","ACH-000544",0.582810237979285,"test","gex.wohub","gex_only","without_hubness"
"1408","ACH-000545",0.558694925011557,"test","gex.wohub","gex_only","without_hubness"
"1409","ACH-000546",0.565581638394285,"test","gex.wohub","gex_only","without_hubness"
"1410","ACH-000547",0.544025086007453,"test","gex.wohub","gex_only","without_hubness"
"1411","ACH-000548",0.555986134014063,"test","gex.wohub","gex_only","without_hubness"
"1412","ACH-000549",0.550051725884464,"test","gex.wohub","gex_only","without_hubness"
"1413","ACH-000550",0.527493918790753,"test","gex.wohub","gex_only","without_hubness"
"1414","ACH-000551",0.54007030718692,"test","gex.wohub","gex_only","without_hubness"
"1415","ACH-000552",0.571720399991989,"test","gex.wohub","gex_only","without_hubness"
"1416","ACH-000554",0.552518984024439,"test","gex.wohub","gex_only","without_hubness"
"1417","ACH-000556",0.539371214554892,"test","gex.wohub","gex_only","without_hubness"
"1418","ACH-000557",0.506802300771251,"test","gex.wohub","gex_only","without_hubness"
"1419","ACH-000558",0.539867299932704,"test","gex.wohub","gex_only","without_hubness"
"1420","ACH-000559",0.52462573520221,"test","gex.wohub","gex_only","without_hubness"
"1421","ACH-000561",0.573858325540675,"test","gex.wohub","gex_only","without_hubness"
"1422","ACH-000562",0.530356982291607,"test","gex.wohub","gex_only","without_hubness"
"1423","ACH-000563",0.54108139975629,"test","gex.wohub","gex_only","without_hubness"
"1424","ACH-000565",0.549522540725562,"test","gex.wohub","gex_only","without_hubness"
"1425","ACH-000567",0.571209565059742,"test","gex.wohub","gex_only","without_hubness"
"1426","ACH-000570",0.550029403343714,"test","gex.wohub","gex_only","without_hubness"
"1427","ACH-000571",0.571986424073982,"test","gex.wohub","gex_only","without_hubness"
"1428","ACH-000573",0.593992872323208,"test","gex.wohub","gex_only","without_hubness"
"1429","ACH-000576",0.549418983831639,"test","gex.wohub","gex_only","without_hubness"
"1430","ACH-000577",0.507086588835715,"test","gex.wohub","gex_only","without_hubness"
"1431","ACH-000579",0.531985151107123,"test","gex.wohub","gex_only","without_hubness"
"1432","ACH-000580",0.533253854196384,"test","gex.wohub","gex_only","without_hubness"
"1433","ACH-000581",0.555239845020285,"test","gex.wohub","gex_only","without_hubness"
"1434","ACH-000584",0.585545886621601,"test","gex.wohub","gex_only","without_hubness"
"1435","ACH-000585",0.549198312461298,"test","gex.wohub","gex_only","without_hubness"
"1436","ACH-000587",0.557340705817748,"test","gex.wohub","gex_only","without_hubness"
"1437","ACH-000588",0.563236411439814,"test","gex.wohub","gex_only","without_hubness"
"1438","ACH-000589",0.574134035365165,"test","gex.wohub","gex_only","without_hubness"
"1439","ACH-000591",0.532899639192664,"test","gex.wohub","gex_only","without_hubness"
"1440","ACH-000592",0.543490191858203,"test","gex.wohub","gex_only","without_hubness"
"1441","ACH-000593",0.551194297917166,"test","gex.wohub","gex_only","without_hubness"
"1442","ACH-000595",0.56265107710413,"test","gex.wohub","gex_only","without_hubness"
"1443","ACH-000596",0.572142210683516,"test","gex.wohub","gex_only","without_hubness"
"1444","ACH-000597",0.545147010692059,"test","gex.wohub","gex_only","without_hubness"
"1445","ACH-000599",0.541562770702831,"test","gex.wohub","gex_only","without_hubness"
"1446","ACH-000600",0.52725860877486,"test","gex.wohub","gex_only","without_hubness"
"1447","ACH-000601",0.590158029157205,"test","gex.wohub","gex_only","without_hubness"
"1448","ACH-000602",0.553919589919496,"test","gex.wohub","gex_only","without_hubness"
"1449","ACH-000604",0.524604952288055,"test","gex.wohub","gex_only","without_hubness"
"1450","ACH-000605",0.545603672758926,"test","gex.wohub","gex_only","without_hubness"
"1451","ACH-000606",0.558862361284521,"test","gex.wohub","gex_only","without_hubness"
"1452","ACH-000607",0.548961231751037,"test","gex.wohub","gex_only","without_hubness"
"1453","ACH-000609",0.547562137214167,"test","gex.wohub","gex_only","without_hubness"
"1454","ACH-000614",0.563750321987295,"test","gex.wohub","gex_only","without_hubness"
"1455","ACH-000616",0.535964672795146,"test","gex.wohub","gex_only","without_hubness"
"1456","ACH-000618",0.58393842945507,"test","gex.wohub","gex_only","without_hubness"
"1457","ACH-000619",0.568351416952474,"test","gex.wohub","gex_only","without_hubness"
"1458","ACH-000620",0.577793345794477,"test","gex.wohub","gex_only","without_hubness"
"1459","ACH-000621",0.541973060954,"test","gex.wohub","gex_only","without_hubness"
"1460","ACH-000622",0.526464316153971,"test","gex.wohub","gex_only","without_hubness"
"1461","ACH-000623",0.5425981474799,"test","gex.wohub","gex_only","without_hubness"
"1462","ACH-000624",0.585264496861303,"test","gex.wohub","gex_only","without_hubness"
"1463","ACH-000627",0.560193678446088,"test","gex.wohub","gex_only","without_hubness"
"1464","ACH-000630",0.572394373705763,"test","gex.wohub","gex_only","without_hubness"
"1465","ACH-000632",0.568501267228404,"test","gex.wohub","gex_only","without_hubness"
"1466","ACH-000633",0.565221968325375,"test","gex.wohub","gex_only","without_hubness"
"1467","ACH-000634",0.553367282512641,"test","gex.wohub","gex_only","without_hubness"
"1468","ACH-000637",0.538829252751133,"test","gex.wohub","gex_only","without_hubness"
"1469","ACH-000638",0.537477556446198,"test","gex.wohub","gex_only","without_hubness"
"1470","ACH-000639",0.579621826522672,"test","gex.wohub","gex_only","without_hubness"
"1471","ACH-000645",0.537230667673094,"test","gex.wohub","gex_only","without_hubness"
"1472","ACH-000646",0.512642081861906,"test","gex.wohub","gex_only","without_hubness"
"1473","ACH-000647",0.558353815142766,"test","gex.wohub","gex_only","without_hubness"
"1474","ACH-000648",0.549866670364096,"test","gex.wohub","gex_only","without_hubness"
"1475","ACH-000649",0.561342368362035,"test","gex.wohub","gex_only","without_hubness"
"1476","ACH-000651",0.566159841922086,"test","gex.wohub","gex_only","without_hubness"
"1477","ACH-000652",0.544434045671758,"test","gex.wohub","gex_only","without_hubness"
"1478","ACH-000653",0.558077235530927,"test","gex.wohub","gex_only","without_hubness"
"1479","ACH-000654",0.537710009582399,"test","gex.wohub","gex_only","without_hubness"
"1480","ACH-000655",0.563989161056726,"test","gex.wohub","gex_only","without_hubness"
"1481","ACH-000656",0.566494371222817,"test","gex.wohub","gex_only","without_hubness"
"1482","ACH-000657",0.599621807796105,"test","gex.wohub","gex_only","without_hubness"
"1483","ACH-000658",0.55139505209505,"test","gex.wohub","gex_only","without_hubness"
"1484","ACH-000660",0.579546138094938,"test","gex.wohub","gex_only","without_hubness"
"1485","ACH-000661",0.55976078257416,"test","gex.wohub","gex_only","without_hubness"
"1486","ACH-000662",0.55695185456464,"test","gex.wohub","gex_only","without_hubness"
"1487","ACH-000663",0.531228152605023,"test","gex.wohub","gex_only","without_hubness"
"1488","ACH-000664",0.56370835589495,"test","gex.wohub","gex_only","without_hubness"
"1489","ACH-000665",0.541688991788514,"test","gex.wohub","gex_only","without_hubness"
"1490","ACH-000666",0.559813402121907,"test","gex.wohub","gex_only","without_hubness"
"1491","ACH-000667",0.557150310805225,"test","gex.wohub","gex_only","without_hubness"
"1492","ACH-000668",0.526084472846574,"test","gex.wohub","gex_only","without_hubness"
"1493","ACH-000671",0.562349093418563,"test","gex.wohub","gex_only","without_hubness"
"1494","ACH-000673",0.547946434492774,"test","gex.wohub","gex_only","without_hubness"
"1495","ACH-000676",0.57121593027834,"test","gex.wohub","gex_only","without_hubness"
"1496","ACH-000677",0.554457910166416,"test","gex.wohub","gex_only","without_hubness"
"1497","ACH-000680",0.520474636884057,"test","gex.wohub","gex_only","without_hubness"
"1498","ACH-000681",0.571585337620354,"test","gex.wohub","gex_only","without_hubness"
"1499","ACH-000682",0.579663536831402,"test","gex.wohub","gex_only","without_hubness"
"1500","ACH-000683",0.543821745765151,"test","gex.wohub","gex_only","without_hubness"
"1501","ACH-000684",0.52287089152801,"test","gex.wohub","gex_only","without_hubness"
"1502","ACH-000685",0.553493337626641,"test","gex.wohub","gex_only","without_hubness"
"1503","ACH-000693",0.5841328431499,"test","gex.wohub","gex_only","without_hubness"
"1504","ACH-000694",0.57880006687381,"test","gex.wohub","gex_only","without_hubness"
"1505","ACH-000695",0.524609640807491,"test","gex.wohub","gex_only","without_hubness"
"1506","ACH-000696",0.584121283061849,"test","gex.wohub","gex_only","without_hubness"
"1507","ACH-000697",0.564006362507139,"test","gex.wohub","gex_only","without_hubness"
"1508","ACH-000698",0.571745264820573,"test","gex.wohub","gex_only","without_hubness"
"1509","ACH-000699",0.570344865657343,"test","gex.wohub","gex_only","without_hubness"
"1510","ACH-000700",0.508114691767819,"test","gex.wohub","gex_only","without_hubness"
"1511","ACH-000701",0.515980871317637,"test","gex.wohub","gex_only","without_hubness"
"1512","ACH-000702",0.548359458639365,"test","gex.wohub","gex_only","without_hubness"
"1513","ACH-000704",0.506170027667826,"test","gex.wohub","gex_only","without_hubness"
"1514","ACH-000706",0.582575217660199,"test","gex.wohub","gex_only","without_hubness"
"1515","ACH-000709",0.50635067797615,"test","gex.wohub","gex_only","without_hubness"
"1516","ACH-000711",0.569314882539249,"test","gex.wohub","gex_only","without_hubness"
"1517","ACH-000713",0.531174382952194,"test","gex.wohub","gex_only","without_hubness"
"1518","ACH-000714",0.55448013437864,"test","gex.wohub","gex_only","without_hubness"
"1519","ACH-000716",0.569179735824591,"test","gex.wohub","gex_only","without_hubness"
"1520","ACH-000717",0.543997100673549,"test","gex.wohub","gex_only","without_hubness"
"1521","ACH-000718",0.534906395223465,"test","gex.wohub","gex_only","without_hubness"
"1522","ACH-000719",0.564500330252408,"test","gex.wohub","gex_only","without_hubness"
"1523","ACH-000720",0.564141373081746,"test","gex.wohub","gex_only","without_hubness"
"1524","ACH-000721",0.563604474043346,"test","gex.wohub","gex_only","without_hubness"
"1525","ACH-000722",0.545133301216261,"test","gex.wohub","gex_only","without_hubness"
"1526","ACH-000724",0.528596409486772,"test","gex.wohub","gex_only","without_hubness"
"1527","ACH-000725",0.513731167017084,"test","gex.wohub","gex_only","without_hubness"
"1528","ACH-000732",0.548577701101358,"test","gex.wohub","gex_only","without_hubness"
"1529","ACH-000734",0.567515214532802,"test","gex.wohub","gex_only","without_hubness"
"1530","ACH-000735",0.563186487983836,"test","gex.wohub","gex_only","without_hubness"
"1531","ACH-000736",0.562081350464055,"test","gex.wohub","gex_only","without_hubness"
"1532","ACH-000738",0.580031424191147,"test","gex.wohub","gex_only","without_hubness"
"1533","ACH-000739",0.553876151509717,"test","gex.wohub","gex_only","without_hubness"
"1534","ACH-000740",0.571381196682871,"test","gex.wohub","gex_only","without_hubness"
"1535","ACH-000741",0.57234663538975,"test","gex.wohub","gex_only","without_hubness"
"1536","ACH-000746",0.549041257583857,"test","gex.wohub","gex_only","without_hubness"
"1537","ACH-000747",0.576995168836764,"test","gex.wohub","gex_only","without_hubness"
"1538","ACH-000748",0.549536043503162,"test","gex.wohub","gex_only","without_hubness"
"1539","ACH-000753",0.586022000161973,"test","gex.wohub","gex_only","without_hubness"
"1540","ACH-000754",0.543578464905809,"test","gex.wohub","gex_only","without_hubness"
"1541","ACH-000756",0.5615844147213,"test","gex.wohub","gex_only","without_hubness"
"1542","ACH-000757",0.531095560025738,"test","gex.wohub","gex_only","without_hubness"
"1543","ACH-000758",0.552706080494727,"test","gex.wohub","gex_only","without_hubness"
"1544","ACH-000760",0.558993714151694,"test","gex.wohub","gex_only","without_hubness"
"1545","ACH-000762",0.542570823967871,"test","gex.wohub","gex_only","without_hubness"
"1546","ACH-000763",0.5607037210688,"test","gex.wohub","gex_only","without_hubness"
"1547","ACH-000764",0.538616119062583,"test","gex.wohub","gex_only","without_hubness"
"1548","ACH-000765",0.540297169756401,"test","gex.wohub","gex_only","without_hubness"
"1549","ACH-000766",0.539779351420521,"test","gex.wohub","gex_only","without_hubness"
"1550","ACH-000767",0.528019543485913,"test","gex.wohub","gex_only","without_hubness"
"1551","ACH-000768",0.56072440276424,"test","gex.wohub","gex_only","without_hubness"
"1552","ACH-000769",0.573676093100071,"test","gex.wohub","gex_only","without_hubness"
"1553","ACH-000770",0.577278113929828,"test","gex.wohub","gex_only","without_hubness"
"1554","ACH-000771",0.571447484532912,"test","gex.wohub","gex_only","without_hubness"
"1555","ACH-000773",0.548666992980562,"test","gex.wohub","gex_only","without_hubness"
"1556","ACH-000774",0.518063078167793,"test","gex.wohub","gex_only","without_hubness"
"1557","ACH-000775",0.571181903439191,"test","gex.wohub","gex_only","without_hubness"
"1558","ACH-000776",0.541943552088485,"test","gex.wohub","gex_only","without_hubness"
"1559","ACH-000777",0.565320910781295,"test","gex.wohub","gex_only","without_hubness"
"1560","ACH-000778",0.556198717986812,"test","gex.wohub","gex_only","without_hubness"
"1561","ACH-000781",0.565482946720226,"test","gex.wohub","gex_only","without_hubness"
"1562","ACH-000782",0.545657104556146,"test","gex.wohub","gex_only","without_hubness"
"1563","ACH-000783",0.520271601556191,"test","gex.wohub","gex_only","without_hubness"
"1564","ACH-000784",0.568876892995807,"test","gex.wohub","gex_only","without_hubness"
"1565","ACH-000785",0.5314284620833,"test","gex.wohub","gex_only","without_hubness"
"1566","ACH-000787",0.583654528293865,"test","gex.wohub","gex_only","without_hubness"
"1567","ACH-000788",0.576151317715584,"test","gex.wohub","gex_only","without_hubness"
"1568","ACH-000790",0.558400113172105,"test","gex.wohub","gex_only","without_hubness"
"1569","ACH-000791",0.541083642948755,"test","gex.wohub","gex_only","without_hubness"
"1570","ACH-000792",0.559349987626904,"test","gex.wohub","gex_only","without_hubness"
"1571","ACH-000793",0.573035633419614,"test","gex.wohub","gex_only","without_hubness"
"1572","ACH-000794",0.579256103589983,"test","gex.wohub","gex_only","without_hubness"
"1573","ACH-000796",0.541047800041611,"test","gex.wohub","gex_only","without_hubness"
"1574","ACH-000799",0.54320093845264,"test","gex.wohub","gex_only","without_hubness"
"1575","ACH-000800",0.534615618539136,"test","gex.wohub","gex_only","without_hubness"
"1576","ACH-000801",0.552712919990844,"test","gex.wohub","gex_only","without_hubness"
"1577","ACH-000802",0.573110846450067,"test","gex.wohub","gex_only","without_hubness"
"1578","ACH-000804",0.539493404608616,"test","gex.wohub","gex_only","without_hubness"
"1579","ACH-000805",0.555532496375809,"test","gex.wohub","gex_only","without_hubness"
"1580","ACH-000807",0.557358658446804,"test","gex.wohub","gex_only","without_hubness"
"1581","ACH-000809",0.564542691540097,"test","gex.wohub","gex_only","without_hubness"
"1582","ACH-000810",0.519225735020352,"test","gex.wohub","gex_only","without_hubness"
"1583","ACH-000811",0.532741979228115,"test","gex.wohub","gex_only","without_hubness"
"1584","ACH-000817",0.569432016459933,"test","gex.wohub","gex_only","without_hubness"
"1585","ACH-000819",0.550139672212075,"test","gex.wohub","gex_only","without_hubness"
"1586","ACH-000820",0.533769686860974,"test","gex.wohub","gex_only","without_hubness"
"1587","ACH-000821",0.539461526638102,"test","gex.wohub","gex_only","without_hubness"
"1588","ACH-000822",0.540733544083128,"test","gex.wohub","gex_only","without_hubness"
"1589","ACH-000823",0.572107650647335,"test","gex.wohub","gex_only","without_hubness"
"1590","ACH-000824",0.543784759568298,"test","gex.wohub","gex_only","without_hubness"
"1591","ACH-000826",0.532235820608152,"test","gex.wohub","gex_only","without_hubness"
"1592","ACH-000827",0.54529829397763,"test","gex.wohub","gex_only","without_hubness"
"1593","ACH-000829",0.542677093293218,"test","gex.wohub","gex_only","without_hubness"
"1594","ACH-000831",0.582163421746568,"test","gex.wohub","gex_only","without_hubness"
"1595","ACH-000832",0.573652424888864,"test","gex.wohub","gex_only","without_hubness"
"1596","ACH-000833",0.535681321815003,"test","gex.wohub","gex_only","without_hubness"
"1597","ACH-000834",0.573418136835663,"test","gex.wohub","gex_only","without_hubness"
"1598","ACH-000835",0.575041684127556,"test","gex.wohub","gex_only","without_hubness"
"1599","ACH-000836",0.558274533048317,"test","gex.wohub","gex_only","without_hubness"
"1600","ACH-000837",0.569134413044978,"test","gex.wohub","gex_only","without_hubness"
"1601","ACH-000838",0.537215823770473,"test","gex.wohub","gex_only","without_hubness"
"1602","ACH-000839",0.540318488325907,"test","gex.wohub","gex_only","without_hubness"
"1603","ACH-000840",0.521547801495211,"test","gex.wohub","gex_only","without_hubness"
"1604","ACH-000841",0.561599507899546,"test","gex.wohub","gex_only","without_hubness"
"1605","ACH-000843",0.583849771069604,"test","gex.wohub","gex_only","without_hubness"
"1606","ACH-000845",0.554432580123167,"test","gex.wohub","gex_only","without_hubness"
"1607","ACH-000846",0.556178698829777,"test","gex.wohub","gex_only","without_hubness"
"1608","ACH-000847",0.569137350648443,"test","gex.wohub","gex_only","without_hubness"
"1609","ACH-000848",0.568314409021899,"test","gex.wohub","gex_only","without_hubness"
"1610","ACH-000849",0.57858516016591,"test","gex.wohub","gex_only","without_hubness"
"1611","ACH-000851",0.544790714860794,"test","gex.wohub","gex_only","without_hubness"
"1612","ACH-000853",0.576182051823866,"test","gex.wohub","gex_only","without_hubness"
"1613","ACH-000854",0.531040258958663,"test","gex.wohub","gex_only","without_hubness"
"1614","ACH-000855",0.55250337857989,"test","gex.wohub","gex_only","without_hubness"
"1615","ACH-000856",0.580568519472386,"test","gex.wohub","gex_only","without_hubness"
"1616","ACH-000858",0.568993631187417,"test","gex.wohub","gex_only","without_hubness"
"1617","ACH-000859",0.53872165347847,"test","gex.wohub","gex_only","without_hubness"
"1618","ACH-000860",0.556403421400974,"test","gex.wohub","gex_only","without_hubness"
"1619","ACH-000861",0.575812909407925,"test","gex.wohub","gex_only","without_hubness"
"1620","ACH-000862",0.561847378002489,"test","gex.wohub","gex_only","without_hubness"
"1621","ACH-000863",0.544659863645605,"test","gex.wohub","gex_only","without_hubness"
"1622","ACH-000864",0.565203467147856,"test","gex.wohub","gex_only","without_hubness"
"1623","ACH-000865",0.571399666410473,"test","gex.wohub","gex_only","without_hubness"
"1624","ACH-000866",0.586745328995707,"test","gex.wohub","gex_only","without_hubness"
"1625","ACH-000867",0.548082981709242,"test","gex.wohub","gex_only","without_hubness"
"1626","ACH-000869",0.541553167506258,"test","gex.wohub","gex_only","without_hubness"
"1627","ACH-000872",0.532543595049966,"test","gex.wohub","gex_only","without_hubness"
"1628","ACH-000873",0.56597805132987,"test","gex.wohub","gex_only","without_hubness"
"1629","ACH-000876",0.548239733911019,"test","gex.wohub","gex_only","without_hubness"
"1630","ACH-000878",0.519353056203607,"test","gex.wohub","gex_only","without_hubness"
"1631","ACH-000879",0.56921261127723,"test","gex.wohub","gex_only","without_hubness"
"1632","ACH-000880",0.570260140171652,"test","gex.wohub","gex_only","without_hubness"
"1633","ACH-000881",0.572219072370017,"test","gex.wohub","gex_only","without_hubness"
"1634","ACH-000882",0.579395121049309,"test","gex.wohub","gex_only","without_hubness"
"1635","ACH-000884",0.567565173154484,"test","gex.wohub","gex_only","without_hubness"
"1636","ACH-000885",0.583951670851207,"test","gex.wohub","gex_only","without_hubness"
"1637","ACH-000886",0.579102569308845,"test","gex.wohub","gex_only","without_hubness"
"1638","ACH-000887",0.566336493419616,"test","gex.wohub","gex_only","without_hubness"
"1639","ACH-000888",0.563180660336242,"test","gex.wohub","gex_only","without_hubness"
"1640","ACH-000889",0.57156637506891,"test","gex.wohub","gex_only","without_hubness"
"1641","ACH-000890",0.549736680061668,"test","gex.wohub","gex_only","without_hubness"
"1642","ACH-000894",0.556008163152992,"test","gex.wohub","gex_only","without_hubness"
"1643","ACH-000896",0.558735708055556,"test","gex.wohub","gex_only","without_hubness"
"1644","ACH-000898",0.561707160506512,"test","gex.wohub","gex_only","without_hubness"
"1645","ACH-000899",0.538143602942293,"test","gex.wohub","gex_only","without_hubness"
"1646","ACH-000900",0.581013741165123,"test","gex.wohub","gex_only","without_hubness"
"1647","ACH-000901",0.534162625841563,"test","gex.wohub","gex_only","without_hubness"
"1648","ACH-000903",0.562401026554367,"test","gex.wohub","gex_only","without_hubness"
"1649","ACH-000905",0.567113169932258,"test","gex.wohub","gex_only","without_hubness"
"1650","ACH-000906",0.569422018611903,"test","gex.wohub","gex_only","without_hubness"
"1651","ACH-000907",0.512652280242548,"test","gex.wohub","gex_only","without_hubness"
"1652","ACH-000910",0.540192255329729,"test","gex.wohub","gex_only","without_hubness"
"1653","ACH-000911",0.594679574282993,"test","gex.wohub","gex_only","without_hubness"
"1654","ACH-000912",0.580326010820575,"test","gex.wohub","gex_only","without_hubness"
"1655","ACH-000913",0.579296342199254,"test","gex.wohub","gex_only","without_hubness"
"1656","ACH-000914",0.583120269579508,"test","gex.wohub","gex_only","without_hubness"
"1657","ACH-000915",0.573482458168054,"test","gex.wohub","gex_only","without_hubness"
"1658","ACH-000917",0.567461452104792,"test","gex.wohub","gex_only","without_hubness"
"1659","ACH-000919",0.572165665140807,"test","gex.wohub","gex_only","without_hubness"
"1660","ACH-000920",0.536251601446607,"test","gex.wohub","gex_only","without_hubness"
"1661","ACH-000921",0.571595798905301,"test","gex.wohub","gex_only","without_hubness"
"1662","ACH-000922",0.572634816948363,"test","gex.wohub","gex_only","without_hubness"
"1663","ACH-000924",0.574073626327045,"test","gex.wohub","gex_only","without_hubness"
"1664","ACH-000926",0.558518934877207,"test","gex.wohub","gex_only","without_hubness"
"1665","ACH-000928",0.510400005581082,"test","gex.wohub","gex_only","without_hubness"
"1666","ACH-000929",0.546008487264295,"test","gex.wohub","gex_only","without_hubness"
"1667","ACH-000932",0.583615360846446,"test","gex.wohub","gex_only","without_hubness"
"1668","ACH-000934",0.513533563211689,"test","gex.wohub","gex_only","without_hubness"
"1669","ACH-000935",0.572491612613594,"test","gex.wohub","gex_only","without_hubness"
"1670","ACH-000936",0.566602647096339,"test","gex.wohub","gex_only","without_hubness"
"1671","ACH-000937",0.550588319741574,"test","gex.wohub","gex_only","without_hubness"
"1672","ACH-000938",0.56090197966333,"test","gex.wohub","gex_only","without_hubness"
"1673","ACH-000939",0.554906334076927,"test","gex.wohub","gex_only","without_hubness"
"1674","ACH-000941",0.548330048774227,"test","gex.wohub","gex_only","without_hubness"
"1675","ACH-000943",0.596274072998885,"test","gex.wohub","gex_only","without_hubness"
"1676","ACH-000944",0.560317101988715,"test","gex.wohub","gex_only","without_hubness"
"1677","ACH-000945",0.523477602697645,"test","gex.wohub","gex_only","without_hubness"
"1678","ACH-000946",0.575595795144522,"test","gex.wohub","gex_only","without_hubness"
"1679","ACH-000947",0.576244750661964,"test","gex.wohub","gex_only","without_hubness"
"1680","ACH-000948",0.595012092230703,"test","gex.wohub","gex_only","without_hubness"
"1681","ACH-000950",0.5606317419181,"test","gex.wohub","gex_only","without_hubness"
"1682","ACH-000953",0.521933106482046,"test","gex.wohub","gex_only","without_hubness"
"1683","ACH-000956",0.522802452273804,"test","gex.wohub","gex_only","without_hubness"
"1684","ACH-000957",0.570599661951409,"test","gex.wohub","gex_only","without_hubness"
"1685","ACH-000958",0.568550650032617,"test","gex.wohub","gex_only","without_hubness"
"1686","ACH-000959",0.56788754227753,"test","gex.wohub","gex_only","without_hubness"
"1687","ACH-000960",0.538980123859358,"test","gex.wohub","gex_only","without_hubness"
"1688","ACH-000961",0.552222760640873,"test","gex.wohub","gex_only","without_hubness"
"1689","ACH-000962",0.559804867301884,"test","gex.wohub","gex_only","without_hubness"
"1690","ACH-000965",0.584245845407644,"test","gex.wohub","gex_only","without_hubness"
"1691","ACH-000966",0.528184397155004,"test","gex.wohub","gex_only","without_hubness"
"1692","ACH-000968",0.571100497337063,"test","gex.wohub","gex_only","without_hubness"
"1693","ACH-000969",0.571099735380255,"test","gex.wohub","gex_only","without_hubness"
"1694","ACH-000970",0.559039993631122,"test","gex.wohub","gex_only","without_hubness"
"1695","ACH-000971",0.564578272440433,"test","gex.wohub","gex_only","without_hubness"
"1696","ACH-000973",0.572559817606203,"test","gex.wohub","gex_only","without_hubness"
"1697","ACH-000974",0.576948903634198,"test","gex.wohub","gex_only","without_hubness"
"1698","ACH-000975",0.565060470328425,"test","gex.wohub","gex_only","without_hubness"
"1699","ACH-000976",0.548102472711254,"test","gex.wohub","gex_only","without_hubness"
"1700","ACH-000977",0.592727847968659,"test","gex.wohub","gex_only","without_hubness"
"1701","ACH-000978",0.54241262936923,"test","gex.wohub","gex_only","without_hubness"
"1702","ACH-000979",0.544773404537733,"test","gex.wohub","gex_only","without_hubness"
"1703","ACH-000980",0.577859675384667,"test","gex.wohub","gex_only","without_hubness"
"1704","ACH-000983",0.56277396542836,"test","gex.wohub","gex_only","without_hubness"
"1705","ACH-000984",0.524928055898343,"test","gex.wohub","gex_only","without_hubness"
"1706","ACH-000985",0.524479586293473,"test","gex.wohub","gex_only","without_hubness"
"1707","ACH-000986",0.565899012507129,"test","gex.wohub","gex_only","without_hubness"
"1708","ACH-000988",0.538471894146781,"test","gex.wohub","gex_only","without_hubness"
"1709","ACH-000991",0.544015763090578,"test","gex.wohub","gex_only","without_hubness"
"1710","ACH-000993",0.537711006302923,"test","gex.wohub","gex_only","without_hubness"
"1711","ACH-000994",0.555489548030048,"test","gex.wohub","gex_only","without_hubness"
"1712","ACH-000995",0.531641536584645,"test","gex.wohub","gex_only","without_hubness"
"1713","ACH-000996",0.534846648286863,"test","gex.wohub","gex_only","without_hubness"
"1714","ACH-000997",0.573976314108252,"test","gex.wohub","gex_only","without_hubness"
"1715","ACH-001001",0.570175394876232,"test","gex.wohub","gex_only","without_hubness"
"1716","ACH-001016",0.55752453734014,"test","gex.wohub","gex_only","without_hubness"
"1717","ACH-001020",0.525207952185416,"test","gex.wohub","gex_only","without_hubness"
"1718","ACH-001028",0.576858041359475,"test","gex.wohub","gex_only","without_hubness"
"1719","ACH-001029",0.5815109723516,"test","gex.wohub","gex_only","without_hubness"
"1720","ACH-001031",0.581071230481076,"test","gex.wohub","gex_only","without_hubness"
"1721","ACH-001033",0.529872339046695,"test","gex.wohub","gex_only","without_hubness"
"1722","ACH-001036",0.532619798678535,"test","gex.wohub","gex_only","without_hubness"
"1723","ACH-001038",0.577602561621852,"test","gex.wohub","gex_only","without_hubness"
"1724","ACH-001039",0.5486235702907,"test","gex.wohub","gex_only","without_hubness"
"1725","ACH-001041",0.567198916190766,"test","gex.wohub","gex_only","without_hubness"
"1726","ACH-001048",0.552194957839373,"test","gex.wohub","gex_only","without_hubness"
"1727","ACH-001050",0.551002046187196,"test","gex.wohub","gex_only","without_hubness"
"1728","ACH-001053",0.519110206537753,"test","gex.wohub","gex_only","without_hubness"
"1729","ACH-001054",0.557636428972914,"test","gex.wohub","gex_only","without_hubness"
"1730","ACH-001061",0.577821930846408,"test","gex.wohub","gex_only","without_hubness"
"1731","ACH-001063",0.539216311046299,"test","gex.wohub","gex_only","without_hubness"
"1732","ACH-001065",0.560364280387232,"test","gex.wohub","gex_only","without_hubness"
"1733","ACH-001067",0.565727962665312,"test","gex.wohub","gex_only","without_hubness"
"1734","ACH-001075",0.551481707671679,"test","gex.wohub","gex_only","without_hubness"
"1735","ACH-001081",0.555056527647503,"test","gex.wohub","gex_only","without_hubness"
"1736","ACH-001096",0.564807277011474,"test","gex.wohub","gex_only","without_hubness"
"1737","ACH-001098",0.531015784797439,"test","gex.wohub","gex_only","without_hubness"
"1738","ACH-001099",0.548682828768039,"test","gex.wohub","gex_only","without_hubness"
"1739","ACH-001107",0.557910699477478,"test","gex.wohub","gex_only","without_hubness"
"1740","ACH-001126",0.566437092628193,"test","gex.wohub","gex_only","without_hubness"
"1741","ACH-001128",0.529593877630877,"test","gex.wohub","gex_only","without_hubness"
"1742","ACH-001129",0.536691464897285,"test","gex.wohub","gex_only","without_hubness"
"1743","ACH-001134",0.551839691667913,"test","gex.wohub","gex_only","without_hubness"
"1744","ACH-001137",0.514462026119337,"test","gex.wohub","gex_only","without_hubness"
"1745","ACH-001145",0.576803225914001,"test","gex.wohub","gex_only","without_hubness"
"1746","ACH-001151",0.557093237409805,"test","gex.wohub","gex_only","without_hubness"
"1747","ACH-001163",0.547978074457113,"test","gex.wohub","gex_only","without_hubness"
"1748","ACH-001164",0.537355289161821,"test","gex.wohub","gex_only","without_hubness"
"1749","ACH-001172",0.590029002284622,"test","gex.wohub","gex_only","without_hubness"
"1750","ACH-001183",0.552415584065215,"test","gex.wohub","gex_only","without_hubness"
"1751","ACH-001184",0.533799960161861,"test","gex.wohub","gex_only","without_hubness"
"1752","ACH-001188",0.534949720819527,"test","gex.wohub","gex_only","without_hubness"
"1753","ACH-001190",0.561308913802456,"test","gex.wohub","gex_only","without_hubness"
"1754","ACH-001192",0.549578897600479,"test","gex.wohub","gex_only","without_hubness"
"1755","ACH-001193",0.563889961084744,"test","gex.wohub","gex_only","without_hubness"
"1756","ACH-001194",0.525435870102528,"test","gex.wohub","gex_only","without_hubness"
"1757","ACH-001196",0.560767382473583,"test","gex.wohub","gex_only","without_hubness"
"1758","ACH-001197",0.540529438653565,"test","gex.wohub","gex_only","without_hubness"
"1759","ACH-001205",0.5475065629621,"test","gex.wohub","gex_only","without_hubness"
"1760","ACH-001211",0.547846529391209,"test","gex.wohub","gex_only","without_hubness"
"1761","ACH-001212",0.506936820477836,"test","gex.wohub","gex_only","without_hubness"
"1762","ACH-001228",0.530344089481853,"test","gex.wohub","gex_only","without_hubness"
"1763","ACH-001229",0.577994130724403,"test","gex.wohub","gex_only","without_hubness"
"1764","ACH-001232",0.547949424907967,"test","gex.wohub","gex_only","without_hubness"
"1765","ACH-001233",0.560056381801179,"test","gex.wohub","gex_only","without_hubness"
"1766","ACH-001239",0.573857278950011,"test","gex.wohub","gex_only","without_hubness"
"1767","ACH-001270",0.521074257947254,"test","gex.wohub","gex_only","without_hubness"
"1768","ACH-001274",0.542209928130466,"test","gex.wohub","gex_only","without_hubness"
"1769","ACH-001275",0.551158015135766,"test","gex.wohub","gex_only","without_hubness"
"1770","ACH-001277",0.534662563924935,"test","gex.wohub","gex_only","without_hubness"
"1771","ACH-001278",0.57186555941653,"test","gex.wohub","gex_only","without_hubness"
"1772","ACH-001279",0.554307101885401,"test","gex.wohub","gex_only","without_hubness"
"1773","ACH-001280",0.537333969739359,"test","gex.wohub","gex_only","without_hubness"
"1774","ACH-001283",0.561869327360283,"test","gex.wohub","gex_only","without_hubness"
"1775","ACH-001289",0.563017764321006,"test","gex.wohub","gex_only","without_hubness"
"1776","ACH-001295",0.549478887856788,"test","gex.wohub","gex_only","without_hubness"
"1777","ACH-001300",0.548826501369834,"test","gex.wohub","gex_only","without_hubness"
"1778","ACH-001301",0.532016089542222,"test","gex.wohub","gex_only","without_hubness"
"1779","ACH-001302",0.525058514683042,"test","gex.wohub","gex_only","without_hubness"
"1780","ACH-001303",0.507860059031151,"test","gex.wohub","gex_only","without_hubness"
"1781","ACH-001306",0.54034648728754,"test","gex.wohub","gex_only","without_hubness"
"1782","ACH-001307",0.537102366441819,"test","gex.wohub","gex_only","without_hubness"
"1783","ACH-001310",0.551626444145028,"test","gex.wohub","gex_only","without_hubness"
"1784","ACH-001318",0.570691907632603,"test","gex.wohub","gex_only","without_hubness"
"1785","ACH-001322",0.569184072618965,"test","gex.wohub","gex_only","without_hubness"
"1786","ACH-001328",0.564639637377202,"test","gex.wohub","gex_only","without_hubness"
"1787","ACH-001329",0.558534863716198,"test","gex.wohub","gex_only","without_hubness"
"1788","ACH-001331",0.546873043278572,"test","gex.wohub","gex_only","without_hubness"
"1789","ACH-001332",0.543135340291033,"test","gex.wohub","gex_only","without_hubness"
"1790","ACH-001333",0.556573993606916,"test","gex.wohub","gex_only","without_hubness"
"1791","ACH-001334",0.583124633261904,"test","gex.wohub","gex_only","without_hubness"
"1792","ACH-001335",0.563000578691015,"test","gex.wohub","gex_only","without_hubness"
"1793","ACH-001336",0.565271717594732,"test","gex.wohub","gex_only","without_hubness"
"1794","ACH-001338",0.556838017934709,"test","gex.wohub","gex_only","without_hubness"
"1795","ACH-001340",0.572003082466626,"test","gex.wohub","gex_only","without_hubness"
"1796","ACH-001341",0.574414072599931,"test","gex.wohub","gex_only","without_hubness"
"1797","ACH-001344",0.51657526179137,"test","gex.wohub","gex_only","without_hubness"
"1798","ACH-001345",0.58379952493548,"test","gex.wohub","gex_only","without_hubness"
"1799","ACH-001346",0.586916742982734,"test","gex.wohub","gex_only","without_hubness"
"1800","ACH-001347",0.561001400366541,"test","gex.wohub","gex_only","without_hubness"
"1801","ACH-001353",0.546783736345689,"test","gex.wohub","gex_only","without_hubness"
"1802","ACH-001354",0.533539824188753,"test","gex.wohub","gex_only","without_hubness"
"1803","ACH-001356",0.526879235328328,"test","gex.wohub","gex_only","without_hubness"
"1804","ACH-001366",0.552500826407786,"test","gex.wohub","gex_only","without_hubness"
"1805","ACH-001367",0.533044047575033,"test","gex.wohub","gex_only","without_hubness"
"1806","ACH-001368",0.574168873111781,"test","gex.wohub","gex_only","without_hubness"
"1807","ACH-001370",0.543188175891054,"test","gex.wohub","gex_only","without_hubness"
"1808","ACH-001374",0.539009491162342,"test","gex.wohub","gex_only","without_hubness"
"1809","ACH-001375",0.53569883541369,"test","gex.wohub","gex_only","without_hubness"
"1810","ACH-001377",0.570521359559667,"test","gex.wohub","gex_only","without_hubness"
"1811","ACH-001379",0.5512323674117,"test","gex.wohub","gex_only","without_hubness"
"1812","ACH-001380",0.581127879732745,"test","gex.wohub","gex_only","without_hubness"
"1813","ACH-001382",0.522434295968658,"test","gex.wohub","gex_only","without_hubness"
"1814","ACH-001385",0.584276671522709,"test","gex.wohub","gex_only","without_hubness"
"1815","ACH-001386",0.544861118258523,"test","gex.wohub","gex_only","without_hubness"
"1816","ACH-001389",0.582223637563011,"test","gex.wohub","gex_only","without_hubness"
"1817","ACH-001390",0.545223940898991,"test","gex.wohub","gex_only","without_hubness"
"1818","ACH-001391",0.52068230618441,"test","gex.wohub","gex_only","without_hubness"
"1819","ACH-001392",0.534262319439901,"test","gex.wohub","gex_only","without_hubness"
"1820","ACH-001393",0.554157580992752,"test","gex.wohub","gex_only","without_hubness"
"1821","ACH-001394",0.542078662304757,"test","gex.wohub","gex_only","without_hubness"
"1822","ACH-001398",0.520877006291577,"test","gex.wohub","gex_only","without_hubness"
"1823","ACH-001399",0.54289535492451,"test","gex.wohub","gex_only","without_hubness"
"1824","ACH-001400",0.539596234086397,"test","gex.wohub","gex_only","without_hubness"
"1825","ACH-001402",0.557715771647421,"test","gex.wohub","gex_only","without_hubness"
"1826","ACH-001403",0.525634393647896,"test","gex.wohub","gex_only","without_hubness"
"1827","ACH-001407",0.554539823614938,"test","gex.wohub","gex_only","without_hubness"
"1828","ACH-001408",0.570195754618803,"test","gex.wohub","gex_only","without_hubness"
"1829","ACH-001409",0.510721202032918,"test","gex.wohub","gex_only","without_hubness"
"1830","ACH-001411",0.548183924534666,"test","gex.wohub","gex_only","without_hubness"
"1831","ACH-001412",0.53975988874814,"test","gex.wohub","gex_only","without_hubness"
"1832","ACH-001413",0.569301635160015,"test","gex.wohub","gex_only","without_hubness"
"1833","ACH-001414",0.559982768034279,"test","gex.wohub","gex_only","without_hubness"
"1834","ACH-001415",0.529948620829903,"test","gex.wohub","gex_only","without_hubness"
"1835","ACH-001416",0.530971375197722,"test","gex.wohub","gex_only","without_hubness"
"1836","ACH-001418",0.577766183790506,"test","gex.wohub","gex_only","without_hubness"
"1837","ACH-001419",0.543958236890241,"test","gex.wohub","gex_only","without_hubness"
"1838","ACH-001421",0.516278927498899,"test","gex.wohub","gex_only","without_hubness"
"1839","ACH-001422",0.520891984474984,"test","gex.wohub","gex_only","without_hubness"
"1840","ACH-001430",0.543594890414919,"test","gex.wohub","gex_only","without_hubness"
"1841","ACH-001431",0.539704646052111,"test","gex.wohub","gex_only","without_hubness"
"1842","ACH-001433",0.550410200570376,"test","gex.wohub","gex_only","without_hubness"
"1843","ACH-001442",0.539748361843609,"test","gex.wohub","gex_only","without_hubness"
"1844","ACH-001443",0.545415463530574,"test","gex.wohub","gex_only","without_hubness"
"1845","ACH-001450",0.532307248186363,"test","gex.wohub","gex_only","without_hubness"
"1846","ACH-001451",0.546532664770938,"test","gex.wohub","gex_only","without_hubness"
"1847","ACH-001453",0.545585080552277,"test","gex.wohub","gex_only","without_hubness"
"1848","ACH-001458",0.524779175989777,"test","gex.wohub","gex_only","without_hubness"
"1849","ACH-001459",0.525394449846479,"test","gex.wohub","gex_only","without_hubness"
"1850","ACH-001460",0.555499937434055,"test","gex.wohub","gex_only","without_hubness"
"1851","ACH-001494",0.564804342221672,"test","gex.wohub","gex_only","without_hubness"
"1852","ACH-001495",0.528226350726987,"test","gex.wohub","gex_only","without_hubness"
"1853","ACH-001496",0.578425193849787,"test","gex.wohub","gex_only","without_hubness"
"1854","ACH-001497",0.554867774884254,"test","gex.wohub","gex_only","without_hubness"
"1855","ACH-001498",0.539016187938065,"test","gex.wohub","gex_only","without_hubness"
"1856","ACH-001500",0.570581942637625,"test","gex.wohub","gex_only","without_hubness"
"1857","ACH-001509",0.528705904430862,"test","gex.wohub","gex_only","without_hubness"
"1858","ACH-001510",0.571426358132761,"test","gex.wohub","gex_only","without_hubness"
"1859","ACH-001511",0.547113464349399,"test","gex.wohub","gex_only","without_hubness"
"1860","ACH-001513",0.529746261430593,"test","gex.wohub","gex_only","without_hubness"
"1861","ACH-001515",0.540905008906393,"test","gex.wohub","gex_only","without_hubness"
"1862","ACH-001517",0.531695543222712,"test","gex.wohub","gex_only","without_hubness"
"1863","ACH-001518",0.518262518732643,"test","gex.wohub","gex_only","without_hubness"
"1864","ACH-001520",0.547236304359888,"test","gex.wohub","gex_only","without_hubness"
"1865","ACH-001521",0.524776738847892,"test","gex.wohub","gex_only","without_hubness"
"1866","ACH-001522",0.543291384342735,"test","gex.wohub","gex_only","without_hubness"
"1867","ACH-001523",0.577668843660496,"test","gex.wohub","gex_only","without_hubness"
"1868","ACH-001524",0.557834906315884,"test","gex.wohub","gex_only","without_hubness"
"1869","ACH-001525",0.556878218257771,"test","gex.wohub","gex_only","without_hubness"
"1870","ACH-001526",0.526543553648969,"test","gex.wohub","gex_only","without_hubness"
"1871","ACH-001528",0.604916385872389,"test","gex.wohub","gex_only","without_hubness"
"1872","ACH-001529",0.577887290630469,"test","gex.wohub","gex_only","without_hubness"
"1873","ACH-001530",0.527442137505606,"test","gex.wohub","gex_only","without_hubness"
"1874","ACH-001532",0.60063120986078,"test","gex.wohub","gex_only","without_hubness"
"1875","ACH-001533",0.563843475746071,"test","gex.wohub","gex_only","without_hubness"
"1876","ACH-001536",0.543170361411476,"test","gex.wohub","gex_only","without_hubness"
"1877","ACH-001538",0.562132002297088,"test","gex.wohub","gex_only","without_hubness"
"1878","ACH-001539",0.536994882492012,"test","gex.wohub","gex_only","without_hubness"
"1879","ACH-001542",0.595292919323098,"test","gex.wohub","gex_only","without_hubness"
"1880","ACH-001543",0.54670055705189,"test","gex.wohub","gex_only","without_hubness"
"1881","ACH-001544",0.548941693592541,"test","gex.wohub","gex_only","without_hubness"
"1882","ACH-001547",0.54330462743171,"test","gex.wohub","gex_only","without_hubness"
"1883","ACH-001548",0.531919518724424,"test","gex.wohub","gex_only","without_hubness"
"1884","ACH-001549",0.567724054989969,"test","gex.wohub","gex_only","without_hubness"
"1885","ACH-001550",0.527133811679523,"test","gex.wohub","gex_only","without_hubness"
"1886","ACH-001551",0.588719899205148,"test","gex.wohub","gex_only","without_hubness"
"1887","ACH-001552",0.525826102973059,"test","gex.wohub","gex_only","without_hubness"
"1888","ACH-001554",0.593351177799989,"test","gex.wohub","gex_only","without_hubness"
"1889","ACH-001555",0.532691427410783,"test","gex.wohub","gex_only","without_hubness"
"1890","ACH-001556",0.553196951519209,"test","gex.wohub","gex_only","without_hubness"
"1891","ACH-001557",0.536756701286486,"test","gex.wohub","gex_only","without_hubness"
"1892","ACH-001558",0.54554667530558,"test","gex.wohub","gex_only","without_hubness"
"1893","ACH-001559",0.536150934810455,"test","gex.wohub","gex_only","without_hubness"
"1894","ACH-001560",0.554278862845875,"test","gex.wohub","gex_only","without_hubness"
"1895","ACH-001562",0.584229116414319,"test","gex.wohub","gex_only","without_hubness"
"1896","ACH-001563",0.53673463299938,"test","gex.wohub","gex_only","without_hubness"
"1897","ACH-001566",0.553633230845891,"test","gex.wohub","gex_only","without_hubness"
"1898","ACH-001567",0.561019444714173,"test","gex.wohub","gex_only","without_hubness"
"1899","ACH-001568",0.553753414266328,"test","gex.wohub","gex_only","without_hubness"
"1900","ACH-001570",0.574465630509452,"test","gex.wohub","gex_only","without_hubness"
"1901","ACH-001574",0.552802326299791,"test","gex.wohub","gex_only","without_hubness"
"1902","ACH-001577",0.524789563269787,"test","gex.wohub","gex_only","without_hubness"
"1903","ACH-001603",0.520971251206998,"test","gex.wohub","gex_only","without_hubness"
"1904","ACH-001605",0.573929819361933,"test","gex.wohub","gex_only","without_hubness"
"1905","ACH-001606",0.547077964463876,"test","gex.wohub","gex_only","without_hubness"
"1906","ACH-001607",0.579280594442477,"test","gex.wohub","gex_only","without_hubness"
"1907","ACH-001608",0.557923465643284,"test","gex.wohub","gex_only","without_hubness"
"1908","ACH-001609",0.564967201649621,"test","gex.wohub","gex_only","without_hubness"
"1909","ACH-001610",0.522129567108917,"test","gex.wohub","gex_only","without_hubness"
"1910","ACH-001611",0.548527958459515,"test","gex.wohub","gex_only","without_hubness"
"1911","ACH-001616",0.590632447694133,"test","gex.wohub","gex_only","without_hubness"
"1912","ACH-001618",0.54234126421783,"test","gex.wohub","gex_only","without_hubness"
"1913","ACH-001619",0.509021281160665,"test","gex.wohub","gex_only","without_hubness"
"1914","ACH-001622",0.558438705365024,"test","gex.wohub","gex_only","without_hubness"
"1915","ACH-001623",0.530158184588005,"test","gex.wohub","gex_only","without_hubness"
"1916","ACH-001624",0.52112384376351,"test","gex.wohub","gex_only","without_hubness"
"1917","ACH-001625",0.546901437387167,"test","gex.wohub","gex_only","without_hubness"
"1918","ACH-001626",0.532444943553632,"test","gex.wohub","gex_only","without_hubness"
"1919","ACH-001627",0.594067544141856,"test","gex.wohub","gex_only","without_hubness"
"1920","ACH-001628",0.542558240866575,"test","gex.wohub","gex_only","without_hubness"
"1921","ACH-001630",0.590860899999379,"test","gex.wohub","gex_only","without_hubness"
"1922","ACH-001632",0.541088300248833,"test","gex.wohub","gex_only","without_hubness"
"1923","ACH-001634",0.553007784728854,"test","gex.wohub","gex_only","without_hubness"
"1924","ACH-001639",0.508332897465343,"test","gex.wohub","gex_only","without_hubness"
"1925","ACH-001641",0.547251091422065,"test","gex.wohub","gex_only","without_hubness"
"1926","ACH-001645",0.517083981308457,"test","gex.wohub","gex_only","without_hubness"
"1927","ACH-001647",0.554445304110041,"test","gex.wohub","gex_only","without_hubness"
"1928","ACH-001648",0.596881081551418,"test","gex.wohub","gex_only","without_hubness"
"1929","ACH-001649",0.545685399283515,"test","gex.wohub","gex_only","without_hubness"
"1930","ACH-001650",0.549044834257144,"test","gex.wohub","gex_only","without_hubness"
"1931","ACH-001652",0.564348012301344,"test","gex.wohub","gex_only","without_hubness"
"1932","ACH-001653",0.564573060605162,"test","gex.wohub","gex_only","without_hubness"
"1933","ACH-001654",0.568638512944232,"test","gex.wohub","gex_only","without_hubness"
"1934","ACH-001655",0.548420244947456,"test","gex.wohub","gex_only","without_hubness"
"1935","ACH-001656",0.561187023891991,"test","gex.wohub","gex_only","without_hubness"
"1936","ACH-001664",0.593288828680319,"test","gex.wohub","gex_only","without_hubness"
"1937","ACH-001668",0.555117126127638,"test","gex.wohub","gex_only","without_hubness"
"1938","ACH-001669",0.571243355060876,"test","gex.wohub","gex_only","without_hubness"
"1939","ACH-001670",0.551505616506926,"test","gex.wohub","gex_only","without_hubness"
"1940","ACH-001673",0.573899131699572,"test","gex.wohub","gex_only","without_hubness"
"1941","ACH-001674",0.560684210546306,"test","gex.wohub","gex_only","without_hubness"
"1942","ACH-001675",0.553793909360788,"test","gex.wohub","gex_only","without_hubness"
"1943","ACH-001677",0.552422845959074,"test","gex.wohub","gex_only","without_hubness"
"1944","ACH-001685",0.548062293882152,"test","gex.wohub","gex_only","without_hubness"
"1945","ACH-001687",0.547837303460582,"test","gex.wohub","gex_only","without_hubness"
"1946","ACH-001688",0.514698688186941,"test","gex.wohub","gex_only","without_hubness"
"1947","ACH-001690",0.585209695750217,"test","gex.wohub","gex_only","without_hubness"
"1948","ACH-001692",0.583961174883377,"test","gex.wohub","gex_only","without_hubness"
"1949","ACH-001694",0.56630776840402,"test","gex.wohub","gex_only","without_hubness"
"1950","ACH-001696",0.567349328148427,"test","gex.wohub","gex_only","without_hubness"
"1951","ACH-001698",0.549311609120892,"test","gex.wohub","gex_only","without_hubness"
"1952","ACH-001699",0.588242879143885,"test","gex.wohub","gex_only","without_hubness"
"1953","ACH-001701",0.541679863158321,"test","gex.wohub","gex_only","without_hubness"
"1954","ACH-001702",0.545961087939552,"test","gex.wohub","gex_only","without_hubness"
"1955","ACH-001707",0.536298563972137,"test","gex.wohub","gex_only","without_hubness"
"1956","ACH-001709",0.591149065116122,"test","gex.wohub","gex_only","without_hubness"
"1957","ACH-001711",0.516060972348887,"test","gex.wohub","gex_only","without_hubness"
"1958","ACH-001715",0.551954930741621,"test","gex.wohub","gex_only","without_hubness"
"1959","ACH-001719",0.559787769879664,"test","gex.wohub","gex_only","without_hubness"
"1960","ACH-001735",0.56293721157725,"test","gex.wohub","gex_only","without_hubness"
"1961","ACH-001736",0.575755622610702,"test","gex.wohub","gex_only","without_hubness"
"1962","ACH-001737",0.501049757470351,"test","gex.wohub","gex_only","without_hubness"
"1963","ACH-001740",0.557065176858415,"test","gex.wohub","gex_only","without_hubness"
"1964","ACH-001745",0.568263458163853,"test","gex.wohub","gex_only","without_hubness"
"1965","ACH-001750",0.561291366688684,"test","gex.wohub","gex_only","without_hubness"
"1966","ACH-001765",0.575849719788887,"test","gex.wohub","gex_only","without_hubness"
"1967","ACH-001786",0.52517611372572,"test","gex.wohub","gex_only","without_hubness"
"1968","ACH-001791",0.517063758589949,"test","gex.wohub","gex_only","without_hubness"
"1969","ACH-001793",0.527097468787611,"test","gex.wohub","gex_only","without_hubness"
"1970","ACH-001794",0.529387682906909,"test","gex.wohub","gex_only","without_hubness"
"1971","ACH-001795",0.567250370549156,"test","gex.wohub","gex_only","without_hubness"
"1972","ACH-001796",0.530393773341875,"test","gex.wohub","gex_only","without_hubness"
"1973","ACH-001799",0.532287489123137,"test","gex.wohub","gex_only","without_hubness"
"1974","ACH-001802",0.556280111685805,"test","gex.wohub","gex_only","without_hubness"
"1975","ACH-001804",0.499998674918471,"test","gex.wohub","gex_only","without_hubness"
"1976","ACH-001814",0.538628234969134,"test","gex.wohub","gex_only","without_hubness"
"1977","ACH-001819",0.577943304814504,"test","gex.wohub","gex_only","without_hubness"
"1978","ACH-001820",0.557988211938164,"test","gex.wohub","gex_only","without_hubness"
"1979","ACH-001834",0.54365539520285,"test","gex.wohub","gex_only","without_hubness"
"1980","ACH-001835",0.576262669911505,"test","gex.wohub","gex_only","without_hubness"
"1981","ACH-001836",0.548520770301122,"test","gex.wohub","gex_only","without_hubness"
"1982","ACH-001838",0.510645045515582,"test","gex.wohub","gex_only","without_hubness"
"1983","ACH-001839",0.553261027973907,"test","gex.wohub","gex_only","without_hubness"
"1984","ACH-001841",0.586325214367547,"test","gex.wohub","gex_only","without_hubness"
"1985","ACH-001842",0.518054967592462,"test","gex.wohub","gex_only","without_hubness"
"1986","ACH-001843",0.59157068281022,"test","gex.wohub","gex_only","without_hubness"
"1987","ACH-001844",0.560883047819895,"test","gex.wohub","gex_only","without_hubness"
"1988","ACH-001848",0.574382859651698,"test","gex.wohub","gex_only","without_hubness"
"1989","ACH-001849",0.568822576824394,"test","gex.wohub","gex_only","without_hubness"
"1990","ACH-001850",0.554143305611558,"test","gex.wohub","gex_only","without_hubness"
"1991","ACH-001852",0.589993750222451,"test","gex.wohub","gex_only","without_hubness"
"1992","ACH-001853",0.527967218097858,"test","gex.wohub","gex_only","without_hubness"
"1993","ACH-001856",0.56242742491064,"test","gex.wohub","gex_only","without_hubness"
"1994","ACH-001857",0.538841643413043,"test","gex.wohub","gex_only","without_hubness"
"1995","ACH-001858",0.581738178539862,"test","gex.wohub","gex_only","without_hubness"
"1996","ACH-001861",0.564204599979301,"test","gex.wohub","gex_only","without_hubness"
"1997","ACH-001862",0.574080911180127,"test","gex.wohub","gex_only","without_hubness"
"1998","ACH-001863",0.526122564225692,"test","gex.wohub","gex_only","without_hubness"
"1999","ACH-001864",0.552943296800212,"test","gex.wohub","gex_only","without_hubness"
"2000","ACH-001959",0.585156848271114,"test","gex.wohub","gex_only","without_hubness"
"2001","ACH-001960",0.567071932895818,"test","gex.wohub","gex_only","without_hubness"
"2002","ACH-001961",0.559888137015019,"test","gex.wohub","gex_only","without_hubness"
"2003","ACH-001970",0.518358903916812,"test","gex.wohub","gex_only","without_hubness"
"2004","ACH-001973",0.548145529334123,"test","gex.wohub","gex_only","without_hubness"
"2005","ACH-001977",0.574801531398279,"test","gex.wohub","gex_only","without_hubness"
"2006","ACH-001982",0.557636829424924,"test","gex.wohub","gex_only","without_hubness"
"2007","ACH-001991",0.545462217494215,"test","gex.wohub","gex_only","without_hubness"
"2008","ACH-001992",0.585022082230067,"test","gex.wohub","gex_only","without_hubness"
"2009","ACH-001993",0.534255046312475,"test","gex.wohub","gex_only","without_hubness"
"2010","ACH-001997",0.54289105571661,"test","gex.wohub","gex_only","without_hubness"
"2011","ACH-001999",0.560131495118737,"test","gex.wohub","gex_only","without_hubness"
"2012","ACH-002001",0.578209568274838,"test","gex.wohub","gex_only","without_hubness"
"2013","ACH-002002",0.602541414396581,"test","gex.wohub","gex_only","without_hubness"
"2014","ACH-002003",0.533575788099348,"test","gex.wohub","gex_only","without_hubness"
"2015","ACH-002005",0.534685723974937,"test","gex.wohub","gex_only","without_hubness"
"2016","ACH-002014",0.499597804066956,"test","gex.wohub","gex_only","without_hubness"
"2017","ACH-002015",0.558073427172789,"test","gex.wohub","gex_only","without_hubness"
"2018","ACH-002016",0.542203085995096,"test","gex.wohub","gex_only","without_hubness"
"2019","ACH-002017",0.542419519793904,"test","gex.wohub","gex_only","without_hubness"
"2020","ACH-002018",0.586670818534506,"test","gex.wohub","gex_only","without_hubness"
"2021","ACH-002019",0.542946281040031,"test","gex.wohub","gex_only","without_hubness"
"2022","ACH-002021",0.525186343905678,"test","gex.wohub","gex_only","without_hubness"
"2023","ACH-002023",0.572539503585592,"test","gex.wohub","gex_only","without_hubness"
"2024","ACH-002024",0.524648759585621,"test","gex.wohub","gex_only","without_hubness"
"2025","ACH-002025",0.575493942698365,"test","gex.wohub","gex_only","without_hubness"
"2026","ACH-002026",0.57018499920943,"test","gex.wohub","gex_only","without_hubness"
"2027","ACH-002027",0.561009553498645,"test","gex.wohub","gex_only","without_hubness"
"2028","ACH-002029",0.591997418689181,"test","gex.wohub","gex_only","without_hubness"
"2029","ACH-002039",0.533713824096802,"test","gex.wohub","gex_only","without_hubness"
"2030","ACH-002041",0.555080748977294,"test","gex.wohub","gex_only","without_hubness"
"2031","ACH-002042",0.538969196419591,"test","gex.wohub","gex_only","without_hubness"
"2032","ACH-002043",0.577464541692643,"test","gex.wohub","gex_only","without_hubness"
"2033","ACH-002044",0.591110624189434,"test","gex.wohub","gex_only","without_hubness"
"2034","ACH-002045",0.56679794019186,"test","gex.wohub","gex_only","without_hubness"
"2035","ACH-002046",0.552826674167833,"test","gex.wohub","gex_only","without_hubness"
"2036","ACH-002048",0.585048859402139,"test","gex.wohub","gex_only","without_hubness"
"2037","ACH-002059",0.578882533664897,"test","gex.wohub","gex_only","without_hubness"
"2038","ACH-002061",0.525980798508989,"test","gex.wohub","gex_only","without_hubness"
"2039","ACH-002062",0.528649098796451,"test","gex.wohub","gex_only","without_hubness"
"2040","ACH-002066",0.566304817576947,"test","gex.wohub","gex_only","without_hubness"
"2041","ACH-002067",0.538374914889268,"test","gex.wohub","gex_only","without_hubness"
"2042","ACH-002069",0.535933990190444,"test","gex.wohub","gex_only","without_hubness"
"2043","ACH-002080",0.578866083280273,"test","gex.wohub","gex_only","without_hubness"
"2044","ACH-002083",0.539774461782433,"test","gex.wohub","gex_only","without_hubness"
"2045","ACH-002084",0.541842910583003,"test","gex.wohub","gex_only","without_hubness"
"2046","ACH-002105",0.526499392263404,"test","gex.wohub","gex_only","without_hubness"
"2047","ACH-002106",0.536702731335919,"test","gex.wohub","gex_only","without_hubness"
"2048","ACH-002109",0.547055812863304,"test","gex.wohub","gex_only","without_hubness"
"2049","ACH-002110",0.570302799804869,"test","gex.wohub","gex_only","without_hubness"
"2050","ACH-002114",0.546774128812837,"test","gex.wohub","gex_only","without_hubness"
"2051","ACH-002116",0.545042610679781,"test","gex.wohub","gex_only","without_hubness"
"2052","ACH-002119",0.563018158771275,"test","gex.wohub","gex_only","without_hubness"
"2053","ACH-002140",0.555261829151969,"test","gex.wohub","gex_only","without_hubness"
"2054","ACH-002141",0.557368472483651,"test","gex.wohub","gex_only","without_hubness"
"2055","ACH-002143",0.525529083851987,"test","gex.wohub","gex_only","without_hubness"
"2056","ACH-002150",0.584481261259554,"test","gex.wohub","gex_only","without_hubness"
"2057","ACH-002156",0.556797970328133,"test","gex.wohub","gex_only","without_hubness"
"2058","ACH-002160",0.561108801172604,"test","gex.wohub","gex_only","without_hubness"
"2059","ACH-002161",0.574524087533257,"test","gex.wohub","gex_only","without_hubness"
"2060","ACH-002179",0.546556666175832,"test","gex.wohub","gex_only","without_hubness"
"2061","ACH-002181",0.543412477100093,"test","gex.wohub","gex_only","without_hubness"
"2062","ACH-002183",0.533108090270104,"test","gex.wohub","gex_only","without_hubness"
"2063","ACH-002186",0.552184191982292,"test","gex.wohub","gex_only","without_hubness"
"2064","ACH-002189",0.533181326286124,"test","gex.wohub","gex_only","without_hubness"
"2065","ACH-002198",0.572802469435308,"test","gex.wohub","gex_only","without_hubness"
"2066","ACH-002202",0.560091874274401,"test","gex.wohub","gex_only","without_hubness"
"2067","ACH-002210",0.57073704695396,"test","gex.wohub","gex_only","without_hubness"
"2068","ACH-002212",0.5455001676657,"test","gex.wohub","gex_only","without_hubness"
"2069","ACH-002217",0.546310660626272,"test","gex.wohub","gex_only","without_hubness"
"2070","ACH-002228",0.554575659056678,"test","gex.wohub","gex_only","without_hubness"
"2071","ACH-002229",0.533820639101324,"test","gex.wohub","gex_only","without_hubness"
"2072","ACH-002230",0.532629336669489,"test","gex.wohub","gex_only","without_hubness"
"2073","ACH-002233",0.512663774074249,"test","gex.wohub","gex_only","without_hubness"
"2074","ACH-002234",0.560909644315407,"test","gex.wohub","gex_only","without_hubness"
"2075","ACH-002239",0.545033394064106,"test","gex.wohub","gex_only","without_hubness"
"2076","ACH-002243",0.550930365537803,"test","gex.wohub","gex_only","without_hubness"
"2077","ACH-002247",0.593578687484801,"test","gex.wohub","gex_only","without_hubness"
"2078","ACH-002249",0.555375643600889,"test","gex.wohub","gex_only","without_hubness"
"2079","ACH-002250",0.563768131161291,"test","gex.wohub","gex_only","without_hubness"
"2080","ACH-002251",0.56682762686462,"test","gex.wohub","gex_only","without_hubness"
"2081","ACH-002257",0.531179571592717,"test","gex.wohub","gex_only","without_hubness"
"2082","ACH-002261",0.542784477576407,"test","gex.wohub","gex_only","without_hubness"
"2083","ACH-002263",0.57163518615791,"test","gex.wohub","gex_only","without_hubness"
"2084","ACH-002265",0.541159041570353,"test","gex.wohub","gex_only","without_hubness"
"2085","ACH-002269",0.559734380680533,"test","gex.wohub","gex_only","without_hubness"
"2086","ACH-002278",0.510165620430553,"test","gex.wohub","gex_only","without_hubness"
"2087","ACH-002280",0.520724311311016,"test","gex.wohub","gex_only","without_hubness"
"2088","ACH-002282",0.531613598342916,"test","gex.wohub","gex_only","without_hubness"
"2089","ACH-002283",0.544737121327885,"test","gex.wohub","gex_only","without_hubness"
"2090","ACH-002284",0.542402594848981,"test","gex.wohub","gex_only","without_hubness"
"2091","ACH-002285",0.573034474493056,"test","gex.wohub","gex_only","without_hubness"
"2092","ACH-002294",0.54939146601726,"test","gex.wohub","gex_only","without_hubness"
"2093","ACH-002295",0.550300957994704,"test","gex.wohub","gex_only","without_hubness"
"2094","ACH-002296",0.563727746615825,"test","gex.wohub","gex_only","without_hubness"
"2095","ACH-002297",0.561729085161906,"test","gex.wohub","gex_only","without_hubness"
"2096","ACH-002298",0.562094043881763,"test","gex.wohub","gex_only","without_hubness"
"2097","ACH-002304",0.560643416029675,"test","gex.wohub","gex_only","without_hubness"
"2098","ACH-002305",0.57223071154176,"test","gex.wohub","gex_only","without_hubness"
"2099","ACH-002399",0.546814333255096,"test","gex.wohub","gex_only","without_hubness"
"2100","ACH-002446",0.537177750881891,"test","gex.wohub","gex_only","without_hubness"
"2101","ACH-002458",0.558377959025458,"test","gex.wohub","gex_only","without_hubness"
"2102","ACH-002459",0.570828442790508,"test","gex.wohub","gex_only","without_hubness"
"2103","ACH-002460",0.557594342762428,"test","gex.wohub","gex_only","without_hubness"
"2104","ACH-002461",0.559642893789832,"test","gex.wohub","gex_only","without_hubness"
"2105","ACH-002462",0.554962811284832,"test","gex.wohub","gex_only","without_hubness"
"2106","ACH-002463",0.536387190907869,"test","gex.wohub","gex_only","without_hubness"
"2107","ACH-002464",0.51836087315204,"test","gex.wohub","gex_only","without_hubness"
"2108","ACH-002465",0.56547037370404,"test","gex.wohub","gex_only","without_hubness"
"2109","ACH-002467",0.543152944106623,"test","gex.wohub","gex_only","without_hubness"
"2110","ACH-002471",0.517599798207344,"test","gex.wohub","gex_only","without_hubness"
"2111","ACH-002508",0.558723407293871,"test","gex.wohub","gex_only","without_hubness"
"2112","ACH-002510",0.555518753068415,"test","gex.wohub","gex_only","without_hubness"
"2113","ACH-002511",0.52581563598535,"test","gex.wohub","gex_only","without_hubness"
"2114","ACH-002512",0.522960486571458,"test","gex.wohub","gex_only","without_hubness"
"2115","ACH-002647",0.517301137332121,"test","gex.wohub","gex_only","without_hubness"
"2116","ACH-002659",0.567087994248217,"test","gex.wohub","gex_only","without_hubness"
"2117","ACH-002664",0.584690244223296,"test","gex.wohub","gex_only","without_hubness"
"2118","ACH-002669",0.566900026289517,"test","gex.wohub","gex_only","without_hubness"
"2119","ACH-002672",0.553383795940531,"test","gex.wohub","gex_only","without_hubness"
"2120","ACH-002680",0.564061696750341,"test","gex.wohub","gex_only","without_hubness"
"2121","ACH-002687",0.569430017491009,"test","gex.wohub","gex_only","without_hubness"
"2122","ACH-002693",0.548765094282576,"test","gex.wohub","gex_only","without_hubness"
"2123","ACH-002710",0.564116094047938,"test","gex.wohub","gex_only","without_hubness"
"2124","ACH-002785",0.552945404523388,"test","gex.wohub","gex_only","without_hubness"
"2125","ACH-002800",0.549353163362712,"test","gex.wohub","gex_only","without_hubness"
"2126","ACH-002834",0.527330309286775,"test","gex.wohub","gex_only","without_hubness"
"2127","ACH-002847",0.571857072408918,"test","gex.wohub","gex_only","without_hubness"
"2128","ACH-002926",0.566485541944804,"test","gex.wohub","gex_only","without_hubness"
"2129","ACH-000001",0.623139315926678,"test","gex_pt","gex
+protein embeddings","with_hubness"
"2130","ACH-000004",0.601991552037512,"test","gex_pt","gex
+protein embeddings","with_hubness"
"2131","ACH-000005",0.60754997070467,"test","gex_pt","gex
+protein embeddings","with_hubness"
"2132","ACH-000007",0.634587169888128,"test","gex_pt","gex
+protein embeddings","with_hubness"
"2133","ACH-000009",0.639264888120975,"test","gex_pt","gex
+protein embeddings","with_hubness"
"2134","ACH-000011",0.630687865801055,"test","gex_pt","gex
+protein embeddings","with_hubness"
"2135","ACH-000012",0.643726121054891,"test","gex_pt","gex
+protein embeddings","with_hubness"
"2136","ACH-000013",0.64424184675305,"test","gex_pt","gex
+protein embeddings","with_hubness"
"2137","ACH-000014",0.630955885537848,"test","gex_pt","gex
+protein embeddings","with_hubness"
"2138","ACH-000015",0.647576805304176,"test","gex_pt","gex
+protein embeddings","with_hubness"
"2139","ACH-000017",0.609862012130027,"test","gex_pt","gex
+protein embeddings","with_hubness"
"2140","ACH-000018",0.620464348146385,"test","gex_pt","gex
+protein embeddings","with_hubness"
"2141","ACH-000019",0.643688480592152,"test","gex_pt","gex
+protein embeddings","with_hubness"
"2142","ACH-000021",0.619666822861396,"test","gex_pt","gex
+protein embeddings","with_hubness"
"2143","ACH-000022",0.633052874908065,"test","gex_pt","gex
+protein embeddings","with_hubness"
"2144","ACH-000023",0.64545691657527,"test","gex_pt","gex
+protein embeddings","with_hubness"
"2145","ACH-000024",0.628265293848786,"test","gex_pt","gex
+protein embeddings","with_hubness"
"2146","ACH-000025",0.638719406756473,"test","gex_pt","gex
+protein embeddings","with_hubness"
"2147","ACH-000028",0.645756400451195,"test","gex_pt","gex
+protein embeddings","with_hubness"
"2148","ACH-000029",0.65013817863049,"test","gex_pt","gex
+protein embeddings","with_hubness"
"2149","ACH-000030",0.622493657553551,"test","gex_pt","gex
+protein embeddings","with_hubness"
"2150","ACH-000035",0.639983763672597,"test","gex_pt","gex
+protein embeddings","with_hubness"
"2151","ACH-000036",0.610990079858543,"test","gex_pt","gex
+protein embeddings","with_hubness"
"2152","ACH-000037",0.609956670393669,"test","gex_pt","gex
+protein embeddings","with_hubness"
"2153","ACH-000039",0.615272076991864,"test","gex_pt","gex
+protein embeddings","with_hubness"
"2154","ACH-000040",0.614062875223062,"test","gex_pt","gex
+protein embeddings","with_hubness"
"2155","ACH-000041",0.623246390974916,"test","gex_pt","gex
+protein embeddings","with_hubness"
"2156","ACH-000042",0.615351782963388,"test","gex_pt","gex
+protein embeddings","with_hubness"
"2157","ACH-000045",0.63582555905932,"test","gex_pt","gex
+protein embeddings","with_hubness"
"2158","ACH-000047",0.657536127396121,"test","gex_pt","gex
+protein embeddings","with_hubness"
"2159","ACH-000048",0.648992701203795,"test","gex_pt","gex
+protein embeddings","with_hubness"
"2160","ACH-000052",0.62166575944946,"test","gex_pt","gex
+protein embeddings","with_hubness"
"2161","ACH-000053",0.622107208461664,"test","gex_pt","gex
+protein embeddings","with_hubness"
"2162","ACH-000054",0.638679064171459,"test","gex_pt","gex
+protein embeddings","with_hubness"
"2163","ACH-000055",0.612057067965107,"test","gex_pt","gex
+protein embeddings","with_hubness"
"2164","ACH-000060",0.635740320806319,"test","gex_pt","gex
+protein embeddings","with_hubness"
"2165","ACH-000067",0.639190254754047,"test","gex_pt","gex
+protein embeddings","with_hubness"
"2166","ACH-000070",0.617507284007882,"test","gex_pt","gex
+protein embeddings","with_hubness"
"2167","ACH-000074",0.619646418741776,"test","gex_pt","gex
+protein embeddings","with_hubness"
"2168","ACH-000075",0.634607034779463,"test","gex_pt","gex
+protein embeddings","with_hubness"
"2169","ACH-000076",0.625979830182256,"test","gex_pt","gex
+protein embeddings","with_hubness"
"2170","ACH-000077",0.587637016436459,"test","gex_pt","gex
+protein embeddings","with_hubness"
"2171","ACH-000078",0.608373080485173,"test","gex_pt","gex
+protein embeddings","with_hubness"
"2172","ACH-000082",0.619741961428738,"test","gex_pt","gex
+protein embeddings","with_hubness"
"2173","ACH-000085",0.611553183061199,"test","gex_pt","gex
+protein embeddings","with_hubness"
"2174","ACH-000086",0.647353080423013,"test","gex_pt","gex
+protein embeddings","with_hubness"
"2175","ACH-000087",0.621718341793205,"test","gex_pt","gex
+protein embeddings","with_hubness"
"2176","ACH-000090",0.609157016220989,"test","gex_pt","gex
+protein embeddings","with_hubness"
"2177","ACH-000092",0.610908359921961,"test","gex_pt","gex
+protein embeddings","with_hubness"
"2178","ACH-000093",0.573608560034226,"test","gex_pt","gex
+protein embeddings","with_hubness"
"2179","ACH-000094",0.612295721023853,"test","gex_pt","gex
+protein embeddings","with_hubness"
"2180","ACH-000095",0.628334858235563,"test","gex_pt","gex
+protein embeddings","with_hubness"
"2181","ACH-000097",0.650768306299034,"test","gex_pt","gex
+protein embeddings","with_hubness"
"2182","ACH-000098",0.637732946647485,"test","gex_pt","gex
+protein embeddings","with_hubness"
"2183","ACH-000099",0.641302249155871,"test","gex_pt","gex
+protein embeddings","with_hubness"
"2184","ACH-000101",0.624732364460354,"test","gex_pt","gex
+protein embeddings","with_hubness"
"2185","ACH-000103",0.602644318431265,"test","gex_pt","gex
+protein embeddings","with_hubness"
"2186","ACH-000108",0.628191021512574,"test","gex_pt","gex
+protein embeddings","with_hubness"
"2187","ACH-000111",0.646019002267306,"test","gex_pt","gex
+protein embeddings","with_hubness"
"2188","ACH-000113",0.652044069030472,"test","gex_pt","gex
+protein embeddings","with_hubness"
"2189","ACH-000114",0.618851350200692,"test","gex_pt","gex
+protein embeddings","with_hubness"
"2190","ACH-000115",0.581289920220805,"test","gex_pt","gex
+protein embeddings","with_hubness"
"2191","ACH-000118",0.649305167061688,"test","gex_pt","gex
+protein embeddings","with_hubness"
"2192","ACH-000120",0.635816759471902,"test","gex_pt","gex
+protein embeddings","with_hubness"
"2193","ACH-000123",0.662459134644901,"test","gex_pt","gex
+protein embeddings","with_hubness"
"2194","ACH-000124",0.615950483975588,"test","gex_pt","gex
+protein embeddings","with_hubness"
"2195","ACH-000127",0.660145748079516,"test","gex_pt","gex
+protein embeddings","with_hubness"
"2196","ACH-000128",0.64047958808643,"test","gex_pt","gex
+protein embeddings","with_hubness"
"2197","ACH-000132",0.644390529900909,"test","gex_pt","gex
+protein embeddings","with_hubness"
"2198","ACH-000133",0.625960463955597,"test","gex_pt","gex
+protein embeddings","with_hubness"
"2199","ACH-000137",0.642208567110809,"test","gex_pt","gex
+protein embeddings","with_hubness"
"2200","ACH-000138",0.631008078389635,"test","gex_pt","gex
+protein embeddings","with_hubness"
"2201","ACH-000139",0.587110054926719,"test","gex_pt","gex
+protein embeddings","with_hubness"
"2202","ACH-000141",0.622712082028331,"test","gex_pt","gex
+protein embeddings","with_hubness"
"2203","ACH-000142",0.620492618204226,"test","gex_pt","gex
+protein embeddings","with_hubness"
"2204","ACH-000143",0.637748038597824,"test","gex_pt","gex
+protein embeddings","with_hubness"
"2205","ACH-000144",0.611429835760869,"test","gex_pt","gex
+protein embeddings","with_hubness"
"2206","ACH-000145",0.626639209332356,"test","gex_pt","gex
+protein embeddings","with_hubness"
"2207","ACH-000146",0.630082942126015,"test","gex_pt","gex
+protein embeddings","with_hubness"
"2208","ACH-000147",0.653747711034882,"test","gex_pt","gex
+protein embeddings","with_hubness"
"2209","ACH-000148",0.633180791209385,"test","gex_pt","gex
+protein embeddings","with_hubness"
"2210","ACH-000149",0.63946551008622,"test","gex_pt","gex
+protein embeddings","with_hubness"
"2211","ACH-000150",0.641289363505258,"test","gex_pt","gex
+protein embeddings","with_hubness"
"2212","ACH-000151",0.61092765812194,"test","gex_pt","gex
+protein embeddings","with_hubness"
"2213","ACH-000152",0.619052998582207,"test","gex_pt","gex
+protein embeddings","with_hubness"
"2214","ACH-000153",0.603361837302762,"test","gex_pt","gex
+protein embeddings","with_hubness"
"2215","ACH-000155",0.625000459241147,"test","gex_pt","gex
+protein embeddings","with_hubness"
"2216","ACH-000159",0.642319774438889,"test","gex_pt","gex
+protein embeddings","with_hubness"
"2217","ACH-000160",0.648117378581704,"test","gex_pt","gex
+protein embeddings","with_hubness"
"2218","ACH-000161",0.629135741118746,"test","gex_pt","gex
+protein embeddings","with_hubness"
"2219","ACH-000163",0.605337057642347,"test","gex_pt","gex
+protein embeddings","with_hubness"
"2220","ACH-000164",0.641675789196213,"test","gex_pt","gex
+protein embeddings","with_hubness"
"2221","ACH-000168",0.584120818785861,"test","gex_pt","gex
+protein embeddings","with_hubness"
"2222","ACH-000169",0.641520328173209,"test","gex_pt","gex
+protein embeddings","with_hubness"
"2223","ACH-000174",0.632757062430582,"test","gex_pt","gex
+protein embeddings","with_hubness"
"2224","ACH-000176",0.610995629596073,"test","gex_pt","gex
+protein embeddings","with_hubness"
"2225","ACH-000178",0.650550294228614,"test","gex_pt","gex
+protein embeddings","with_hubness"
"2226","ACH-000181",0.636111112978997,"test","gex_pt","gex
+protein embeddings","with_hubness"
"2227","ACH-000182",0.648260856577144,"test","gex_pt","gex
+protein embeddings","with_hubness"
"2228","ACH-000183",0.64937265200458,"test","gex_pt","gex
+protein embeddings","with_hubness"
"2229","ACH-000187",0.626965925023171,"test","gex_pt","gex
+protein embeddings","with_hubness"
"2230","ACH-000188",0.636155104255586,"test","gex_pt","gex
+protein embeddings","with_hubness"
"2231","ACH-000189",0.610913683051176,"test","gex_pt","gex
+protein embeddings","with_hubness"
"2232","ACH-000190",0.643124154070711,"test","gex_pt","gex
+protein embeddings","with_hubness"
"2233","ACH-000191",0.625133280968427,"test","gex_pt","gex
+protein embeddings","with_hubness"
"2234","ACH-000195",0.601285992612771,"test","gex_pt","gex
+protein embeddings","with_hubness"
"2235","ACH-000198",0.649288519464485,"test","gex_pt","gex
+protein embeddings","with_hubness"
"2236","ACH-000200",0.633043815834703,"test","gex_pt","gex
+protein embeddings","with_hubness"
"2237","ACH-000202",0.606315574533154,"test","gex_pt","gex
+protein embeddings","with_hubness"
"2238","ACH-000204",0.629118812008719,"test","gex_pt","gex
+protein embeddings","with_hubness"
"2239","ACH-000206",0.607977514603642,"test","gex_pt","gex
+protein embeddings","with_hubness"
"2240","ACH-000207",0.626242376473424,"test","gex_pt","gex
+protein embeddings","with_hubness"
"2241","ACH-000209",0.606370832321946,"test","gex_pt","gex
+protein embeddings","with_hubness"
"2242","ACH-000211",0.636189675882644,"test","gex_pt","gex
+protein embeddings","with_hubness"
"2243","ACH-000212",0.616314569313411,"test","gex_pt","gex
+protein embeddings","with_hubness"
"2244","ACH-000213",0.619650118610772,"test","gex_pt","gex
+protein embeddings","with_hubness"
"2245","ACH-000215",0.652167928676427,"test","gex_pt","gex
+protein embeddings","with_hubness"
"2246","ACH-000216",0.650069936189347,"test","gex_pt","gex
+protein embeddings","with_hubness"
"2247","ACH-000217",0.644107529528527,"test","gex_pt","gex
+protein embeddings","with_hubness"
"2248","ACH-000219",0.676115797118376,"test","gex_pt","gex
+protein embeddings","with_hubness"
"2249","ACH-000221",0.630303787598542,"test","gex_pt","gex
+protein embeddings","with_hubness"
"2250","ACH-000222",0.618742807405065,"test","gex_pt","gex
+protein embeddings","with_hubness"
"2251","ACH-000223",0.635830280154792,"test","gex_pt","gex
+protein embeddings","with_hubness"
"2252","ACH-000226",0.630678363868171,"test","gex_pt","gex
+protein embeddings","with_hubness"
"2253","ACH-000227",0.598204145987552,"test","gex_pt","gex
+protein embeddings","with_hubness"
"2254","ACH-000228",0.620283976073989,"test","gex_pt","gex
+protein embeddings","with_hubness"
"2255","ACH-000231",0.626124708282458,"test","gex_pt","gex
+protein embeddings","with_hubness"
"2256","ACH-000232",0.66431091945557,"test","gex_pt","gex
+protein embeddings","with_hubness"
"2257","ACH-000233",0.64190139338724,"test","gex_pt","gex
+protein embeddings","with_hubness"
"2258","ACH-000234",0.607131812421518,"test","gex_pt","gex
+protein embeddings","with_hubness"
"2259","ACH-000235",0.629754425129555,"test","gex_pt","gex
+protein embeddings","with_hubness"
"2260","ACH-000237",0.617933873105986,"test","gex_pt","gex
+protein embeddings","with_hubness"
"2261","ACH-000238",0.636791577180644,"test","gex_pt","gex
+protein embeddings","with_hubness"
"2262","ACH-000243",0.657497626591489,"test","gex_pt","gex
+protein embeddings","with_hubness"
"2263","ACH-000244",0.605009425101059,"test","gex_pt","gex
+protein embeddings","with_hubness"
"2264","ACH-000246",0.652017131695175,"test","gex_pt","gex
+protein embeddings","with_hubness"
"2265","ACH-000247",0.622318435525857,"test","gex_pt","gex
+protein embeddings","with_hubness"
"2266","ACH-000248",0.622810388956194,"test","gex_pt","gex
+protein embeddings","with_hubness"
"2267","ACH-000249",0.642818329721466,"test","gex_pt","gex
+protein embeddings","with_hubness"
"2268","ACH-000250",0.632759889589227,"test","gex_pt","gex
+protein embeddings","with_hubness"
"2269","ACH-000251",0.583266136249312,"test","gex_pt","gex
+protein embeddings","with_hubness"
"2270","ACH-000252",0.631899687894669,"test","gex_pt","gex
+protein embeddings","with_hubness"
"2271","ACH-000253",0.63620964887361,"test","gex_pt","gex
+protein embeddings","with_hubness"
"2272","ACH-000255",0.639804318232257,"test","gex_pt","gex
+protein embeddings","with_hubness"
"2273","ACH-000256",0.620278119033191,"test","gex_pt","gex
+protein embeddings","with_hubness"
"2274","ACH-000257",0.601219366853085,"test","gex_pt","gex
+protein embeddings","with_hubness"
"2275","ACH-000258",0.562986053054881,"test","gex_pt","gex
+protein embeddings","with_hubness"
"2276","ACH-000259",0.650014363287829,"test","gex_pt","gex
+protein embeddings","with_hubness"
"2277","ACH-000260",0.645622658864756,"test","gex_pt","gex
+protein embeddings","with_hubness"
"2278","ACH-000261",0.637921683726732,"test","gex_pt","gex
+protein embeddings","with_hubness"
"2279","ACH-000262",0.60422820139571,"test","gex_pt","gex
+protein embeddings","with_hubness"
"2280","ACH-000263",0.596668519800617,"test","gex_pt","gex
+protein embeddings","with_hubness"
"2281","ACH-000264",0.638416100128499,"test","gex_pt","gex
+protein embeddings","with_hubness"
"2282","ACH-000265",0.657320051128312,"test","gex_pt","gex
+protein embeddings","with_hubness"
"2283","ACH-000266",0.618488903214663,"test","gex_pt","gex
+protein embeddings","with_hubness"
"2284","ACH-000269",0.611792757020601,"test","gex_pt","gex
+protein embeddings","with_hubness"
"2285","ACH-000271",0.635357375474052,"test","gex_pt","gex
+protein embeddings","with_hubness"
"2286","ACH-000272",0.619186841265983,"test","gex_pt","gex
+protein embeddings","with_hubness"
"2287","ACH-000273",0.634910431553184,"test","gex_pt","gex
+protein embeddings","with_hubness"
"2288","ACH-000274",0.613949667402116,"test","gex_pt","gex
+protein embeddings","with_hubness"
"2289","ACH-000276",0.623237977052818,"test","gex_pt","gex
+protein embeddings","with_hubness"
"2290","ACH-000277",0.615846265830537,"test","gex_pt","gex
+protein embeddings","with_hubness"
"2291","ACH-000278",0.622447354871559,"test","gex_pt","gex
+protein embeddings","with_hubness"
"2292","ACH-000279",0.646870777642422,"test","gex_pt","gex
+protein embeddings","with_hubness"
"2293","ACH-000280",0.591282339993883,"test","gex_pt","gex
+protein embeddings","with_hubness"
"2294","ACH-000281",0.595340707724537,"test","gex_pt","gex
+protein embeddings","with_hubness"
"2295","ACH-000282",0.615764826856624,"test","gex_pt","gex
+protein embeddings","with_hubness"
"2296","ACH-000286",0.61330394648604,"test","gex_pt","gex
+protein embeddings","with_hubness"
"2297","ACH-000288",0.633784090424091,"test","gex_pt","gex
+protein embeddings","with_hubness"
"2298","ACH-000290",0.660432286118059,"test","gex_pt","gex
+protein embeddings","with_hubness"
"2299","ACH-000291",0.630396522795721,"test","gex_pt","gex
+protein embeddings","with_hubness"
"2300","ACH-000292",0.632479553082557,"test","gex_pt","gex
+protein embeddings","with_hubness"
"2301","ACH-000293",0.64188169135182,"test","gex_pt","gex
+protein embeddings","with_hubness"
"2302","ACH-000294",0.568632334762256,"test","gex_pt","gex
+protein embeddings","with_hubness"
"2303","ACH-000295",0.605062807157971,"test","gex_pt","gex
+protein embeddings","with_hubness"
"2304","ACH-000296",0.608167161850328,"test","gex_pt","gex
+protein embeddings","with_hubness"
"2305","ACH-000302",0.644028266451493,"test","gex_pt","gex
+protein embeddings","with_hubness"
"2306","ACH-000303",0.638630493474325,"test","gex_pt","gex
+protein embeddings","with_hubness"
"2307","ACH-000304",0.594721322999465,"test","gex_pt","gex
+protein embeddings","with_hubness"
"2308","ACH-000305",0.643630585592897,"test","gex_pt","gex
+protein embeddings","with_hubness"
"2309","ACH-000307",0.649986352609309,"test","gex_pt","gex
+protein embeddings","with_hubness"
"2310","ACH-000308",0.61216227266032,"test","gex_pt","gex
+protein embeddings","with_hubness"
"2311","ACH-000310",0.580393782071753,"test","gex_pt","gex
+protein embeddings","with_hubness"
"2312","ACH-000311",0.621200834585446,"test","gex_pt","gex
+protein embeddings","with_hubness"
"2313","ACH-000312",0.640515553217696,"test","gex_pt","gex
+protein embeddings","with_hubness"
"2314","ACH-000313",0.613298484206068,"test","gex_pt","gex
+protein embeddings","with_hubness"
"2315","ACH-000315",0.598416566422847,"test","gex_pt","gex
+protein embeddings","with_hubness"
"2316","ACH-000316",0.619740485725396,"test","gex_pt","gex
+protein embeddings","with_hubness"
"2317","ACH-000317",0.586922842603403,"test","gex_pt","gex
+protein embeddings","with_hubness"
"2318","ACH-000318",0.650771273628718,"test","gex_pt","gex
+protein embeddings","with_hubness"
"2319","ACH-000319",0.626393874651677,"test","gex_pt","gex
+protein embeddings","with_hubness"
"2320","ACH-000320",0.643502978939087,"test","gex_pt","gex
+protein embeddings","with_hubness"
"2321","ACH-000322",0.618361930882747,"test","gex_pt","gex
+protein embeddings","with_hubness"
"2322","ACH-000323",0.648350657652705,"test","gex_pt","gex
+protein embeddings","with_hubness"
"2323","ACH-000324",0.628134642882053,"test","gex_pt","gex
+protein embeddings","with_hubness"
"2324","ACH-000325",0.615788739078474,"test","gex_pt","gex
+protein embeddings","with_hubness"
"2325","ACH-000326",0.640450230163503,"test","gex_pt","gex
+protein embeddings","with_hubness"
"2326","ACH-000329",0.640424607709434,"test","gex_pt","gex
+protein embeddings","with_hubness"
"2327","ACH-000330",0.613339613336213,"test","gex_pt","gex
+protein embeddings","with_hubness"
"2328","ACH-000331",0.645386797867009,"test","gex_pt","gex
+protein embeddings","with_hubness"
"2329","ACH-000332",0.633963241133711,"test","gex_pt","gex
+protein embeddings","with_hubness"
"2330","ACH-000334",0.597191200636169,"test","gex_pt","gex
+protein embeddings","with_hubness"
"2331","ACH-000335",0.627469204627373,"test","gex_pt","gex
+protein embeddings","with_hubness"
"2332","ACH-000336",0.641136694543532,"test","gex_pt","gex
+protein embeddings","with_hubness"
"2333","ACH-000337",0.642362359070391,"test","gex_pt","gex
+protein embeddings","with_hubness"
"2334","ACH-000339",0.642122646057918,"test","gex_pt","gex
+protein embeddings","with_hubness"
"2335","ACH-000341",0.621853757857152,"test","gex_pt","gex
+protein embeddings","with_hubness"
"2336","ACH-000343",0.625198474036633,"test","gex_pt","gex
+protein embeddings","with_hubness"
"2337","ACH-000344",0.623761837762635,"test","gex_pt","gex
+protein embeddings","with_hubness"
"2338","ACH-000346",0.608883499497098,"test","gex_pt","gex
+protein embeddings","with_hubness"
"2339","ACH-000348",0.63696472053533,"test","gex_pt","gex
+protein embeddings","with_hubness"
"2340","ACH-000352",0.640821233701977,"test","gex_pt","gex
+protein embeddings","with_hubness"
"2341","ACH-000354",0.614589297997592,"test","gex_pt","gex
+protein embeddings","with_hubness"
"2342","ACH-000355",0.574497264955208,"test","gex_pt","gex
+protein embeddings","with_hubness"
"2343","ACH-000356",0.63592424009866,"test","gex_pt","gex
+protein embeddings","with_hubness"
"2344","ACH-000359",0.596329009344315,"test","gex_pt","gex
+protein embeddings","with_hubness"
"2345","ACH-000361",0.612172874200706,"test","gex_pt","gex
+protein embeddings","with_hubness"
"2346","ACH-000362",0.63043758105579,"test","gex_pt","gex
+protein embeddings","with_hubness"
"2347","ACH-000363",0.632617795494805,"test","gex_pt","gex
+protein embeddings","with_hubness"
"2348","ACH-000364",0.637855034773643,"test","gex_pt","gex
+protein embeddings","with_hubness"
"2349","ACH-000365",0.641753288802264,"test","gex_pt","gex
+protein embeddings","with_hubness"
"2350","ACH-000366",0.621917444947786,"test","gex_pt","gex
+protein embeddings","with_hubness"
"2351","ACH-000367",0.600158268874502,"test","gex_pt","gex
+protein embeddings","with_hubness"
"2352","ACH-000368",0.617319451475184,"test","gex_pt","gex
+protein embeddings","with_hubness"
"2353","ACH-000370",0.605385386289302,"test","gex_pt","gex
+protein embeddings","with_hubness"
"2354","ACH-000371",0.637041475740194,"test","gex_pt","gex
+protein embeddings","with_hubness"
"2355","ACH-000374",0.622701219139027,"test","gex_pt","gex
+protein embeddings","with_hubness"
"2356","ACH-000375",0.620327499404585,"test","gex_pt","gex
+protein embeddings","with_hubness"
"2357","ACH-000376",0.65139588543284,"test","gex_pt","gex
+protein embeddings","with_hubness"
"2358","ACH-000377",0.625656018651296,"test","gex_pt","gex
+protein embeddings","with_hubness"
"2359","ACH-000378",0.628492896383096,"test","gex_pt","gex
+protein embeddings","with_hubness"
"2360","ACH-000381",0.654711743627937,"test","gex_pt","gex
+protein embeddings","with_hubness"
"2361","ACH-000383",0.635809268407415,"test","gex_pt","gex
+protein embeddings","with_hubness"
"2362","ACH-000385",0.610339379117137,"test","gex_pt","gex
+protein embeddings","with_hubness"
"2363","ACH-000387",0.628219681983805,"test","gex_pt","gex
+protein embeddings","with_hubness"
"2364","ACH-000389",0.613891907309354,"test","gex_pt","gex
+protein embeddings","with_hubness"
"2365","ACH-000390",0.618404206583472,"test","gex_pt","gex
+protein embeddings","with_hubness"
"2366","ACH-000391",0.656824969403411,"test","gex_pt","gex
+protein embeddings","with_hubness"
"2367","ACH-000393",0.613026719664804,"test","gex_pt","gex
+protein embeddings","with_hubness"
"2368","ACH-000395",0.642141569689346,"test","gex_pt","gex
+protein embeddings","with_hubness"
"2369","ACH-000396",0.622376231208088,"test","gex_pt","gex
+protein embeddings","with_hubness"
"2370","ACH-000397",0.617759581375738,"test","gex_pt","gex
+protein embeddings","with_hubness"
"2371","ACH-000398",0.625557969888109,"test","gex_pt","gex
+protein embeddings","with_hubness"
"2372","ACH-000401",0.617434434464968,"test","gex_pt","gex
+protein embeddings","with_hubness"
"2373","ACH-000402",0.590677084140827,"test","gex_pt","gex
+protein embeddings","with_hubness"
"2374","ACH-000403",0.619516842540593,"test","gex_pt","gex
+protein embeddings","with_hubness"
"2375","ACH-000404",0.627741633666466,"test","gex_pt","gex
+protein embeddings","with_hubness"
"2376","ACH-000405",0.628674346212443,"test","gex_pt","gex
+protein embeddings","with_hubness"
"2377","ACH-000406",0.675747277262069,"test","gex_pt","gex
+protein embeddings","with_hubness"
"2378","ACH-000407",0.620525450219485,"test","gex_pt","gex
+protein embeddings","with_hubness"
"2379","ACH-000408",0.635863007417372,"test","gex_pt","gex
+protein embeddings","with_hubness"
"2380","ACH-000410",0.645423647063975,"test","gex_pt","gex
+protein embeddings","with_hubness"
"2381","ACH-000411",0.636462901323882,"test","gex_pt","gex
+protein embeddings","with_hubness"
"2382","ACH-000414",0.650037885447282,"test","gex_pt","gex
+protein embeddings","with_hubness"
"2383","ACH-000415",0.61987702522513,"test","gex_pt","gex
+protein embeddings","with_hubness"
"2384","ACH-000416",0.643136962401276,"test","gex_pt","gex
+protein embeddings","with_hubness"
"2385","ACH-000417",0.639508007697156,"test","gex_pt","gex
+protein embeddings","with_hubness"
"2386","ACH-000420",0.623766801868815,"test","gex_pt","gex
+protein embeddings","with_hubness"
"2387","ACH-000421",0.643706882858617,"test","gex_pt","gex
+protein embeddings","with_hubness"
"2388","ACH-000422",0.631253923936103,"test","gex_pt","gex
+protein embeddings","with_hubness"
"2389","ACH-000424",0.65099266616756,"test","gex_pt","gex
+protein embeddings","with_hubness"
"2390","ACH-000425",0.630781147030256,"test","gex_pt","gex
+protein embeddings","with_hubness"
"2391","ACH-000426",0.595343216176254,"test","gex_pt","gex
+protein embeddings","with_hubness"
"2392","ACH-000427",0.654216767869475,"test","gex_pt","gex
+protein embeddings","with_hubness"
"2393","ACH-000430",0.640593939166177,"test","gex_pt","gex
+protein embeddings","with_hubness"
"2394","ACH-000431",0.641930428498617,"test","gex_pt","gex
+protein embeddings","with_hubness"
"2395","ACH-000433",0.605117771302743,"test","gex_pt","gex
+protein embeddings","with_hubness"
"2396","ACH-000434",0.623756797010947,"test","gex_pt","gex
+protein embeddings","with_hubness"
"2397","ACH-000435",0.613768838370461,"test","gex_pt","gex
+protein embeddings","with_hubness"
"2398","ACH-000436",0.612623823951976,"test","gex_pt","gex
+protein embeddings","with_hubness"
"2399","ACH-000437",0.646098722982922,"test","gex_pt","gex
+protein embeddings","with_hubness"
"2400","ACH-000438",0.626129859829226,"test","gex_pt","gex
+protein embeddings","with_hubness"
"2401","ACH-000441",0.636258620956623,"test","gex_pt","gex
+protein embeddings","with_hubness"
"2402","ACH-000442",0.623135570025599,"test","gex_pt","gex
+protein embeddings","with_hubness"
"2403","ACH-000444",0.64517037673107,"test","gex_pt","gex
+protein embeddings","with_hubness"
"2404","ACH-000445",0.622999042247098,"test","gex_pt","gex
+protein embeddings","with_hubness"
"2405","ACH-000448",0.628896656789361,"test","gex_pt","gex
+protein embeddings","with_hubness"
"2406","ACH-000450",0.620068211309271,"test","gex_pt","gex
+protein embeddings","with_hubness"
"2407","ACH-000452",0.654763371825838,"test","gex_pt","gex
+protein embeddings","with_hubness"
"2408","ACH-000454",0.609577537467545,"test","gex_pt","gex
+protein embeddings","with_hubness"
"2409","ACH-000455",0.65668296150009,"test","gex_pt","gex
+protein embeddings","with_hubness"
"2410","ACH-000456",0.651283584444894,"test","gex_pt","gex
+protein embeddings","with_hubness"
"2411","ACH-000458",0.652301424553475,"test","gex_pt","gex
+protein embeddings","with_hubness"
"2412","ACH-000460",0.635816590899689,"test","gex_pt","gex
+protein embeddings","with_hubness"
"2413","ACH-000461",0.627256299497231,"test","gex_pt","gex
+protein embeddings","with_hubness"
"2414","ACH-000463",0.621628509736139,"test","gex_pt","gex
+protein embeddings","with_hubness"
"2415","ACH-000464",0.627269634888539,"test","gex_pt","gex
+protein embeddings","with_hubness"
"2416","ACH-000466",0.59784788328158,"test","gex_pt","gex
+protein embeddings","with_hubness"
"2417","ACH-000467",0.635919344652932,"test","gex_pt","gex
+protein embeddings","with_hubness"
"2418","ACH-000468",0.60483594762784,"test","gex_pt","gex
+protein embeddings","with_hubness"
"2419","ACH-000469",0.656452847237767,"test","gex_pt","gex
+protein embeddings","with_hubness"
"2420","ACH-000470",0.59897325375957,"test","gex_pt","gex
+protein embeddings","with_hubness"
"2421","ACH-000471",0.625753303265704,"test","gex_pt","gex
+protein embeddings","with_hubness"
"2422","ACH-000472",0.643921010425917,"test","gex_pt","gex
+protein embeddings","with_hubness"
"2423","ACH-000473",0.60355798666097,"test","gex_pt","gex
+protein embeddings","with_hubness"
"2424","ACH-000475",0.655657308029966,"test","gex_pt","gex
+protein embeddings","with_hubness"
"2425","ACH-000476",0.628968323995436,"test","gex_pt","gex
+protein embeddings","with_hubness"
"2426","ACH-000477",0.603279050145705,"test","gex_pt","gex
+protein embeddings","with_hubness"
"2427","ACH-000478",0.625175218322878,"test","gex_pt","gex
+protein embeddings","with_hubness"
"2428","ACH-000479",0.599792509354815,"test","gex_pt","gex
+protein embeddings","with_hubness"
"2429","ACH-000480",0.635184646688278,"test","gex_pt","gex
+protein embeddings","with_hubness"
"2430","ACH-000481",0.633111914839776,"test","gex_pt","gex
+protein embeddings","with_hubness"
"2431","ACH-000483",0.618471134663174,"test","gex_pt","gex
+protein embeddings","with_hubness"
"2432","ACH-000484",0.58927561974806,"test","gex_pt","gex
+protein embeddings","with_hubness"
"2433","ACH-000485",0.613377949134033,"test","gex_pt","gex
+protein embeddings","with_hubness"
"2434","ACH-000486",0.661392357201096,"test","gex_pt","gex
+protein embeddings","with_hubness"
"2435","ACH-000487",0.639195723441976,"test","gex_pt","gex
+protein embeddings","with_hubness"
"2436","ACH-000488",0.665620040930931,"test","gex_pt","gex
+protein embeddings","with_hubness"
"2437","ACH-000489",0.625366381069029,"test","gex_pt","gex
+protein embeddings","with_hubness"
"2438","ACH-000490",0.64576986628619,"test","gex_pt","gex
+protein embeddings","with_hubness"
"2439","ACH-000491",0.600471001046298,"test","gex_pt","gex
+protein embeddings","with_hubness"
"2440","ACH-000493",0.627155672926386,"test","gex_pt","gex
+protein embeddings","with_hubness"
"2441","ACH-000495",0.611576166516906,"test","gex_pt","gex
+protein embeddings","with_hubness"
"2442","ACH-000496",0.610170637040408,"test","gex_pt","gex
+protein embeddings","with_hubness"
"2443","ACH-000499",0.624143771994995,"test","gex_pt","gex
+protein embeddings","with_hubness"
"2444","ACH-000500",0.621993052680386,"test","gex_pt","gex
+protein embeddings","with_hubness"
"2445","ACH-000501",0.650378005624256,"test","gex_pt","gex
+protein embeddings","with_hubness"
"2446","ACH-000502",0.633440888399482,"test","gex_pt","gex
+protein embeddings","with_hubness"
"2447","ACH-000503",0.619856405541903,"test","gex_pt","gex
+protein embeddings","with_hubness"
"2448","ACH-000504",0.623844249574562,"test","gex_pt","gex
+protein embeddings","with_hubness"
"2449","ACH-000505",0.615023373987801,"test","gex_pt","gex
+protein embeddings","with_hubness"
"2450","ACH-000507",0.646411359968438,"test","gex_pt","gex
+protein embeddings","with_hubness"
"2451","ACH-000510",0.643150056820399,"test","gex_pt","gex
+protein embeddings","with_hubness"
"2452","ACH-000511",0.628492404791527,"test","gex_pt","gex
+protein embeddings","with_hubness"
"2453","ACH-000512",0.597971111404769,"test","gex_pt","gex
+protein embeddings","with_hubness"
"2454","ACH-000514",0.636487599673223,"test","gex_pt","gex
+protein embeddings","with_hubness"
"2455","ACH-000516",0.623210984927276,"test","gex_pt","gex
+protein embeddings","with_hubness"
"2456","ACH-000517",0.637509556225066,"test","gex_pt","gex
+protein embeddings","with_hubness"
"2457","ACH-000518",0.663593293233988,"test","gex_pt","gex
+protein embeddings","with_hubness"
"2458","ACH-000520",0.620733870371795,"test","gex_pt","gex
+protein embeddings","with_hubness"
"2459","ACH-000521",0.593188271993797,"test","gex_pt","gex
+protein embeddings","with_hubness"
"2460","ACH-000522",0.653993582976321,"test","gex_pt","gex
+protein embeddings","with_hubness"
"2461","ACH-000524",0.648793109569655,"test","gex_pt","gex
+protein embeddings","with_hubness"
"2462","ACH-000525",0.637991663212055,"test","gex_pt","gex
+protein embeddings","with_hubness"
"2463","ACH-000527",0.660682464744642,"test","gex_pt","gex
+protein embeddings","with_hubness"
"2464","ACH-000528",0.669933251731099,"test","gex_pt","gex
+protein embeddings","with_hubness"
"2465","ACH-000532",0.620370683297745,"test","gex_pt","gex
+protein embeddings","with_hubness"
"2466","ACH-000533",0.623756387058992,"test","gex_pt","gex
+protein embeddings","with_hubness"
"2467","ACH-000535",0.646019239605186,"test","gex_pt","gex
+protein embeddings","with_hubness"
"2468","ACH-000537",0.645387598915461,"test","gex_pt","gex
+protein embeddings","with_hubness"
"2469","ACH-000541",0.611017771040008,"test","gex_pt","gex
+protein embeddings","with_hubness"
"2470","ACH-000542",0.637756526188789,"test","gex_pt","gex
+protein embeddings","with_hubness"
"2471","ACH-000544",0.651426273636018,"test","gex_pt","gex
+protein embeddings","with_hubness"
"2472","ACH-000545",0.648582187151074,"test","gex_pt","gex
+protein embeddings","with_hubness"
"2473","ACH-000546",0.641460323108646,"test","gex_pt","gex
+protein embeddings","with_hubness"
"2474","ACH-000547",0.627563672257591,"test","gex_pt","gex
+protein embeddings","with_hubness"
"2475","ACH-000548",0.635434555504615,"test","gex_pt","gex
+protein embeddings","with_hubness"
"2476","ACH-000549",0.634331580396172,"test","gex_pt","gex
+protein embeddings","with_hubness"
"2477","ACH-000550",0.608264309569098,"test","gex_pt","gex
+protein embeddings","with_hubness"
"2478","ACH-000551",0.620441371313454,"test","gex_pt","gex
+protein embeddings","with_hubness"
"2479","ACH-000552",0.647471024114066,"test","gex_pt","gex
+protein embeddings","with_hubness"
"2480","ACH-000554",0.610101580701416,"test","gex_pt","gex
+protein embeddings","with_hubness"
"2481","ACH-000556",0.642216492247172,"test","gex_pt","gex
+protein embeddings","with_hubness"
"2482","ACH-000557",0.588730573508027,"test","gex_pt","gex
+protein embeddings","with_hubness"
"2483","ACH-000558",0.622125201869256,"test","gex_pt","gex
+protein embeddings","with_hubness"
"2484","ACH-000559",0.606784862722175,"test","gex_pt","gex
+protein embeddings","with_hubness"
"2485","ACH-000561",0.644819965853252,"test","gex_pt","gex
+protein embeddings","with_hubness"
"2486","ACH-000562",0.605114335401154,"test","gex_pt","gex
+protein embeddings","with_hubness"
"2487","ACH-000563",0.620287761305952,"test","gex_pt","gex
+protein embeddings","with_hubness"
"2488","ACH-000565",0.619448093669446,"test","gex_pt","gex
+protein embeddings","with_hubness"
"2489","ACH-000567",0.643935635487127,"test","gex_pt","gex
+protein embeddings","with_hubness"
"2490","ACH-000570",0.625106490764344,"test","gex_pt","gex
+protein embeddings","with_hubness"
"2491","ACH-000571",0.644723647040414,"test","gex_pt","gex
+protein embeddings","with_hubness"
"2492","ACH-000573",0.668090951580406,"test","gex_pt","gex
+protein embeddings","with_hubness"
"2493","ACH-000576",0.615454072125797,"test","gex_pt","gex
+protein embeddings","with_hubness"
"2494","ACH-000577",0.593228065662126,"test","gex_pt","gex
+protein embeddings","with_hubness"
"2495","ACH-000579",0.617885769353515,"test","gex_pt","gex
+protein embeddings","with_hubness"
"2496","ACH-000580",0.608562080911653,"test","gex_pt","gex
+protein embeddings","with_hubness"
"2497","ACH-000581",0.637072499987484,"test","gex_pt","gex
+protein embeddings","with_hubness"
"2498","ACH-000584",0.657054747880528,"test","gex_pt","gex
+protein embeddings","with_hubness"
"2499","ACH-000585",0.616677284138403,"test","gex_pt","gex
+protein embeddings","with_hubness"
"2500","ACH-000587",0.638996801994353,"test","gex_pt","gex
+protein embeddings","with_hubness"
"2501","ACH-000588",0.622750219498443,"test","gex_pt","gex
+protein embeddings","with_hubness"
"2502","ACH-000589",0.654898248704347,"test","gex_pt","gex
+protein embeddings","with_hubness"
"2503","ACH-000591",0.616159093688923,"test","gex_pt","gex
+protein embeddings","with_hubness"
"2504","ACH-000592",0.61463998614173,"test","gex_pt","gex
+protein embeddings","with_hubness"
"2505","ACH-000593",0.629488266018457,"test","gex_pt","gex
+protein embeddings","with_hubness"
"2506","ACH-000595",0.638722736256718,"test","gex_pt","gex
+protein embeddings","with_hubness"
"2507","ACH-000596",0.642513039884426,"test","gex_pt","gex
+protein embeddings","with_hubness"
"2508","ACH-000597",0.614386826720346,"test","gex_pt","gex
+protein embeddings","with_hubness"
"2509","ACH-000599",0.625472323197584,"test","gex_pt","gex
+protein embeddings","with_hubness"
"2510","ACH-000600",0.613119525589198,"test","gex_pt","gex
+protein embeddings","with_hubness"
"2511","ACH-000601",0.66507702301577,"test","gex_pt","gex
+protein embeddings","with_hubness"
"2512","ACH-000602",0.619626579632697,"test","gex_pt","gex
+protein embeddings","with_hubness"
"2513","ACH-000604",0.591124537436325,"test","gex_pt","gex
+protein embeddings","with_hubness"
"2514","ACH-000605",0.624859194446823,"test","gex_pt","gex
+protein embeddings","with_hubness"
"2515","ACH-000606",0.628665081093391,"test","gex_pt","gex
+protein embeddings","with_hubness"
"2516","ACH-000607",0.613948902207067,"test","gex_pt","gex
+protein embeddings","with_hubness"
"2517","ACH-000609",0.626999238197602,"test","gex_pt","gex
+protein embeddings","with_hubness"
"2518","ACH-000614",0.632286567303379,"test","gex_pt","gex
+protein embeddings","with_hubness"
"2519","ACH-000616",0.61745724642775,"test","gex_pt","gex
+protein embeddings","with_hubness"
"2520","ACH-000618",0.652487401050906,"test","gex_pt","gex
+protein embeddings","with_hubness"
"2521","ACH-000619",0.634375878544774,"test","gex_pt","gex
+protein embeddings","with_hubness"
"2522","ACH-000620",0.647050412000532,"test","gex_pt","gex
+protein embeddings","with_hubness"
"2523","ACH-000621",0.613787256709391,"test","gex_pt","gex
+protein embeddings","with_hubness"
"2524","ACH-000622",0.612041965705242,"test","gex_pt","gex
+protein embeddings","with_hubness"
"2525","ACH-000623",0.620727855712726,"test","gex_pt","gex
+protein embeddings","with_hubness"
"2526","ACH-000624",0.652074466730067,"test","gex_pt","gex
+protein embeddings","with_hubness"
"2527","ACH-000627",0.635273186140409,"test","gex_pt","gex
+protein embeddings","with_hubness"
"2528","ACH-000630",0.63741829107352,"test","gex_pt","gex
+protein embeddings","with_hubness"
"2529","ACH-000632",0.642023055610883,"test","gex_pt","gex
+protein embeddings","with_hubness"
"2530","ACH-000633",0.635487456063658,"test","gex_pt","gex
+protein embeddings","with_hubness"
"2531","ACH-000634",0.635487011652689,"test","gex_pt","gex
+protein embeddings","with_hubness"
"2532","ACH-000637",0.636242301989806,"test","gex_pt","gex
+protein embeddings","with_hubness"
"2533","ACH-000638",0.628749211495223,"test","gex_pt","gex
+protein embeddings","with_hubness"
"2534","ACH-000639",0.652161020869491,"test","gex_pt","gex
+protein embeddings","with_hubness"
"2535","ACH-000645",0.619601217418594,"test","gex_pt","gex
+protein embeddings","with_hubness"
"2536","ACH-000646",0.602083190537258,"test","gex_pt","gex
+protein embeddings","with_hubness"
"2537","ACH-000647",0.642087589418745,"test","gex_pt","gex
+protein embeddings","with_hubness"
"2538","ACH-000648",0.616339575183283,"test","gex_pt","gex
+protein embeddings","with_hubness"
"2539","ACH-000649",0.635328236855391,"test","gex_pt","gex
+protein embeddings","with_hubness"
"2540","ACH-000651",0.649249302733247,"test","gex_pt","gex
+protein embeddings","with_hubness"
"2541","ACH-000652",0.624030426343629,"test","gex_pt","gex
+protein embeddings","with_hubness"
"2542","ACH-000653",0.640360529263008,"test","gex_pt","gex
+protein embeddings","with_hubness"
"2543","ACH-000654",0.630013744015934,"test","gex_pt","gex
+protein embeddings","with_hubness"
"2544","ACH-000655",0.642243095598222,"test","gex_pt","gex
+protein embeddings","with_hubness"
"2545","ACH-000656",0.616412205084703,"test","gex_pt","gex
+protein embeddings","with_hubness"
"2546","ACH-000657",0.673561586841601,"test","gex_pt","gex
+protein embeddings","with_hubness"
"2547","ACH-000658",0.617761538525266,"test","gex_pt","gex
+protein embeddings","with_hubness"
"2548","ACH-000660",0.63715355380756,"test","gex_pt","gex
+protein embeddings","with_hubness"
"2549","ACH-000661",0.621668154516652,"test","gex_pt","gex
+protein embeddings","with_hubness"
"2550","ACH-000662",0.636052512494375,"test","gex_pt","gex
+protein embeddings","with_hubness"
"2551","ACH-000663",0.591863597896588,"test","gex_pt","gex
+protein embeddings","with_hubness"
"2552","ACH-000664",0.638249303756529,"test","gex_pt","gex
+protein embeddings","with_hubness"
"2553","ACH-000665",0.616101814752016,"test","gex_pt","gex
+protein embeddings","with_hubness"
"2554","ACH-000666",0.630144993888824,"test","gex_pt","gex
+protein embeddings","with_hubness"
"2555","ACH-000667",0.631393955819842,"test","gex_pt","gex
+protein embeddings","with_hubness"
"2556","ACH-000668",0.602661005079308,"test","gex_pt","gex
+protein embeddings","with_hubness"
"2557","ACH-000671",0.628495821850514,"test","gex_pt","gex
+protein embeddings","with_hubness"
"2558","ACH-000673",0.627824664678477,"test","gex_pt","gex
+protein embeddings","with_hubness"
"2559","ACH-000676",0.648251810271804,"test","gex_pt","gex
+protein embeddings","with_hubness"
"2560","ACH-000677",0.646467103693396,"test","gex_pt","gex
+protein embeddings","with_hubness"
"2561","ACH-000680",0.596877584348705,"test","gex_pt","gex
+protein embeddings","with_hubness"
"2562","ACH-000681",0.645758643482583,"test","gex_pt","gex
+protein embeddings","with_hubness"
"2563","ACH-000682",0.650754558985484,"test","gex_pt","gex
+protein embeddings","with_hubness"
"2564","ACH-000683",0.628303558761687,"test","gex_pt","gex
+protein embeddings","with_hubness"
"2565","ACH-000684",0.605399407027485,"test","gex_pt","gex
+protein embeddings","with_hubness"
"2566","ACH-000685",0.630174258370783,"test","gex_pt","gex
+protein embeddings","with_hubness"
"2567","ACH-000693",0.660502340549729,"test","gex_pt","gex
+protein embeddings","with_hubness"
"2568","ACH-000694",0.656941070157691,"test","gex_pt","gex
+protein embeddings","with_hubness"
"2569","ACH-000695",0.615378241117372,"test","gex_pt","gex
+protein embeddings","with_hubness"
"2570","ACH-000696",0.66266719484689,"test","gex_pt","gex
+protein embeddings","with_hubness"
"2571","ACH-000697",0.636240088564749,"test","gex_pt","gex
+protein embeddings","with_hubness"
"2572","ACH-000698",0.64759737144925,"test","gex_pt","gex
+protein embeddings","with_hubness"
"2573","ACH-000699",0.635558425779804,"test","gex_pt","gex
+protein embeddings","with_hubness"
"2574","ACH-000700",0.592970250815303,"test","gex_pt","gex
+protein embeddings","with_hubness"
"2575","ACH-000701",0.604532596161488,"test","gex_pt","gex
+protein embeddings","with_hubness"
"2576","ACH-000702",0.630714000991897,"test","gex_pt","gex
+protein embeddings","with_hubness"
"2577","ACH-000704",0.606611892156079,"test","gex_pt","gex
+protein embeddings","with_hubness"
"2578","ACH-000706",0.652734607358675,"test","gex_pt","gex
+protein embeddings","with_hubness"
"2579","ACH-000709",0.599443743992137,"test","gex_pt","gex
+protein embeddings","with_hubness"
"2580","ACH-000711",0.646262617046463,"test","gex_pt","gex
+protein embeddings","with_hubness"
"2581","ACH-000713",0.618318860426676,"test","gex_pt","gex
+protein embeddings","with_hubness"
"2582","ACH-000714",0.623297631541877,"test","gex_pt","gex
+protein embeddings","with_hubness"
"2583","ACH-000716",0.644122531632514,"test","gex_pt","gex
+protein embeddings","with_hubness"
"2584","ACH-000717",0.61905134584249,"test","gex_pt","gex
+protein embeddings","with_hubness"
"2585","ACH-000718",0.605025242540337,"test","gex_pt","gex
+protein embeddings","with_hubness"
"2586","ACH-000719",0.643817821208166,"test","gex_pt","gex
+protein embeddings","with_hubness"
"2587","ACH-000720",0.648713322946854,"test","gex_pt","gex
+protein embeddings","with_hubness"
"2588","ACH-000721",0.646711237101773,"test","gex_pt","gex
+protein embeddings","with_hubness"
"2589","ACH-000722",0.624473389125939,"test","gex_pt","gex
+protein embeddings","with_hubness"
"2590","ACH-000724",0.612008663868901,"test","gex_pt","gex
+protein embeddings","with_hubness"
"2591","ACH-000725",0.59004589334641,"test","gex_pt","gex
+protein embeddings","with_hubness"
"2592","ACH-000732",0.630984032383882,"test","gex_pt","gex
+protein embeddings","with_hubness"
"2593","ACH-000734",0.633378561702772,"test","gex_pt","gex
+protein embeddings","with_hubness"
"2594","ACH-000735",0.630189075140603,"test","gex_pt","gex
+protein embeddings","with_hubness"
"2595","ACH-000736",0.638747204433298,"test","gex_pt","gex
+protein embeddings","with_hubness"
"2596","ACH-000738",0.663815080720968,"test","gex_pt","gex
+protein embeddings","with_hubness"
"2597","ACH-000739",0.634756450899934,"test","gex_pt","gex
+protein embeddings","with_hubness"
"2598","ACH-000740",0.641116211700214,"test","gex_pt","gex
+protein embeddings","with_hubness"
"2599","ACH-000741",0.640774363016776,"test","gex_pt","gex
+protein embeddings","with_hubness"
"2600","ACH-000746",0.628515351492204,"test","gex_pt","gex
+protein embeddings","with_hubness"
"2601","ACH-000747",0.654631259284602,"test","gex_pt","gex
+protein embeddings","with_hubness"
"2602","ACH-000748",0.636112706298205,"test","gex_pt","gex
+protein embeddings","with_hubness"
"2603","ACH-000753",0.656115009285799,"test","gex_pt","gex
+protein embeddings","with_hubness"
"2604","ACH-000754",0.609607943143435,"test","gex_pt","gex
+protein embeddings","with_hubness"
"2605","ACH-000756",0.635551151102971,"test","gex_pt","gex
+protein embeddings","with_hubness"
"2606","ACH-000757",0.615920842115304,"test","gex_pt","gex
+protein embeddings","with_hubness"
"2607","ACH-000758",0.653224018659142,"test","gex_pt","gex
+protein embeddings","with_hubness"
"2608","ACH-000760",0.650504668137588,"test","gex_pt","gex
+protein embeddings","with_hubness"
"2609","ACH-000762",0.619160714947246,"test","gex_pt","gex
+protein embeddings","with_hubness"
"2610","ACH-000763",0.63091338120461,"test","gex_pt","gex
+protein embeddings","with_hubness"
"2611","ACH-000764",0.622969396661531,"test","gex_pt","gex
+protein embeddings","with_hubness"
"2612","ACH-000765",0.620490438330282,"test","gex_pt","gex
+protein embeddings","with_hubness"
"2613","ACH-000766",0.615937495158423,"test","gex_pt","gex
+protein embeddings","with_hubness"
"2614","ACH-000767",0.616375698474839,"test","gex_pt","gex
+protein embeddings","with_hubness"
"2615","ACH-000768",0.648472854497737,"test","gex_pt","gex
+protein embeddings","with_hubness"
"2616","ACH-000769",0.654093773010892,"test","gex_pt","gex
+protein embeddings","with_hubness"
"2617","ACH-000770",0.644504353628622,"test","gex_pt","gex
+protein embeddings","with_hubness"
"2618","ACH-000771",0.65043285443254,"test","gex_pt","gex
+protein embeddings","with_hubness"
"2619","ACH-000773",0.618705115910939,"test","gex_pt","gex
+protein embeddings","with_hubness"
"2620","ACH-000774",0.594485961781582,"test","gex_pt","gex
+protein embeddings","with_hubness"
"2621","ACH-000775",0.660837634425658,"test","gex_pt","gex
+protein embeddings","with_hubness"
"2622","ACH-000776",0.617143513710462,"test","gex_pt","gex
+protein embeddings","with_hubness"
"2623","ACH-000777",0.638381662284596,"test","gex_pt","gex
+protein embeddings","with_hubness"
"2624","ACH-000778",0.631212944458218,"test","gex_pt","gex
+protein embeddings","with_hubness"
"2625","ACH-000781",0.6441267841814,"test","gex_pt","gex
+protein embeddings","with_hubness"
"2626","ACH-000782",0.628776402922301,"test","gex_pt","gex
+protein embeddings","with_hubness"
"2627","ACH-000783",0.591430320650268,"test","gex_pt","gex
+protein embeddings","with_hubness"
"2628","ACH-000784",0.657277787537213,"test","gex_pt","gex
+protein embeddings","with_hubness"
"2629","ACH-000785",0.607191068649681,"test","gex_pt","gex
+protein embeddings","with_hubness"
"2630","ACH-000787",0.652345693723973,"test","gex_pt","gex
+protein embeddings","with_hubness"
"2631","ACH-000788",0.658642482985343,"test","gex_pt","gex
+protein embeddings","with_hubness"
"2632","ACH-000790",0.631459113934943,"test","gex_pt","gex
+protein embeddings","with_hubness"
"2633","ACH-000791",0.62103483592072,"test","gex_pt","gex
+protein embeddings","with_hubness"
"2634","ACH-000792",0.625084406446422,"test","gex_pt","gex
+protein embeddings","with_hubness"
"2635","ACH-000793",0.648320601466598,"test","gex_pt","gex
+protein embeddings","with_hubness"
"2636","ACH-000794",0.636271147881581,"test","gex_pt","gex
+protein embeddings","with_hubness"
"2637","ACH-000796",0.63360299125993,"test","gex_pt","gex
+protein embeddings","with_hubness"
"2638","ACH-000799",0.610446808746904,"test","gex_pt","gex
+protein embeddings","with_hubness"
"2639","ACH-000800",0.609121544363245,"test","gex_pt","gex
+protein embeddings","with_hubness"
"2640","ACH-000801",0.624628280433601,"test","gex_pt","gex
+protein embeddings","with_hubness"
"2641","ACH-000802",0.641631168827509,"test","gex_pt","gex
+protein embeddings","with_hubness"
"2642","ACH-000804",0.602763944638418,"test","gex_pt","gex
+protein embeddings","with_hubness"
"2643","ACH-000805",0.626423218972671,"test","gex_pt","gex
+protein embeddings","with_hubness"
"2644","ACH-000807",0.629329948593269,"test","gex_pt","gex
+protein embeddings","with_hubness"
"2645","ACH-000809",0.644134441541751,"test","gex_pt","gex
+protein embeddings","with_hubness"
"2646","ACH-000810",0.597137220890877,"test","gex_pt","gex
+protein embeddings","with_hubness"
"2647","ACH-000811",0.615700089150525,"test","gex_pt","gex
+protein embeddings","with_hubness"
"2648","ACH-000817",0.631576187340971,"test","gex_pt","gex
+protein embeddings","with_hubness"
"2649","ACH-000819",0.64252709321562,"test","gex_pt","gex
+protein embeddings","with_hubness"
"2650","ACH-000820",0.611043811224329,"test","gex_pt","gex
+protein embeddings","with_hubness"
"2651","ACH-000821",0.598273833450905,"test","gex_pt","gex
+protein embeddings","with_hubness"
"2652","ACH-000822",0.604109422727735,"test","gex_pt","gex
+protein embeddings","with_hubness"
"2653","ACH-000823",0.654882821958433,"test","gex_pt","gex
+protein embeddings","with_hubness"
"2654","ACH-000824",0.62143493175138,"test","gex_pt","gex
+protein embeddings","with_hubness"
"2655","ACH-000826",0.609793906364079,"test","gex_pt","gex
+protein embeddings","with_hubness"
"2656","ACH-000827",0.626572382795203,"test","gex_pt","gex
+protein embeddings","with_hubness"
"2657","ACH-000829",0.609541357619755,"test","gex_pt","gex
+protein embeddings","with_hubness"
"2658","ACH-000831",0.656982931076519,"test","gex_pt","gex
+protein embeddings","with_hubness"
"2659","ACH-000832",0.646117163518029,"test","gex_pt","gex
+protein embeddings","with_hubness"
"2660","ACH-000833",0.616558773126265,"test","gex_pt","gex
+protein embeddings","with_hubness"
"2661","ACH-000834",0.640386452489231,"test","gex_pt","gex
+protein embeddings","with_hubness"
"2662","ACH-000835",0.652901121701369,"test","gex_pt","gex
+protein embeddings","with_hubness"
"2663","ACH-000836",0.630526445508154,"test","gex_pt","gex
+protein embeddings","with_hubness"
"2664","ACH-000837",0.64449483866874,"test","gex_pt","gex
+protein embeddings","with_hubness"
"2665","ACH-000838",0.601559945802859,"test","gex_pt","gex
+protein embeddings","with_hubness"
"2666","ACH-000839",0.616958861213779,"test","gex_pt","gex
+protein embeddings","with_hubness"
"2667","ACH-000840",0.586042287858655,"test","gex_pt","gex
+protein embeddings","with_hubness"
"2668","ACH-000841",0.638342849877958,"test","gex_pt","gex
+protein embeddings","with_hubness"
"2669","ACH-000843",0.664065284471292,"test","gex_pt","gex
+protein embeddings","with_hubness"
"2670","ACH-000845",0.634555327207566,"test","gex_pt","gex
+protein embeddings","with_hubness"
"2671","ACH-000846",0.648856937029141,"test","gex_pt","gex
+protein embeddings","with_hubness"
"2672","ACH-000847",0.646789129143652,"test","gex_pt","gex
+protein embeddings","with_hubness"
"2673","ACH-000848",0.653035822426341,"test","gex_pt","gex
+protein embeddings","with_hubness"
"2674","ACH-000849",0.66095143928402,"test","gex_pt","gex
+protein embeddings","with_hubness"
"2675","ACH-000851",0.628637693456426,"test","gex_pt","gex
+protein embeddings","with_hubness"
"2676","ACH-000853",0.654775159711749,"test","gex_pt","gex
+protein embeddings","with_hubness"
"2677","ACH-000854",0.619770802633474,"test","gex_pt","gex
+protein embeddings","with_hubness"
"2678","ACH-000855",0.638136766099075,"test","gex_pt","gex
+protein embeddings","with_hubness"
"2679","ACH-000856",0.654571037743529,"test","gex_pt","gex
+protein embeddings","with_hubness"
"2680","ACH-000858",0.656160423375642,"test","gex_pt","gex
+protein embeddings","with_hubness"
"2681","ACH-000859",0.611546620902015,"test","gex_pt","gex
+protein embeddings","with_hubness"
"2682","ACH-000860",0.63109944131181,"test","gex_pt","gex
+protein embeddings","with_hubness"
"2683","ACH-000861",0.642528236228598,"test","gex_pt","gex
+protein embeddings","with_hubness"
"2684","ACH-000862",0.645575463142161,"test","gex_pt","gex
+protein embeddings","with_hubness"
"2685","ACH-000863",0.625599778551672,"test","gex_pt","gex
+protein embeddings","with_hubness"
"2686","ACH-000864",0.649347574732583,"test","gex_pt","gex
+protein embeddings","with_hubness"
"2687","ACH-000865",0.654633437479016,"test","gex_pt","gex
+protein embeddings","with_hubness"
"2688","ACH-000866",0.661652234597019,"test","gex_pt","gex
+protein embeddings","with_hubness"
"2689","ACH-000867",0.634063995922185,"test","gex_pt","gex
+protein embeddings","with_hubness"
"2690","ACH-000869",0.619273126730305,"test","gex_pt","gex
+protein embeddings","with_hubness"
"2691","ACH-000872",0.623711387106584,"test","gex_pt","gex
+protein embeddings","with_hubness"
"2692","ACH-000873",0.642213250357746,"test","gex_pt","gex
+protein embeddings","with_hubness"
"2693","ACH-000876",0.632123104020817,"test","gex_pt","gex
+protein embeddings","with_hubness"
"2694","ACH-000878",0.611205919936605,"test","gex_pt","gex
+protein embeddings","with_hubness"
"2695","ACH-000879",0.649598695441329,"test","gex_pt","gex
+protein embeddings","with_hubness"
"2696","ACH-000880",0.654931524095266,"test","gex_pt","gex
+protein embeddings","with_hubness"
"2697","ACH-000881",0.622525246116467,"test","gex_pt","gex
+protein embeddings","with_hubness"
"2698","ACH-000882",0.658324377897709,"test","gex_pt","gex
+protein embeddings","with_hubness"
"2699","ACH-000884",0.644990945610828,"test","gex_pt","gex
+protein embeddings","with_hubness"
"2700","ACH-000885",0.646486916419698,"test","gex_pt","gex
+protein embeddings","with_hubness"
"2701","ACH-000886",0.659595357530028,"test","gex_pt","gex
+protein embeddings","with_hubness"
"2702","ACH-000887",0.654025551265009,"test","gex_pt","gex
+protein embeddings","with_hubness"
"2703","ACH-000888",0.639221139880997,"test","gex_pt","gex
+protein embeddings","with_hubness"
"2704","ACH-000889",0.634826018191165,"test","gex_pt","gex
+protein embeddings","with_hubness"
"2705","ACH-000890",0.617859777852401,"test","gex_pt","gex
+protein embeddings","with_hubness"
"2706","ACH-000894",0.635808501357793,"test","gex_pt","gex
+protein embeddings","with_hubness"
"2707","ACH-000896",0.643825692155241,"test","gex_pt","gex
+protein embeddings","with_hubness"
"2708","ACH-000898",0.638943123111898,"test","gex_pt","gex
+protein embeddings","with_hubness"
"2709","ACH-000899",0.605867072344126,"test","gex_pt","gex
+protein embeddings","with_hubness"
"2710","ACH-000900",0.650264693972072,"test","gex_pt","gex
+protein embeddings","with_hubness"
"2711","ACH-000901",0.612378763299651,"test","gex_pt","gex
+protein embeddings","with_hubness"
"2712","ACH-000903",0.645081222552451,"test","gex_pt","gex
+protein embeddings","with_hubness"
"2713","ACH-000905",0.646486462212449,"test","gex_pt","gex
+protein embeddings","with_hubness"
"2714","ACH-000906",0.646366098324389,"test","gex_pt","gex
+protein embeddings","with_hubness"
"2715","ACH-000907",0.595061391767939,"test","gex_pt","gex
+protein embeddings","with_hubness"
"2716","ACH-000910",0.623125164466702,"test","gex_pt","gex
+protein embeddings","with_hubness"
"2717","ACH-000911",0.67019546617643,"test","gex_pt","gex
+protein embeddings","with_hubness"
"2718","ACH-000912",0.652832263538428,"test","gex_pt","gex
+protein embeddings","with_hubness"
"2719","ACH-000913",0.651814611776488,"test","gex_pt","gex
+protein embeddings","with_hubness"
"2720","ACH-000914",0.638616519791515,"test","gex_pt","gex
+protein embeddings","with_hubness"
"2721","ACH-000915",0.647742339003379,"test","gex_pt","gex
+protein embeddings","with_hubness"
"2722","ACH-000917",0.642178740554162,"test","gex_pt","gex
+protein embeddings","with_hubness"
"2723","ACH-000919",0.65423506590139,"test","gex_pt","gex
+protein embeddings","with_hubness"
"2724","ACH-000920",0.612987039552405,"test","gex_pt","gex
+protein embeddings","with_hubness"
"2725","ACH-000921",0.642197185551039,"test","gex_pt","gex
+protein embeddings","with_hubness"
"2726","ACH-000922",0.632212275114529,"test","gex_pt","gex
+protein embeddings","with_hubness"
"2727","ACH-000924",0.658506590960028,"test","gex_pt","gex
+protein embeddings","with_hubness"
"2728","ACH-000926",0.632053748678563,"test","gex_pt","gex
+protein embeddings","with_hubness"
"2729","ACH-000928",0.57708656357257,"test","gex_pt","gex
+protein embeddings","with_hubness"
"2730","ACH-000929",0.614837558562862,"test","gex_pt","gex
+protein embeddings","with_hubness"
"2731","ACH-000932",0.648067594231868,"test","gex_pt","gex
+protein embeddings","with_hubness"
"2732","ACH-000934",0.575328540825972,"test","gex_pt","gex
+protein embeddings","with_hubness"
"2733","ACH-000935",0.647871082275081,"test","gex_pt","gex
+protein embeddings","with_hubness"
"2734","ACH-000936",0.64804171065073,"test","gex_pt","gex
+protein embeddings","with_hubness"
"2735","ACH-000937",0.629734247607173,"test","gex_pt","gex
+protein embeddings","with_hubness"
"2736","ACH-000938",0.631157562739175,"test","gex_pt","gex
+protein embeddings","with_hubness"
"2737","ACH-000939",0.623245108574336,"test","gex_pt","gex
+protein embeddings","with_hubness"
"2738","ACH-000941",0.627357339522705,"test","gex_pt","gex
+protein embeddings","with_hubness"
"2739","ACH-000943",0.659420010378349,"test","gex_pt","gex
+protein embeddings","with_hubness"
"2740","ACH-000944",0.645085936596998,"test","gex_pt","gex
+protein embeddings","with_hubness"
"2741","ACH-000945",0.602577168477835,"test","gex_pt","gex
+protein embeddings","with_hubness"
"2742","ACH-000946",0.656220158523392,"test","gex_pt","gex
+protein embeddings","with_hubness"
"2743","ACH-000947",0.656372278252182,"test","gex_pt","gex
+protein embeddings","with_hubness"
"2744","ACH-000948",0.66950746840256,"test","gex_pt","gex
+protein embeddings","with_hubness"
"2745","ACH-000950",0.638733093953375,"test","gex_pt","gex
+protein embeddings","with_hubness"
"2746","ACH-000953",0.601430656535053,"test","gex_pt","gex
+protein embeddings","with_hubness"
"2747","ACH-000956",0.603099467365254,"test","gex_pt","gex
+protein embeddings","with_hubness"
"2748","ACH-000957",0.64524871231774,"test","gex_pt","gex
+protein embeddings","with_hubness"
"2749","ACH-000958",0.646154405460719,"test","gex_pt","gex
+protein embeddings","with_hubness"
"2750","ACH-000959",0.644684036344942,"test","gex_pt","gex
+protein embeddings","with_hubness"
"2751","ACH-000960",0.616693114824476,"test","gex_pt","gex
+protein embeddings","with_hubness"
"2752","ACH-000961",0.627345202430853,"test","gex_pt","gex
+protein embeddings","with_hubness"
"2753","ACH-000962",0.632820929470459,"test","gex_pt","gex
+protein embeddings","with_hubness"
"2754","ACH-000965",0.665641957406312,"test","gex_pt","gex
+protein embeddings","with_hubness"
"2755","ACH-000966",0.614281562169553,"test","gex_pt","gex
+protein embeddings","with_hubness"
"2756","ACH-000968",0.644034109611074,"test","gex_pt","gex
+protein embeddings","with_hubness"
"2757","ACH-000969",0.653208799966968,"test","gex_pt","gex
+protein embeddings","with_hubness"
"2758","ACH-000970",0.634810613261621,"test","gex_pt","gex
+protein embeddings","with_hubness"
"2759","ACH-000971",0.637657358871785,"test","gex_pt","gex
+protein embeddings","with_hubness"
"2760","ACH-000973",0.658819482869291,"test","gex_pt","gex
+protein embeddings","with_hubness"
"2761","ACH-000974",0.654704871835243,"test","gex_pt","gex
+protein embeddings","with_hubness"
"2762","ACH-000975",0.645720302065188,"test","gex_pt","gex
+protein embeddings","with_hubness"
"2763","ACH-000976",0.625633978439702,"test","gex_pt","gex
+protein embeddings","with_hubness"
"2764","ACH-000977",0.665319308519571,"test","gex_pt","gex
+protein embeddings","with_hubness"
"2765","ACH-000978",0.626063386546598,"test","gex_pt","gex
+protein embeddings","with_hubness"
"2766","ACH-000979",0.626814512731093,"test","gex_pt","gex
+protein embeddings","with_hubness"
"2767","ACH-000980",0.665336928071331,"test","gex_pt","gex
+protein embeddings","with_hubness"
"2768","ACH-000983",0.62830419723188,"test","gex_pt","gex
+protein embeddings","with_hubness"
"2769","ACH-000984",0.61731378565476,"test","gex_pt","gex
+protein embeddings","with_hubness"
"2770","ACH-000985",0.604019423268571,"test","gex_pt","gex
+protein embeddings","with_hubness"
"2771","ACH-000986",0.650173089475514,"test","gex_pt","gex
+protein embeddings","with_hubness"
"2772","ACH-000988",0.614516342374739,"test","gex_pt","gex
+protein embeddings","with_hubness"
"2773","ACH-000991",0.625826446569516,"test","gex_pt","gex
+protein embeddings","with_hubness"
"2774","ACH-000993",0.61070240929613,"test","gex_pt","gex
+protein embeddings","with_hubness"
"2775","ACH-000994",0.628082382474886,"test","gex_pt","gex
+protein embeddings","with_hubness"
"2776","ACH-000995",0.603284956980786,"test","gex_pt","gex
+protein embeddings","with_hubness"
"2777","ACH-000996",0.626833554586811,"test","gex_pt","gex
+protein embeddings","with_hubness"
"2778","ACH-000997",0.638922481810168,"test","gex_pt","gex
+protein embeddings","with_hubness"
"2779","ACH-001001",0.652279671727437,"test","gex_pt","gex
+protein embeddings","with_hubness"
"2780","ACH-001016",0.640205012988731,"test","gex_pt","gex
+protein embeddings","with_hubness"
"2781","ACH-001020",0.603743092254522,"test","gex_pt","gex
+protein embeddings","with_hubness"
"2782","ACH-001028",0.653241784845976,"test","gex_pt","gex
+protein embeddings","with_hubness"
"2783","ACH-001029",0.655294046693108,"test","gex_pt","gex
+protein embeddings","with_hubness"
"2784","ACH-001031",0.650100557142997,"test","gex_pt","gex
+protein embeddings","with_hubness"
"2785","ACH-001033",0.612844241781935,"test","gex_pt","gex
+protein embeddings","with_hubness"
"2786","ACH-001036",0.606375656369867,"test","gex_pt","gex
+protein embeddings","with_hubness"
"2787","ACH-001038",0.66023576546219,"test","gex_pt","gex
+protein embeddings","with_hubness"
"2788","ACH-001039",0.627121513801636,"test","gex_pt","gex
+protein embeddings","with_hubness"
"2789","ACH-001041",0.635562205423645,"test","gex_pt","gex
+protein embeddings","with_hubness"
"2790","ACH-001048",0.626935962909144,"test","gex_pt","gex
+protein embeddings","with_hubness"
"2791","ACH-001050",0.615203573825294,"test","gex_pt","gex
+protein embeddings","with_hubness"
"2792","ACH-001053",0.597075359502744,"test","gex_pt","gex
+protein embeddings","with_hubness"
"2793","ACH-001054",0.629152782213511,"test","gex_pt","gex
+protein embeddings","with_hubness"
"2794","ACH-001061",0.650434791383333,"test","gex_pt","gex
+protein embeddings","with_hubness"
"2795","ACH-001063",0.61365028910844,"test","gex_pt","gex
+protein embeddings","with_hubness"
"2796","ACH-001065",0.638574029160505,"test","gex_pt","gex
+protein embeddings","with_hubness"
"2797","ACH-001067",0.635151498177926,"test","gex_pt","gex
+protein embeddings","with_hubness"
"2798","ACH-001075",0.624098027607276,"test","gex_pt","gex
+protein embeddings","with_hubness"
"2799","ACH-001081",0.631945063105744,"test","gex_pt","gex
+protein embeddings","with_hubness"
"2800","ACH-001096",0.63516397583347,"test","gex_pt","gex
+protein embeddings","with_hubness"
"2801","ACH-001098",0.622049690697,"test","gex_pt","gex
+protein embeddings","with_hubness"
"2802","ACH-001099",0.613120947536554,"test","gex_pt","gex
+protein embeddings","with_hubness"
"2803","ACH-001107",0.633397214535668,"test","gex_pt","gex
+protein embeddings","with_hubness"
"2804","ACH-001126",0.640939682818442,"test","gex_pt","gex
+protein embeddings","with_hubness"
"2805","ACH-001128",0.6041937325252,"test","gex_pt","gex
+protein embeddings","with_hubness"
"2806","ACH-001129",0.617127808889842,"test","gex_pt","gex
+protein embeddings","with_hubness"
"2807","ACH-001134",0.643491428398128,"test","gex_pt","gex
+protein embeddings","with_hubness"
"2808","ACH-001137",0.593963734008096,"test","gex_pt","gex
+protein embeddings","with_hubness"
"2809","ACH-001145",0.646057928863466,"test","gex_pt","gex
+protein embeddings","with_hubness"
"2810","ACH-001151",0.627169494054064,"test","gex_pt","gex
+protein embeddings","with_hubness"
"2811","ACH-001163",0.629510982570654,"test","gex_pt","gex
+protein embeddings","with_hubness"
"2812","ACH-001164",0.615884097626689,"test","gex_pt","gex
+protein embeddings","with_hubness"
"2813","ACH-001172",0.669789760050867,"test","gex_pt","gex
+protein embeddings","with_hubness"
"2814","ACH-001183",0.633467698468132,"test","gex_pt","gex
+protein embeddings","with_hubness"
"2815","ACH-001184",0.600176997767394,"test","gex_pt","gex
+protein embeddings","with_hubness"
"2816","ACH-001188",0.611865979284374,"test","gex_pt","gex
+protein embeddings","with_hubness"
"2817","ACH-001190",0.628908258936201,"test","gex_pt","gex
+protein embeddings","with_hubness"
"2818","ACH-001192",0.625124972070128,"test","gex_pt","gex
+protein embeddings","with_hubness"
"2819","ACH-001193",0.63991409655855,"test","gex_pt","gex
+protein embeddings","with_hubness"
"2820","ACH-001194",0.600370895894716,"test","gex_pt","gex
+protein embeddings","with_hubness"
"2821","ACH-001196",0.639029867540687,"test","gex_pt","gex
+protein embeddings","with_hubness"
"2822","ACH-001197",0.608906858534677,"test","gex_pt","gex
+protein embeddings","with_hubness"
"2823","ACH-001205",0.621931736885391,"test","gex_pt","gex
+protein embeddings","with_hubness"
"2824","ACH-001211",0.620707115911543,"test","gex_pt","gex
+protein embeddings","with_hubness"
"2825","ACH-001212",0.581928081140938,"test","gex_pt","gex
+protein embeddings","with_hubness"
"2826","ACH-001228",0.618929491817646,"test","gex_pt","gex
+protein embeddings","with_hubness"
"2827","ACH-001229",0.663664882944164,"test","gex_pt","gex
+protein embeddings","with_hubness"
"2828","ACH-001232",0.63193818941855,"test","gex_pt","gex
+protein embeddings","with_hubness"
"2829","ACH-001233",0.625974610935842,"test","gex_pt","gex
+protein embeddings","with_hubness"
"2830","ACH-001239",0.654135196081214,"test","gex_pt","gex
+protein embeddings","with_hubness"
"2831","ACH-001270",0.602397968441515,"test","gex_pt","gex
+protein embeddings","with_hubness"
"2832","ACH-001274",0.61654013817212,"test","gex_pt","gex
+protein embeddings","with_hubness"
"2833","ACH-001275",0.635426363178735,"test","gex_pt","gex
+protein embeddings","with_hubness"
"2834","ACH-001277",0.619666690235012,"test","gex_pt","gex
+protein embeddings","with_hubness"
"2835","ACH-001278",0.64784405147645,"test","gex_pt","gex
+protein embeddings","with_hubness"
"2836","ACH-001279",0.621528985877465,"test","gex_pt","gex
+protein embeddings","with_hubness"
"2837","ACH-001280",0.61204364984806,"test","gex_pt","gex
+protein embeddings","with_hubness"
"2838","ACH-001283",0.637877162614184,"test","gex_pt","gex
+protein embeddings","with_hubness"
"2839","ACH-001289",0.643165919025677,"test","gex_pt","gex
+protein embeddings","with_hubness"
"2840","ACH-001295",0.630859789228027,"test","gex_pt","gex
+protein embeddings","with_hubness"
"2841","ACH-001300",0.631953482339647,"test","gex_pt","gex
+protein embeddings","with_hubness"
"2842","ACH-001301",0.618664374901489,"test","gex_pt","gex
+protein embeddings","with_hubness"
"2843","ACH-001302",0.619390648689165,"test","gex_pt","gex
+protein embeddings","with_hubness"
"2844","ACH-001303",0.589918558629065,"test","gex_pt","gex
+protein embeddings","with_hubness"
"2845","ACH-001306",0.624202888543412,"test","gex_pt","gex
+protein embeddings","with_hubness"
"2846","ACH-001307",0.619079263724697,"test","gex_pt","gex
+protein embeddings","with_hubness"
"2847","ACH-001310",0.624225129758074,"test","gex_pt","gex
+protein embeddings","with_hubness"
"2848","ACH-001318",0.646917065571772,"test","gex_pt","gex
+protein embeddings","with_hubness"
"2849","ACH-001322",0.633749109512113,"test","gex_pt","gex
+protein embeddings","with_hubness"
"2850","ACH-001328",0.643331675249517,"test","gex_pt","gex
+protein embeddings","with_hubness"
"2851","ACH-001329",0.638962933973986,"test","gex_pt","gex
+protein embeddings","with_hubness"
"2852","ACH-001331",0.623896093091322,"test","gex_pt","gex
+protein embeddings","with_hubness"
"2853","ACH-001332",0.624767590944487,"test","gex_pt","gex
+protein embeddings","with_hubness"
"2854","ACH-001333",0.635649400982639,"test","gex_pt","gex
+protein embeddings","with_hubness"
"2855","ACH-001334",0.654763398820125,"test","gex_pt","gex
+protein embeddings","with_hubness"
"2856","ACH-001335",0.639546211373549,"test","gex_pt","gex
+protein embeddings","with_hubness"
"2857","ACH-001336",0.648851106614981,"test","gex_pt","gex
+protein embeddings","with_hubness"
"2858","ACH-001338",0.634014290830994,"test","gex_pt","gex
+protein embeddings","with_hubness"
"2859","ACH-001340",0.64285495009448,"test","gex_pt","gex
+protein embeddings","with_hubness"
"2860","ACH-001341",0.651391559845919,"test","gex_pt","gex
+protein embeddings","with_hubness"
"2861","ACH-001344",0.607820057897835,"test","gex_pt","gex
+protein embeddings","with_hubness"
"2862","ACH-001345",0.658596625812851,"test","gex_pt","gex
+protein embeddings","with_hubness"
"2863","ACH-001346",0.663929937993334,"test","gex_pt","gex
+protein embeddings","with_hubness"
"2864","ACH-001347",0.634186331973057,"test","gex_pt","gex
+protein embeddings","with_hubness"
"2865","ACH-001353",0.623269120073691,"test","gex_pt","gex
+protein embeddings","with_hubness"
"2866","ACH-001354",0.606390645211945,"test","gex_pt","gex
+protein embeddings","with_hubness"
"2867","ACH-001356",0.602603624776957,"test","gex_pt","gex
+protein embeddings","with_hubness"
"2868","ACH-001366",0.637193157982986,"test","gex_pt","gex
+protein embeddings","with_hubness"
"2869","ACH-001367",0.607036972733663,"test","gex_pt","gex
+protein embeddings","with_hubness"
"2870","ACH-001368",0.655192719402921,"test","gex_pt","gex
+protein embeddings","with_hubness"
"2871","ACH-001370",0.620065197256212,"test","gex_pt","gex
+protein embeddings","with_hubness"
"2872","ACH-001374",0.60985863671336,"test","gex_pt","gex
+protein embeddings","with_hubness"
"2873","ACH-001375",0.61430752624281,"test","gex_pt","gex
+protein embeddings","with_hubness"
"2874","ACH-001377",0.647955165739471,"test","gex_pt","gex
+protein embeddings","with_hubness"
"2875","ACH-001379",0.638056966159462,"test","gex_pt","gex
+protein embeddings","with_hubness"
"2876","ACH-001380",0.64742329188788,"test","gex_pt","gex
+protein embeddings","with_hubness"
"2877","ACH-001382",0.605697490741205,"test","gex_pt","gex
+protein embeddings","with_hubness"
"2878","ACH-001385",0.651904749393704,"test","gex_pt","gex
+protein embeddings","with_hubness"
"2879","ACH-001386",0.628293974143379,"test","gex_pt","gex
+protein embeddings","with_hubness"
"2880","ACH-001389",0.655090624996417,"test","gex_pt","gex
+protein embeddings","with_hubness"
"2881","ACH-001390",0.626360564075009,"test","gex_pt","gex
+protein embeddings","with_hubness"
"2882","ACH-001391",0.611162957072423,"test","gex_pt","gex
+protein embeddings","with_hubness"
"2883","ACH-001392",0.625885170094531,"test","gex_pt","gex
+protein embeddings","with_hubness"
"2884","ACH-001393",0.634910928380678,"test","gex_pt","gex
+protein embeddings","with_hubness"
"2885","ACH-001394",0.616226184690388,"test","gex_pt","gex
+protein embeddings","with_hubness"
"2886","ACH-001398",0.610379398145188,"test","gex_pt","gex
+protein embeddings","with_hubness"
"2887","ACH-001399",0.626432626727461,"test","gex_pt","gex
+protein embeddings","with_hubness"
"2888","ACH-001400",0.620898856276492,"test","gex_pt","gex
+protein embeddings","with_hubness"
"2889","ACH-001402",0.635840936219131,"test","gex_pt","gex
+protein embeddings","with_hubness"
"2890","ACH-001403",0.610524204648685,"test","gex_pt","gex
+protein embeddings","with_hubness"
"2891","ACH-001407",0.627989032654007,"test","gex_pt","gex
+protein embeddings","with_hubness"
"2892","ACH-001408",0.639788063703679,"test","gex_pt","gex
+protein embeddings","with_hubness"
"2893","ACH-001409",0.588681247207419,"test","gex_pt","gex
+protein embeddings","with_hubness"
"2894","ACH-001411",0.624853439917981,"test","gex_pt","gex
+protein embeddings","with_hubness"
"2895","ACH-001412",0.617088646430298,"test","gex_pt","gex
+protein embeddings","with_hubness"
"2896","ACH-001413",0.639032493228721,"test","gex_pt","gex
+protein embeddings","with_hubness"
"2897","ACH-001414",0.645415710631418,"test","gex_pt","gex
+protein embeddings","with_hubness"
"2898","ACH-001415",0.60020782470901,"test","gex_pt","gex
+protein embeddings","with_hubness"
"2899","ACH-001416",0.612232846744387,"test","gex_pt","gex
+protein embeddings","with_hubness"
"2900","ACH-001418",0.657093405568995,"test","gex_pt","gex
+protein embeddings","with_hubness"
"2901","ACH-001419",0.617512989702579,"test","gex_pt","gex
+protein embeddings","with_hubness"
"2902","ACH-001421",0.590666238863212,"test","gex_pt","gex
+protein embeddings","with_hubness"
"2903","ACH-001422",0.605018792430329,"test","gex_pt","gex
+protein embeddings","with_hubness"
"2904","ACH-001430",0.627068180158622,"test","gex_pt","gex
+protein embeddings","with_hubness"
"2905","ACH-001431",0.626428186435113,"test","gex_pt","gex
+protein embeddings","with_hubness"
"2906","ACH-001433",0.632092036995332,"test","gex_pt","gex
+protein embeddings","with_hubness"
"2907","ACH-001442",0.609008847241617,"test","gex_pt","gex
+protein embeddings","with_hubness"
"2908","ACH-001443",0.627177448272737,"test","gex_pt","gex
+protein embeddings","with_hubness"
"2909","ACH-001450",0.609558220709437,"test","gex_pt","gex
+protein embeddings","with_hubness"
"2910","ACH-001451",0.634190688750225,"test","gex_pt","gex
+protein embeddings","with_hubness"
"2911","ACH-001453",0.616714924409845,"test","gex_pt","gex
+protein embeddings","with_hubness"
"2912","ACH-001458",0.596116180999778,"test","gex_pt","gex
+protein embeddings","with_hubness"
"2913","ACH-001459",0.616080016374188,"test","gex_pt","gex
+protein embeddings","with_hubness"
"2914","ACH-001460",0.625211433470447,"test","gex_pt","gex
+protein embeddings","with_hubness"
"2915","ACH-001494",0.644827464676104,"test","gex_pt","gex
+protein embeddings","with_hubness"
"2916","ACH-001495",0.614148983056477,"test","gex_pt","gex
+protein embeddings","with_hubness"
"2917","ACH-001496",0.663570288974525,"test","gex_pt","gex
+protein embeddings","with_hubness"
"2918","ACH-001497",0.639182994768784,"test","gex_pt","gex
+protein embeddings","with_hubness"
"2919","ACH-001498",0.611061808085251,"test","gex_pt","gex
+protein embeddings","with_hubness"
"2920","ACH-001500",0.633744952576947,"test","gex_pt","gex
+protein embeddings","with_hubness"
"2921","ACH-001509",0.603606087472441,"test","gex_pt","gex
+protein embeddings","with_hubness"
"2922","ACH-001510",0.649555600416654,"test","gex_pt","gex
+protein embeddings","with_hubness"
"2923","ACH-001511",0.621163230773035,"test","gex_pt","gex
+protein embeddings","with_hubness"
"2924","ACH-001513",0.614367338012668,"test","gex_pt","gex
+protein embeddings","with_hubness"
"2925","ACH-001515",0.622531690833944,"test","gex_pt","gex
+protein embeddings","with_hubness"
"2926","ACH-001517",0.616523566682082,"test","gex_pt","gex
+protein embeddings","with_hubness"
"2927","ACH-001518",0.613675195612637,"test","gex_pt","gex
+protein embeddings","with_hubness"
"2928","ACH-001520",0.607298795755011,"test","gex_pt","gex
+protein embeddings","with_hubness"
"2929","ACH-001521",0.595648698325308,"test","gex_pt","gex
+protein embeddings","with_hubness"
"2930","ACH-001522",0.621386191717658,"test","gex_pt","gex
+protein embeddings","with_hubness"
"2931","ACH-001523",0.65039966859972,"test","gex_pt","gex
+protein embeddings","with_hubness"
"2932","ACH-001524",0.630629142136161,"test","gex_pt","gex
+protein embeddings","with_hubness"
"2933","ACH-001525",0.628238741693623,"test","gex_pt","gex
+protein embeddings","with_hubness"
"2934","ACH-001526",0.606274318966322,"test","gex_pt","gex
+protein embeddings","with_hubness"
"2935","ACH-001528",0.666580850821469,"test","gex_pt","gex
+protein embeddings","with_hubness"
"2936","ACH-001529",0.658478080611449,"test","gex_pt","gex
+protein embeddings","with_hubness"
"2937","ACH-001530",0.610654287251298,"test","gex_pt","gex
+protein embeddings","with_hubness"
"2938","ACH-001532",0.681243940820758,"test","gex_pt","gex
+protein embeddings","with_hubness"
"2939","ACH-001533",0.638911138028337,"test","gex_pt","gex
+protein embeddings","with_hubness"
"2940","ACH-001536",0.606017668731317,"test","gex_pt","gex
+protein embeddings","with_hubness"
"2941","ACH-001538",0.632742530748049,"test","gex_pt","gex
+protein embeddings","with_hubness"
"2942","ACH-001539",0.617146769987783,"test","gex_pt","gex
+protein embeddings","with_hubness"
"2943","ACH-001542",0.665993103705818,"test","gex_pt","gex
+protein embeddings","with_hubness"
"2944","ACH-001543",0.610527042454295,"test","gex_pt","gex
+protein embeddings","with_hubness"
"2945","ACH-001544",0.61931085186963,"test","gex_pt","gex
+protein embeddings","with_hubness"
"2946","ACH-001547",0.618766127352545,"test","gex_pt","gex
+protein embeddings","with_hubness"
"2947","ACH-001548",0.612230823455725,"test","gex_pt","gex
+protein embeddings","with_hubness"
"2948","ACH-001549",0.656644477955361,"test","gex_pt","gex
+protein embeddings","with_hubness"
"2949","ACH-001550",0.613949226283796,"test","gex_pt","gex
+protein embeddings","with_hubness"
"2950","ACH-001551",0.664381273834165,"test","gex_pt","gex
+protein embeddings","with_hubness"
"2951","ACH-001552",0.615637698153572,"test","gex_pt","gex
+protein embeddings","with_hubness"
"2952","ACH-001554",0.670166067996648,"test","gex_pt","gex
+protein embeddings","with_hubness"
"2953","ACH-001555",0.611353313979117,"test","gex_pt","gex
+protein embeddings","with_hubness"
"2954","ACH-001556",0.63162665311231,"test","gex_pt","gex
+protein embeddings","with_hubness"
"2955","ACH-001557",0.622866022576894,"test","gex_pt","gex
+protein embeddings","with_hubness"
"2956","ACH-001558",0.618829026139169,"test","gex_pt","gex
+protein embeddings","with_hubness"
"2957","ACH-001559",0.613320621183618,"test","gex_pt","gex
+protein embeddings","with_hubness"
"2958","ACH-001560",0.635283585119277,"test","gex_pt","gex
+protein embeddings","with_hubness"
"2959","ACH-001562",0.655345608518235,"test","gex_pt","gex
+protein embeddings","with_hubness"
"2960","ACH-001563",0.610211773241919,"test","gex_pt","gex
+protein embeddings","with_hubness"
"2961","ACH-001566",0.634653490080572,"test","gex_pt","gex
+protein embeddings","with_hubness"
"2962","ACH-001567",0.627564727841609,"test","gex_pt","gex
+protein embeddings","with_hubness"
"2963","ACH-001568",0.638563393906544,"test","gex_pt","gex
+protein embeddings","with_hubness"
"2964","ACH-001570",0.654667155877187,"test","gex_pt","gex
+protein embeddings","with_hubness"
"2965","ACH-001574",0.620430168242241,"test","gex_pt","gex
+protein embeddings","with_hubness"
"2966","ACH-001577",0.593434698950792,"test","gex_pt","gex
+protein embeddings","with_hubness"
"2967","ACH-001603",0.609686364899051,"test","gex_pt","gex
+protein embeddings","with_hubness"
"2968","ACH-001605",0.650580205755902,"test","gex_pt","gex
+protein embeddings","with_hubness"
"2969","ACH-001606",0.629620587221739,"test","gex_pt","gex
+protein embeddings","with_hubness"
"2970","ACH-001607",0.638225452179087,"test","gex_pt","gex
+protein embeddings","with_hubness"
"2971","ACH-001608",0.643861048332089,"test","gex_pt","gex
+protein embeddings","with_hubness"
"2972","ACH-001609",0.65441785868403,"test","gex_pt","gex
+protein embeddings","with_hubness"
"2973","ACH-001610",0.603646040886725,"test","gex_pt","gex
+protein embeddings","with_hubness"
"2974","ACH-001611",0.629254061309408,"test","gex_pt","gex
+protein embeddings","with_hubness"
"2975","ACH-001616",0.641749802217392,"test","gex_pt","gex
+protein embeddings","with_hubness"
"2976","ACH-001618",0.601760325874909,"test","gex_pt","gex
+protein embeddings","with_hubness"
"2977","ACH-001619",0.562816673935199,"test","gex_pt","gex
+protein embeddings","with_hubness"
"2978","ACH-001622",0.634332046997993,"test","gex_pt","gex
+protein embeddings","with_hubness"
"2979","ACH-001623",0.609624563181346,"test","gex_pt","gex
+protein embeddings","with_hubness"
"2980","ACH-001624",0.596243077455176,"test","gex_pt","gex
+protein embeddings","with_hubness"
"2981","ACH-001625",0.626770006900978,"test","gex_pt","gex
+protein embeddings","with_hubness"
"2982","ACH-001626",0.614944306420507,"test","gex_pt","gex
+protein embeddings","with_hubness"
"2983","ACH-001627",0.660821047556565,"test","gex_pt","gex
+protein embeddings","with_hubness"
"2984","ACH-001628",0.608675892760411,"test","gex_pt","gex
+protein embeddings","with_hubness"
"2985","ACH-001630",0.658535756457261,"test","gex_pt","gex
+protein embeddings","with_hubness"
"2986","ACH-001632",0.610429089172246,"test","gex_pt","gex
+protein embeddings","with_hubness"
"2987","ACH-001634",0.643523730385686,"test","gex_pt","gex
+protein embeddings","with_hubness"
"2988","ACH-001639",0.579795700897925,"test","gex_pt","gex
+protein embeddings","with_hubness"
"2989","ACH-001641",0.636354184661121,"test","gex_pt","gex
+protein embeddings","with_hubness"
"2990","ACH-001645",0.612376627679346,"test","gex_pt","gex
+protein embeddings","with_hubness"
"2991","ACH-001647",0.609635267508468,"test","gex_pt","gex
+protein embeddings","with_hubness"
"2992","ACH-001648",0.673583021509331,"test","gex_pt","gex
+protein embeddings","with_hubness"
"2993","ACH-001649",0.627147729384079,"test","gex_pt","gex
+protein embeddings","with_hubness"
"2994","ACH-001650",0.628687846766103,"test","gex_pt","gex
+protein embeddings","with_hubness"
"2995","ACH-001652",0.651268227401579,"test","gex_pt","gex
+protein embeddings","with_hubness"
"2996","ACH-001653",0.650237284942799,"test","gex_pt","gex
+protein embeddings","with_hubness"
"2997","ACH-001654",0.653542822361782,"test","gex_pt","gex
+protein embeddings","with_hubness"
"2998","ACH-001655",0.621365444481358,"test","gex_pt","gex
+protein embeddings","with_hubness"
"2999","ACH-001656",0.639441394403186,"test","gex_pt","gex
+protein embeddings","with_hubness"
"3000","ACH-001664",0.655847177214038,"test","gex_pt","gex
+protein embeddings","with_hubness"
"3001","ACH-001668",0.623521271556861,"test","gex_pt","gex
+protein embeddings","with_hubness"
"3002","ACH-001669",0.650411208151069,"test","gex_pt","gex
+protein embeddings","with_hubness"
"3003","ACH-001670",0.629973086020744,"test","gex_pt","gex
+protein embeddings","with_hubness"
"3004","ACH-001673",0.646205122711902,"test","gex_pt","gex
+protein embeddings","with_hubness"
"3005","ACH-001674",0.630501300880312,"test","gex_pt","gex
+protein embeddings","with_hubness"
"3006","ACH-001675",0.632042617237279,"test","gex_pt","gex
+protein embeddings","with_hubness"
"3007","ACH-001677",0.636335550753491,"test","gex_pt","gex
+protein embeddings","with_hubness"
"3008","ACH-001685",0.628501885011468,"test","gex_pt","gex
+protein embeddings","with_hubness"
"3009","ACH-001687",0.629146875289772,"test","gex_pt","gex
+protein embeddings","with_hubness"
"3010","ACH-001688",0.58751273286956,"test","gex_pt","gex
+protein embeddings","with_hubness"
"3011","ACH-001690",0.659369171946672,"test","gex_pt","gex
+protein embeddings","with_hubness"
"3012","ACH-001692",0.665600517610633,"test","gex_pt","gex
+protein embeddings","with_hubness"
"3013","ACH-001694",0.649049597545485,"test","gex_pt","gex
+protein embeddings","with_hubness"
"3014","ACH-001696",0.648670841337659,"test","gex_pt","gex
+protein embeddings","with_hubness"
"3015","ACH-001698",0.613676090999147,"test","gex_pt","gex
+protein embeddings","with_hubness"
"3016","ACH-001699",0.65355582707586,"test","gex_pt","gex
+protein embeddings","with_hubness"
"3017","ACH-001701",0.605967424159413,"test","gex_pt","gex
+protein embeddings","with_hubness"
"3018","ACH-001702",0.626233077426375,"test","gex_pt","gex
+protein embeddings","with_hubness"
"3019","ACH-001707",0.611744923815737,"test","gex_pt","gex
+protein embeddings","with_hubness"
"3020","ACH-001709",0.647789249246872,"test","gex_pt","gex
+protein embeddings","with_hubness"
"3021","ACH-001711",0.593999452570798,"test","gex_pt","gex
+protein embeddings","with_hubness"
"3022","ACH-001715",0.615491160463805,"test","gex_pt","gex
+protein embeddings","with_hubness"
"3023","ACH-001719",0.6352341041076,"test","gex_pt","gex
+protein embeddings","with_hubness"
"3024","ACH-001735",0.639885499101338,"test","gex_pt","gex
+protein embeddings","with_hubness"
"3025","ACH-001736",0.637827669265791,"test","gex_pt","gex
+protein embeddings","with_hubness"
"3026","ACH-001737",0.569601799928994,"test","gex_pt","gex
+protein embeddings","with_hubness"
"3027","ACH-001740",0.623807955978601,"test","gex_pt","gex
+protein embeddings","with_hubness"
"3028","ACH-001745",0.634889946750544,"test","gex_pt","gex
+protein embeddings","with_hubness"
"3029","ACH-001750",0.64822766482602,"test","gex_pt","gex
+protein embeddings","with_hubness"
"3030","ACH-001765",0.653974835624434,"test","gex_pt","gex
+protein embeddings","with_hubness"
"3031","ACH-001786",0.593671819863698,"test","gex_pt","gex
+protein embeddings","with_hubness"
"3032","ACH-001791",0.586301996001398,"test","gex_pt","gex
+protein embeddings","with_hubness"
"3033","ACH-001793",0.61119309536868,"test","gex_pt","gex
+protein embeddings","with_hubness"
"3034","ACH-001794",0.600093077112995,"test","gex_pt","gex
+protein embeddings","with_hubness"
"3035","ACH-001795",0.633552257325345,"test","gex_pt","gex
+protein embeddings","with_hubness"
"3036","ACH-001796",0.605274769562427,"test","gex_pt","gex
+protein embeddings","with_hubness"
"3037","ACH-001799",0.607853730036017,"test","gex_pt","gex
+protein embeddings","with_hubness"
"3038","ACH-001802",0.623771781294962,"test","gex_pt","gex
+protein embeddings","with_hubness"
"3039","ACH-001804",0.583833305141488,"test","gex_pt","gex
+protein embeddings","with_hubness"
"3040","ACH-001814",0.620590286186455,"test","gex_pt","gex
+protein embeddings","with_hubness"
"3041","ACH-001819",0.655434636726639,"test","gex_pt","gex
+protein embeddings","with_hubness"
"3042","ACH-001820",0.640668862677689,"test","gex_pt","gex
+protein embeddings","with_hubness"
"3043","ACH-001834",0.61556345756707,"test","gex_pt","gex
+protein embeddings","with_hubness"
"3044","ACH-001835",0.640516782079219,"test","gex_pt","gex
+protein embeddings","with_hubness"
"3045","ACH-001836",0.630175654551038,"test","gex_pt","gex
+protein embeddings","with_hubness"
"3046","ACH-001838",0.591149347048143,"test","gex_pt","gex
+protein embeddings","with_hubness"
"3047","ACH-001839",0.639443510934476,"test","gex_pt","gex
+protein embeddings","with_hubness"
"3048","ACH-001841",0.66291050328977,"test","gex_pt","gex
+protein embeddings","with_hubness"
"3049","ACH-001842",0.588325952983016,"test","gex_pt","gex
+protein embeddings","with_hubness"
"3050","ACH-001843",0.670735754948668,"test","gex_pt","gex
+protein embeddings","with_hubness"
"3051","ACH-001844",0.635986984300452,"test","gex_pt","gex
+protein embeddings","with_hubness"
"3052","ACH-001848",0.651834722062308,"test","gex_pt","gex
+protein embeddings","with_hubness"
"3053","ACH-001849",0.643824661976618,"test","gex_pt","gex
+protein embeddings","with_hubness"
"3054","ACH-001850",0.626894873927334,"test","gex_pt","gex
+protein embeddings","with_hubness"
"3055","ACH-001852",0.671440855807271,"test","gex_pt","gex
+protein embeddings","with_hubness"
"3056","ACH-001853",0.612074136186928,"test","gex_pt","gex
+protein embeddings","with_hubness"
"3057","ACH-001856",0.640526386710242,"test","gex_pt","gex
+protein embeddings","with_hubness"
"3058","ACH-001857",0.625081280348532,"test","gex_pt","gex
+protein embeddings","with_hubness"
"3059","ACH-001858",0.644444272718019,"test","gex_pt","gex
+protein embeddings","with_hubness"
"3060","ACH-001861",0.637530708502911,"test","gex_pt","gex
+protein embeddings","with_hubness"
"3061","ACH-001862",0.622423532590977,"test","gex_pt","gex
+protein embeddings","with_hubness"
"3062","ACH-001863",0.606817910240328,"test","gex_pt","gex
+protein embeddings","with_hubness"
"3063","ACH-001864",0.631003940790487,"test","gex_pt","gex
+protein embeddings","with_hubness"
"3064","ACH-001959",0.653453797156527,"test","gex_pt","gex
+protein embeddings","with_hubness"
"3065","ACH-001960",0.64922123915748,"test","gex_pt","gex
+protein embeddings","with_hubness"
"3066","ACH-001961",0.629732123573226,"test","gex_pt","gex
+protein embeddings","with_hubness"
"3067","ACH-001970",0.587286605772324,"test","gex_pt","gex
+protein embeddings","with_hubness"
"3068","ACH-001973",0.627762018573986,"test","gex_pt","gex
+protein embeddings","with_hubness"
"3069","ACH-001977",0.635787625362724,"test","gex_pt","gex
+protein embeddings","with_hubness"
"3070","ACH-001982",0.638418624183062,"test","gex_pt","gex
+protein embeddings","with_hubness"
"3071","ACH-001991",0.621578945899569,"test","gex_pt","gex
+protein embeddings","with_hubness"
"3072","ACH-001992",0.649352405386407,"test","gex_pt","gex
+protein embeddings","with_hubness"
"3073","ACH-001993",0.618937337310077,"test","gex_pt","gex
+protein embeddings","with_hubness"
"3074","ACH-001997",0.621750772041158,"test","gex_pt","gex
+protein embeddings","with_hubness"
"3075","ACH-001999",0.623878634597611,"test","gex_pt","gex
+protein embeddings","with_hubness"
"3076","ACH-002001",0.644783982441475,"test","gex_pt","gex
+protein embeddings","with_hubness"
"3077","ACH-002002",0.67291705476205,"test","gex_pt","gex
+protein embeddings","with_hubness"
"3078","ACH-002003",0.611915472451137,"test","gex_pt","gex
+protein embeddings","with_hubness"
"3079","ACH-002005",0.621690364535502,"test","gex_pt","gex
+protein embeddings","with_hubness"
"3080","ACH-002014",0.577025863893721,"test","gex_pt","gex
+protein embeddings","with_hubness"
"3081","ACH-002015",0.641383355048065,"test","gex_pt","gex
+protein embeddings","with_hubness"
"3082","ACH-002016",0.613748631642912,"test","gex_pt","gex
+protein embeddings","with_hubness"
"3083","ACH-002017",0.622980282570325,"test","gex_pt","gex
+protein embeddings","with_hubness"
"3084","ACH-002018",0.65986039420773,"test","gex_pt","gex
+protein embeddings","with_hubness"
"3085","ACH-002019",0.629176672656221,"test","gex_pt","gex
+protein embeddings","with_hubness"
"3086","ACH-002021",0.605510349886556,"test","gex_pt","gex
+protein embeddings","with_hubness"
"3087","ACH-002023",0.637464144887703,"test","gex_pt","gex
+protein embeddings","with_hubness"
"3088","ACH-002024",0.602270338703492,"test","gex_pt","gex
+protein embeddings","with_hubness"
"3089","ACH-002025",0.634962408416155,"test","gex_pt","gex
+protein embeddings","with_hubness"
"3090","ACH-002026",0.647446627334656,"test","gex_pt","gex
+protein embeddings","with_hubness"
"3091","ACH-002027",0.643793540470351,"test","gex_pt","gex
+protein embeddings","with_hubness"
"3092","ACH-002029",0.664280350393527,"test","gex_pt","gex
+protein embeddings","with_hubness"
"3093","ACH-002039",0.615391090904573,"test","gex_pt","gex
+protein embeddings","with_hubness"
"3094","ACH-002041",0.637373350899215,"test","gex_pt","gex
+protein embeddings","with_hubness"
"3095","ACH-002042",0.630077929363929,"test","gex_pt","gex
+protein embeddings","with_hubness"
"3096","ACH-002043",0.646932658091358,"test","gex_pt","gex
+protein embeddings","with_hubness"
"3097","ACH-002044",0.66927522783663,"test","gex_pt","gex
+protein embeddings","with_hubness"
"3098","ACH-002045",0.632425011549392,"test","gex_pt","gex
+protein embeddings","with_hubness"
"3099","ACH-002046",0.62812823567548,"test","gex_pt","gex
+protein embeddings","with_hubness"
"3100","ACH-002048",0.655761209608121,"test","gex_pt","gex
+protein embeddings","with_hubness"
"3101","ACH-002059",0.655598381577885,"test","gex_pt","gex
+protein embeddings","with_hubness"
"3102","ACH-002061",0.607536303910147,"test","gex_pt","gex
+protein embeddings","with_hubness"
"3103","ACH-002062",0.611833417198872,"test","gex_pt","gex
+protein embeddings","with_hubness"
"3104","ACH-002066",0.644800634516468,"test","gex_pt","gex
+protein embeddings","with_hubness"
"3105","ACH-002067",0.616122014861546,"test","gex_pt","gex
+protein embeddings","with_hubness"
"3106","ACH-002069",0.608557758441615,"test","gex_pt","gex
+protein embeddings","with_hubness"
"3107","ACH-002080",0.655791192850247,"test","gex_pt","gex
+protein embeddings","with_hubness"
"3108","ACH-002083",0.605425743491817,"test","gex_pt","gex
+protein embeddings","with_hubness"
"3109","ACH-002084",0.621513765622612,"test","gex_pt","gex
+protein embeddings","with_hubness"
"3110","ACH-002105",0.608070907781249,"test","gex_pt","gex
+protein embeddings","with_hubness"
"3111","ACH-002106",0.603529711947693,"test","gex_pt","gex
+protein embeddings","with_hubness"
"3112","ACH-002109",0.625071146171495,"test","gex_pt","gex
+protein embeddings","with_hubness"
"3113","ACH-002110",0.645997977525601,"test","gex_pt","gex
+protein embeddings","with_hubness"
"3114","ACH-002114",0.62313106537084,"test","gex_pt","gex
+protein embeddings","with_hubness"
"3115","ACH-002116",0.617519299450498,"test","gex_pt","gex
+protein embeddings","with_hubness"
"3116","ACH-002119",0.641292718778653,"test","gex_pt","gex
+protein embeddings","with_hubness"
"3117","ACH-002140",0.630711893062441,"test","gex_pt","gex
+protein embeddings","with_hubness"
"3118","ACH-002141",0.62187875404709,"test","gex_pt","gex
+protein embeddings","with_hubness"
"3119","ACH-002143",0.591635685484781,"test","gex_pt","gex
+protein embeddings","with_hubness"
"3120","ACH-002150",0.650224058489457,"test","gex_pt","gex
+protein embeddings","with_hubness"
"3121","ACH-002156",0.629282836368811,"test","gex_pt","gex
+protein embeddings","with_hubness"
"3122","ACH-002160",0.636439297132437,"test","gex_pt","gex
+protein embeddings","with_hubness"
"3123","ACH-002161",0.657511227866151,"test","gex_pt","gex
+protein embeddings","with_hubness"
"3124","ACH-002179",0.605355696365403,"test","gex_pt","gex
+protein embeddings","with_hubness"
"3125","ACH-002181",0.621999639248628,"test","gex_pt","gex
+protein embeddings","with_hubness"
"3126","ACH-002183",0.606736943537103,"test","gex_pt","gex
+protein embeddings","with_hubness"
"3127","ACH-002186",0.627161933263316,"test","gex_pt","gex
+protein embeddings","with_hubness"
"3128","ACH-002189",0.617185248592806,"test","gex_pt","gex
+protein embeddings","with_hubness"
"3129","ACH-002198",0.659822752667897,"test","gex_pt","gex
+protein embeddings","with_hubness"
"3130","ACH-002202",0.631029148659092,"test","gex_pt","gex
+protein embeddings","with_hubness"
"3131","ACH-002210",0.631111078735325,"test","gex_pt","gex
+protein embeddings","with_hubness"
"3132","ACH-002212",0.626493516340353,"test","gex_pt","gex
+protein embeddings","with_hubness"
"3133","ACH-002217",0.62065986678765,"test","gex_pt","gex
+protein embeddings","with_hubness"
"3134","ACH-002228",0.635818647106848,"test","gex_pt","gex
+protein embeddings","with_hubness"
"3135","ACH-002229",0.60850577668449,"test","gex_pt","gex
+protein embeddings","with_hubness"
"3136","ACH-002230",0.616103373261048,"test","gex_pt","gex
+protein embeddings","with_hubness"
"3137","ACH-002233",0.590927793330103,"test","gex_pt","gex
+protein embeddings","with_hubness"
"3138","ACH-002234",0.634825347884864,"test","gex_pt","gex
+protein embeddings","with_hubness"
"3139","ACH-002239",0.617701687107725,"test","gex_pt","gex
+protein embeddings","with_hubness"
"3140","ACH-002243",0.629702296770787,"test","gex_pt","gex
+protein embeddings","with_hubness"
"3141","ACH-002247",0.667949923210278,"test","gex_pt","gex
+protein embeddings","with_hubness"
"3142","ACH-002249",0.634258529263478,"test","gex_pt","gex
+protein embeddings","with_hubness"
"3143","ACH-002250",0.635711141881156,"test","gex_pt","gex
+protein embeddings","with_hubness"
"3144","ACH-002251",0.637959427006158,"test","gex_pt","gex
+protein embeddings","with_hubness"
"3145","ACH-002257",0.598599197028255,"test","gex_pt","gex
+protein embeddings","with_hubness"
"3146","ACH-002261",0.626120904466353,"test","gex_pt","gex
+protein embeddings","with_hubness"
"3147","ACH-002263",0.647725499353857,"test","gex_pt","gex
+protein embeddings","with_hubness"
"3148","ACH-002265",0.614582997196759,"test","gex_pt","gex
+protein embeddings","with_hubness"
"3149","ACH-002269",0.633749928155165,"test","gex_pt","gex
+protein embeddings","with_hubness"
"3150","ACH-002278",0.577847426538034,"test","gex_pt","gex
+protein embeddings","with_hubness"
"3151","ACH-002280",0.608684515691508,"test","gex_pt","gex
+protein embeddings","with_hubness"
"3152","ACH-002282",0.605376812519302,"test","gex_pt","gex
+protein embeddings","with_hubness"
"3153","ACH-002283",0.627793398806069,"test","gex_pt","gex
+protein embeddings","with_hubness"
"3154","ACH-002284",0.616421568951239,"test","gex_pt","gex
+protein embeddings","with_hubness"
"3155","ACH-002285",0.638863958284982,"test","gex_pt","gex
+protein embeddings","with_hubness"
"3156","ACH-002294",0.622789591113686,"test","gex_pt","gex
+protein embeddings","with_hubness"
"3157","ACH-002295",0.631902105685742,"test","gex_pt","gex
+protein embeddings","with_hubness"
"3158","ACH-002296",0.642125293786757,"test","gex_pt","gex
+protein embeddings","with_hubness"
"3159","ACH-002297",0.633608307175806,"test","gex_pt","gex
+protein embeddings","with_hubness"
"3160","ACH-002298",0.631327496808438,"test","gex_pt","gex
+protein embeddings","with_hubness"
"3161","ACH-002304",0.628979740545888,"test","gex_pt","gex
+protein embeddings","with_hubness"
"3162","ACH-002305",0.650115502375279,"test","gex_pt","gex
+protein embeddings","with_hubness"
"3163","ACH-002399",0.627098410816752,"test","gex_pt","gex
+protein embeddings","with_hubness"
"3164","ACH-002446",0.604862393829333,"test","gex_pt","gex
+protein embeddings","with_hubness"
"3165","ACH-002458",0.615730235291329,"test","gex_pt","gex
+protein embeddings","with_hubness"
"3166","ACH-002459",0.656508183589803,"test","gex_pt","gex
+protein embeddings","with_hubness"
"3167","ACH-002460",0.628425043667999,"test","gex_pt","gex
+protein embeddings","with_hubness"
"3168","ACH-002461",0.622270592014419,"test","gex_pt","gex
+protein embeddings","with_hubness"
"3169","ACH-002462",0.632992439358244,"test","gex_pt","gex
+protein embeddings","with_hubness"
"3170","ACH-002463",0.615487049124646,"test","gex_pt","gex
+protein embeddings","with_hubness"
"3171","ACH-002464",0.598367405177063,"test","gex_pt","gex
+protein embeddings","with_hubness"
"3172","ACH-002465",0.624208248556963,"test","gex_pt","gex
+protein embeddings","with_hubness"
"3173","ACH-002467",0.615897524343575,"test","gex_pt","gex
+protein embeddings","with_hubness"
"3174","ACH-002471",0.592129027587026,"test","gex_pt","gex
+protein embeddings","with_hubness"
"3175","ACH-002508",0.619351272706762,"test","gex_pt","gex
+protein embeddings","with_hubness"
"3176","ACH-002510",0.630483758949891,"test","gex_pt","gex
+protein embeddings","with_hubness"
"3177","ACH-002511",0.605434696289402,"test","gex_pt","gex
+protein embeddings","with_hubness"
"3178","ACH-002512",0.590342123089271,"test","gex_pt","gex
+protein embeddings","with_hubness"
"3179","ACH-002647",0.592869256699696,"test","gex_pt","gex
+protein embeddings","with_hubness"
"3180","ACH-002659",0.634308626471607,"test","gex_pt","gex
+protein embeddings","with_hubness"
"3181","ACH-002664",0.660596844237792,"test","gex_pt","gex
+protein embeddings","with_hubness"
"3182","ACH-002669",0.64391835463892,"test","gex_pt","gex
+protein embeddings","with_hubness"
"3183","ACH-002672",0.62663220778427,"test","gex_pt","gex
+protein embeddings","with_hubness"
"3184","ACH-002680",0.636864168063243,"test","gex_pt","gex
+protein embeddings","with_hubness"
"3185","ACH-002687",0.638649954832947,"test","gex_pt","gex
+protein embeddings","with_hubness"
"3186","ACH-002693",0.619569984559401,"test","gex_pt","gex
+protein embeddings","with_hubness"
"3187","ACH-002710",0.640292935223632,"test","gex_pt","gex
+protein embeddings","with_hubness"
"3188","ACH-002785",0.630543154254248,"test","gex_pt","gex
+protein embeddings","with_hubness"
"3189","ACH-002800",0.620251683480529,"test","gex_pt","gex
+protein embeddings","with_hubness"
"3190","ACH-002834",0.598691488757316,"test","gex_pt","gex
+protein embeddings","with_hubness"
"3191","ACH-002847",0.6412352124488,"test","gex_pt","gex
+protein embeddings","with_hubness"
"3192","ACH-002926",0.639405751121898,"test","gex_pt","gex
+protein embeddings","with_hubness"
"3193","ACH-000001",0.614177136803021,"test","gex_pt.wohub","gex
+protein embeddings","without_hubness"
"3194","ACH-000004",0.598036531429854,"test","gex_pt.wohub","gex
+protein embeddings","without_hubness"
"3195","ACH-000005",0.602017229146392,"test","gex_pt.wohub","gex
+protein embeddings","without_hubness"
"3196","ACH-000007",0.625386218080897,"test","gex_pt.wohub","gex
+protein embeddings","without_hubness"
"3197","ACH-000009",0.625385744351764,"test","gex_pt.wohub","gex
+protein embeddings","without_hubness"
"3198","ACH-000011",0.620818472926989,"test","gex_pt.wohub","gex
+protein embeddings","without_hubness"
"3199","ACH-000012",0.641421446471068,"test","gex_pt.wohub","gex
+protein embeddings","without_hubness"
"3200","ACH-000013",0.631016077397121,"test","gex_pt.wohub","gex
+protein embeddings","without_hubness"
"3201","ACH-000014",0.627668900271155,"test","gex_pt.wohub","gex
+protein embeddings","without_hubness"
"3202","ACH-000015",0.638233717986974,"test","gex_pt.wohub","gex
+protein embeddings","without_hubness"
"3203","ACH-000017",0.604496513250505,"test","gex_pt.wohub","gex
+protein embeddings","without_hubness"
"3204","ACH-000018",0.618354859401706,"test","gex_pt.wohub","gex
+protein embeddings","without_hubness"
"3205","ACH-000019",0.628037285391566,"test","gex_pt.wohub","gex
+protein embeddings","without_hubness"
"3206","ACH-000021",0.610346028385677,"test","gex_pt.wohub","gex
+protein embeddings","without_hubness"
"3207","ACH-000022",0.628066046143119,"test","gex_pt.wohub","gex
+protein embeddings","without_hubness"
"3208","ACH-000023",0.638193406104902,"test","gex_pt.wohub","gex
+protein embeddings","without_hubness"
"3209","ACH-000024",0.621479607570317,"test","gex_pt.wohub","gex
+protein embeddings","without_hubness"
"3210","ACH-000025",0.620718467112793,"test","gex_pt.wohub","gex
+protein embeddings","without_hubness"
"3211","ACH-000028",0.640164154362944,"test","gex_pt.wohub","gex
+protein embeddings","without_hubness"
"3212","ACH-000029",0.646508439404738,"test","gex_pt.wohub","gex
+protein embeddings","without_hubness"
"3213","ACH-000030",0.622489166345965,"test","gex_pt.wohub","gex
+protein embeddings","without_hubness"
"3214","ACH-000035",0.62487332747775,"test","gex_pt.wohub","gex
+protein embeddings","without_hubness"
"3215","ACH-000036",0.612927751752952,"test","gex_pt.wohub","gex
+protein embeddings","without_hubness"
"3216","ACH-000037",0.593488702721489,"test","gex_pt.wohub","gex
+protein embeddings","without_hubness"
"3217","ACH-000039",0.600039467173706,"test","gex_pt.wohub","gex
+protein embeddings","without_hubness"
"3218","ACH-000040",0.60834439203126,"test","gex_pt.wohub","gex
+protein embeddings","without_hubness"
"3219","ACH-000041",0.601341333656544,"test","gex_pt.wohub","gex
+protein embeddings","without_hubness"
"3220","ACH-000042",0.610355878240995,"test","gex_pt.wohub","gex
+protein embeddings","without_hubness"
"3221","ACH-000045",0.625764250415163,"test","gex_pt.wohub","gex
+protein embeddings","without_hubness"
"3222","ACH-000047",0.653047914422141,"test","gex_pt.wohub","gex
+protein embeddings","without_hubness"
"3223","ACH-000048",0.64050454613892,"test","gex_pt.wohub","gex
+protein embeddings","without_hubness"
"3224","ACH-000052",0.607718916455862,"test","gex_pt.wohub","gex
+protein embeddings","without_hubness"
"3225","ACH-000053",0.619590870935444,"test","gex_pt.wohub","gex
+protein embeddings","without_hubness"
"3226","ACH-000054",0.634446748901597,"test","gex_pt.wohub","gex
+protein embeddings","without_hubness"
"3227","ACH-000055",0.604711317379056,"test","gex_pt.wohub","gex
+protein embeddings","without_hubness"
"3228","ACH-000060",0.629516056226,"test","gex_pt.wohub","gex
+protein embeddings","without_hubness"
"3229","ACH-000067",0.63186230918515,"test","gex_pt.wohub","gex
+protein embeddings","without_hubness"
"3230","ACH-000070",0.619792103611299,"test","gex_pt.wohub","gex
+protein embeddings","without_hubness"
"3231","ACH-000074",0.6166200191127,"test","gex_pt.wohub","gex
+protein embeddings","without_hubness"
"3232","ACH-000075",0.624750420653134,"test","gex_pt.wohub","gex
+protein embeddings","without_hubness"
"3233","ACH-000076",0.620668552134499,"test","gex_pt.wohub","gex
+protein embeddings","without_hubness"
"3234","ACH-000077",0.584320879608348,"test","gex_pt.wohub","gex
+protein embeddings","without_hubness"
"3235","ACH-000078",0.59523722410181,"test","gex_pt.wohub","gex
+protein embeddings","without_hubness"
"3236","ACH-000082",0.612857524486278,"test","gex_pt.wohub","gex
+protein embeddings","without_hubness"
"3237","ACH-000085",0.609496109294452,"test","gex_pt.wohub","gex
+protein embeddings","without_hubness"
"3238","ACH-000086",0.632691572209071,"test","gex_pt.wohub","gex
+protein embeddings","without_hubness"
"3239","ACH-000087",0.61565620322266,"test","gex_pt.wohub","gex
+protein embeddings","without_hubness"
"3240","ACH-000090",0.599966858220506,"test","gex_pt.wohub","gex
+protein embeddings","without_hubness"
"3241","ACH-000092",0.604467735539083,"test","gex_pt.wohub","gex
+protein embeddings","without_hubness"
"3242","ACH-000093",0.559076866655676,"test","gex_pt.wohub","gex
+protein embeddings","without_hubness"
"3243","ACH-000094",0.599892069090511,"test","gex_pt.wohub","gex
+protein embeddings","without_hubness"
"3244","ACH-000095",0.622122874188296,"test","gex_pt.wohub","gex
+protein embeddings","without_hubness"
"3245","ACH-000097",0.646156388040596,"test","gex_pt.wohub","gex
+protein embeddings","without_hubness"
"3246","ACH-000098",0.631141066515903,"test","gex_pt.wohub","gex
+protein embeddings","without_hubness"
"3247","ACH-000099",0.627965283037743,"test","gex_pt.wohub","gex
+protein embeddings","without_hubness"
"3248","ACH-000101",0.622153829809644,"test","gex_pt.wohub","gex
+protein embeddings","without_hubness"
"3249","ACH-000103",0.5938465022863,"test","gex_pt.wohub","gex
+protein embeddings","without_hubness"
"3250","ACH-000108",0.623372244105664,"test","gex_pt.wohub","gex
+protein embeddings","without_hubness"
"3251","ACH-000111",0.630805568165741,"test","gex_pt.wohub","gex
+protein embeddings","without_hubness"
"3252","ACH-000113",0.650638570934006,"test","gex_pt.wohub","gex
+protein embeddings","without_hubness"
"3253","ACH-000114",0.615186012484588,"test","gex_pt.wohub","gex
+protein embeddings","without_hubness"
"3254","ACH-000115",0.563666641188898,"test","gex_pt.wohub","gex
+protein embeddings","without_hubness"
"3255","ACH-000118",0.648404611562168,"test","gex_pt.wohub","gex
+protein embeddings","without_hubness"
"3256","ACH-000120",0.624754126723007,"test","gex_pt.wohub","gex
+protein embeddings","without_hubness"
"3257","ACH-000123",0.640919856664856,"test","gex_pt.wohub","gex
+protein embeddings","without_hubness"
"3258","ACH-000124",0.613713685442075,"test","gex_pt.wohub","gex
+protein embeddings","without_hubness"
"3259","ACH-000127",0.657119568106162,"test","gex_pt.wohub","gex
+protein embeddings","without_hubness"
"3260","ACH-000128",0.625025569064618,"test","gex_pt.wohub","gex
+protein embeddings","without_hubness"
"3261","ACH-000132",0.637254642408726,"test","gex_pt.wohub","gex
+protein embeddings","without_hubness"
"3262","ACH-000133",0.623622014713947,"test","gex_pt.wohub","gex
+protein embeddings","without_hubness"
"3263","ACH-000137",0.634014042196444,"test","gex_pt.wohub","gex
+protein embeddings","without_hubness"
"3264","ACH-000138",0.626443625411047,"test","gex_pt.wohub","gex
+protein embeddings","without_hubness"
"3265","ACH-000139",0.57721549678695,"test","gex_pt.wohub","gex
+protein embeddings","without_hubness"
"3266","ACH-000141",0.608346808455877,"test","gex_pt.wohub","gex
+protein embeddings","without_hubness"
"3267","ACH-000142",0.605946274741648,"test","gex_pt.wohub","gex
+protein embeddings","without_hubness"
"3268","ACH-000143",0.629600365785206,"test","gex_pt.wohub","gex
+protein embeddings","without_hubness"
"3269","ACH-000144",0.604636931777028,"test","gex_pt.wohub","gex
+protein embeddings","without_hubness"
"3270","ACH-000145",0.612748546377964,"test","gex_pt.wohub","gex
+protein embeddings","without_hubness"
"3271","ACH-000146",0.631473223344352,"test","gex_pt.wohub","gex
+protein embeddings","without_hubness"
"3272","ACH-000147",0.643452427526818,"test","gex_pt.wohub","gex
+protein embeddings","without_hubness"
"3273","ACH-000148",0.625663661872735,"test","gex_pt.wohub","gex
+protein embeddings","without_hubness"
"3274","ACH-000149",0.63049683117737,"test","gex_pt.wohub","gex
+protein embeddings","without_hubness"
"3275","ACH-000150",0.626494748649131,"test","gex_pt.wohub","gex
+protein embeddings","without_hubness"
"3276","ACH-000151",0.606130176685945,"test","gex_pt.wohub","gex
+protein embeddings","without_hubness"
"3277","ACH-000152",0.612901389957023,"test","gex_pt.wohub","gex
+protein embeddings","without_hubness"
"3278","ACH-000153",0.595467790078749,"test","gex_pt.wohub","gex
+protein embeddings","without_hubness"
"3279","ACH-000155",0.614734422170692,"test","gex_pt.wohub","gex
+protein embeddings","without_hubness"
"3280","ACH-000159",0.635213556687888,"test","gex_pt.wohub","gex
+protein embeddings","without_hubness"
"3281","ACH-000160",0.63641249849924,"test","gex_pt.wohub","gex
+protein embeddings","without_hubness"
"3282","ACH-000161",0.623866912311504,"test","gex_pt.wohub","gex
+protein embeddings","without_hubness"
"3283","ACH-000163",0.606588548285295,"test","gex_pt.wohub","gex
+protein embeddings","without_hubness"
"3284","ACH-000164",0.633752629431304,"test","gex_pt.wohub","gex
+protein embeddings","without_hubness"
"3285","ACH-000168",0.577593211175177,"test","gex_pt.wohub","gex
+protein embeddings","without_hubness"
"3286","ACH-000169",0.644894414381992,"test","gex_pt.wohub","gex
+protein embeddings","without_hubness"
"3287","ACH-000174",0.631952466009132,"test","gex_pt.wohub","gex
+protein embeddings","without_hubness"
"3288","ACH-000176",0.593326514669814,"test","gex_pt.wohub","gex
+protein embeddings","without_hubness"
"3289","ACH-000178",0.645500925264972,"test","gex_pt.wohub","gex
+protein embeddings","without_hubness"
"3290","ACH-000181",0.644680973215725,"test","gex_pt.wohub","gex
+protein embeddings","without_hubness"
"3291","ACH-000182",0.644752982306143,"test","gex_pt.wohub","gex
+protein embeddings","without_hubness"
"3292","ACH-000183",0.645293981301572,"test","gex_pt.wohub","gex
+protein embeddings","without_hubness"
"3293","ACH-000187",0.614418594098993,"test","gex_pt.wohub","gex
+protein embeddings","without_hubness"
"3294","ACH-000188",0.629091368726857,"test","gex_pt.wohub","gex
+protein embeddings","without_hubness"
"3295","ACH-000189",0.598421419983687,"test","gex_pt.wohub","gex
+protein embeddings","without_hubness"
"3296","ACH-000190",0.630605354818706,"test","gex_pt.wohub","gex
+protein embeddings","without_hubness"
"3297","ACH-000191",0.61734950366801,"test","gex_pt.wohub","gex
+protein embeddings","without_hubness"
"3298","ACH-000195",0.582247199136799,"test","gex_pt.wohub","gex
+protein embeddings","without_hubness"
"3299","ACH-000198",0.646231940430055,"test","gex_pt.wohub","gex
+protein embeddings","without_hubness"
"3300","ACH-000200",0.620813710387355,"test","gex_pt.wohub","gex
+protein embeddings","without_hubness"
"3301","ACH-000202",0.596618960236039,"test","gex_pt.wohub","gex
+protein embeddings","without_hubness"
"3302","ACH-000204",0.627134046294995,"test","gex_pt.wohub","gex
+protein embeddings","without_hubness"
"3303","ACH-000206",0.599836474846979,"test","gex_pt.wohub","gex
+protein embeddings","without_hubness"
"3304","ACH-000207",0.608353275810093,"test","gex_pt.wohub","gex
+protein embeddings","without_hubness"
"3305","ACH-000209",0.601333220337049,"test","gex_pt.wohub","gex
+protein embeddings","without_hubness"
"3306","ACH-000211",0.630900600602502,"test","gex_pt.wohub","gex
+protein embeddings","without_hubness"
"3307","ACH-000212",0.600934013550345,"test","gex_pt.wohub","gex
+protein embeddings","without_hubness"
"3308","ACH-000213",0.612308464016824,"test","gex_pt.wohub","gex
+protein embeddings","without_hubness"
"3309","ACH-000215",0.640009087539889,"test","gex_pt.wohub","gex
+protein embeddings","without_hubness"
"3310","ACH-000216",0.648776037303638,"test","gex_pt.wohub","gex
+protein embeddings","without_hubness"
"3311","ACH-000217",0.634952384136833,"test","gex_pt.wohub","gex
+protein embeddings","without_hubness"
"3312","ACH-000219",0.665342780739515,"test","gex_pt.wohub","gex
+protein embeddings","without_hubness"
"3313","ACH-000221",0.614985631793223,"test","gex_pt.wohub","gex
+protein embeddings","without_hubness"
"3314","ACH-000222",0.616629981481811,"test","gex_pt.wohub","gex
+protein embeddings","without_hubness"
"3315","ACH-000223",0.62729532416704,"test","gex_pt.wohub","gex
+protein embeddings","without_hubness"
"3316","ACH-000226",0.623836458606626,"test","gex_pt.wohub","gex
+protein embeddings","without_hubness"
"3317","ACH-000227",0.591225388787452,"test","gex_pt.wohub","gex
+protein embeddings","without_hubness"
"3318","ACH-000228",0.604100103109426,"test","gex_pt.wohub","gex
+protein embeddings","without_hubness"
"3319","ACH-000231",0.627827507927009,"test","gex_pt.wohub","gex
+protein embeddings","without_hubness"
"3320","ACH-000232",0.653838846695788,"test","gex_pt.wohub","gex
+protein embeddings","without_hubness"
"3321","ACH-000233",0.635505060968494,"test","gex_pt.wohub","gex
+protein embeddings","without_hubness"
"3322","ACH-000234",0.600163606309281,"test","gex_pt.wohub","gex
+protein embeddings","without_hubness"
"3323","ACH-000235",0.626339644804259,"test","gex_pt.wohub","gex
+protein embeddings","without_hubness"
"3324","ACH-000237",0.612871741212199,"test","gex_pt.wohub","gex
+protein embeddings","without_hubness"
"3325","ACH-000238",0.637727960181679,"test","gex_pt.wohub","gex
+protein embeddings","without_hubness"
"3326","ACH-000243",0.651929640501291,"test","gex_pt.wohub","gex
+protein embeddings","without_hubness"
"3327","ACH-000244",0.599910632298157,"test","gex_pt.wohub","gex
+protein embeddings","without_hubness"
"3328","ACH-000246",0.648149695322619,"test","gex_pt.wohub","gex
+protein embeddings","without_hubness"
"3329","ACH-000247",0.613247382606313,"test","gex_pt.wohub","gex
+protein embeddings","without_hubness"
"3330","ACH-000248",0.620336839347287,"test","gex_pt.wohub","gex
+protein embeddings","without_hubness"
"3331","ACH-000249",0.635030639620869,"test","gex_pt.wohub","gex
+protein embeddings","without_hubness"
"3332","ACH-000250",0.634600466577244,"test","gex_pt.wohub","gex
+protein embeddings","without_hubness"
"3333","ACH-000251",0.571974647001578,"test","gex_pt.wohub","gex
+protein embeddings","without_hubness"
"3334","ACH-000252",0.632639666377464,"test","gex_pt.wohub","gex
+protein embeddings","without_hubness"
"3335","ACH-000253",0.625134712484298,"test","gex_pt.wohub","gex
+protein embeddings","without_hubness"
"3336","ACH-000255",0.633641059445352,"test","gex_pt.wohub","gex
+protein embeddings","without_hubness"
"3337","ACH-000256",0.607910992640091,"test","gex_pt.wohub","gex
+protein embeddings","without_hubness"
"3338","ACH-000257",0.586377610392871,"test","gex_pt.wohub","gex
+protein embeddings","without_hubness"
"3339","ACH-000258",0.549672264866322,"test","gex_pt.wohub","gex
+protein embeddings","without_hubness"
"3340","ACH-000259",0.645431421207028,"test","gex_pt.wohub","gex
+protein embeddings","without_hubness"
"3341","ACH-000260",0.642196766881154,"test","gex_pt.wohub","gex
+protein embeddings","without_hubness"
"3342","ACH-000261",0.630330950844991,"test","gex_pt.wohub","gex
+protein embeddings","without_hubness"
"3343","ACH-000262",0.604117172350439,"test","gex_pt.wohub","gex
+protein embeddings","without_hubness"
"3344","ACH-000263",0.582131422762744,"test","gex_pt.wohub","gex
+protein embeddings","without_hubness"
"3345","ACH-000264",0.623775877860925,"test","gex_pt.wohub","gex
+protein embeddings","without_hubness"
"3346","ACH-000265",0.647560444995171,"test","gex_pt.wohub","gex
+protein embeddings","without_hubness"
"3347","ACH-000266",0.620050655320379,"test","gex_pt.wohub","gex
+protein embeddings","without_hubness"
"3348","ACH-000269",0.598345448808758,"test","gex_pt.wohub","gex
+protein embeddings","without_hubness"
"3349","ACH-000271",0.636145692077862,"test","gex_pt.wohub","gex
+protein embeddings","without_hubness"
"3350","ACH-000272",0.61940363444463,"test","gex_pt.wohub","gex
+protein embeddings","without_hubness"
"3351","ACH-000273",0.627177174790784,"test","gex_pt.wohub","gex
+protein embeddings","without_hubness"
"3352","ACH-000274",0.601156294938509,"test","gex_pt.wohub","gex
+protein embeddings","without_hubness"
"3353","ACH-000276",0.606378052693264,"test","gex_pt.wohub","gex
+protein embeddings","without_hubness"
"3354","ACH-000277",0.60085134908275,"test","gex_pt.wohub","gex
+protein embeddings","without_hubness"
"3355","ACH-000278",0.602691552113935,"test","gex_pt.wohub","gex
+protein embeddings","without_hubness"
"3356","ACH-000279",0.635299085619892,"test","gex_pt.wohub","gex
+protein embeddings","without_hubness"
"3357","ACH-000280",0.57390523761614,"test","gex_pt.wohub","gex
+protein embeddings","without_hubness"
"3358","ACH-000281",0.578682932186701,"test","gex_pt.wohub","gex
+protein embeddings","without_hubness"
"3359","ACH-000282",0.610525371070817,"test","gex_pt.wohub","gex
+protein embeddings","without_hubness"
"3360","ACH-000286",0.602460468978143,"test","gex_pt.wohub","gex
+protein embeddings","without_hubness"
"3361","ACH-000288",0.626096718996623,"test","gex_pt.wohub","gex
+protein embeddings","without_hubness"
"3362","ACH-000290",0.646625984039825,"test","gex_pt.wohub","gex
+protein embeddings","without_hubness"
"3363","ACH-000291",0.626354577523999,"test","gex_pt.wohub","gex
+protein embeddings","without_hubness"
"3364","ACH-000292",0.616559999977394,"test","gex_pt.wohub","gex
+protein embeddings","without_hubness"
"3365","ACH-000293",0.631521112354428,"test","gex_pt.wohub","gex
+protein embeddings","without_hubness"
"3366","ACH-000294",0.575119541874365,"test","gex_pt.wohub","gex
+protein embeddings","without_hubness"
"3367","ACH-000295",0.606612795035619,"test","gex_pt.wohub","gex
+protein embeddings","without_hubness"
"3368","ACH-000296",0.596635550959433,"test","gex_pt.wohub","gex
+protein embeddings","without_hubness"
"3369","ACH-000302",0.642325883900173,"test","gex_pt.wohub","gex
+protein embeddings","without_hubness"
"3370","ACH-000303",0.631691792719015,"test","gex_pt.wohub","gex
+protein embeddings","without_hubness"
"3371","ACH-000304",0.588412012368644,"test","gex_pt.wohub","gex
+protein embeddings","without_hubness"
"3372","ACH-000305",0.632642503794005,"test","gex_pt.wohub","gex
+protein embeddings","without_hubness"
"3373","ACH-000307",0.640983199550611,"test","gex_pt.wohub","gex
+protein embeddings","without_hubness"
"3374","ACH-000308",0.608641807495137,"test","gex_pt.wohub","gex
+protein embeddings","without_hubness"
"3375","ACH-000310",0.566742703608628,"test","gex_pt.wohub","gex
+protein embeddings","without_hubness"
"3376","ACH-000311",0.616988183311667,"test","gex_pt.wohub","gex
+protein embeddings","without_hubness"
"3377","ACH-000312",0.633846604494365,"test","gex_pt.wohub","gex
+protein embeddings","without_hubness"
"3378","ACH-000313",0.619611161438388,"test","gex_pt.wohub","gex
+protein embeddings","without_hubness"
"3379","ACH-000315",0.601136455449167,"test","gex_pt.wohub","gex
+protein embeddings","without_hubness"
"3380","ACH-000316",0.606798085353051,"test","gex_pt.wohub","gex
+protein embeddings","without_hubness"
"3381","ACH-000317",0.57289309950081,"test","gex_pt.wohub","gex
+protein embeddings","without_hubness"
"3382","ACH-000318",0.643234431667093,"test","gex_pt.wohub","gex
+protein embeddings","without_hubness"
"3383","ACH-000319",0.619469536645195,"test","gex_pt.wohub","gex
+protein embeddings","without_hubness"
"3384","ACH-000320",0.639773911421779,"test","gex_pt.wohub","gex
+protein embeddings","without_hubness"
"3385","ACH-000322",0.593991341247449,"test","gex_pt.wohub","gex
+protein embeddings","without_hubness"
"3386","ACH-000323",0.636992518784269,"test","gex_pt.wohub","gex
+protein embeddings","without_hubness"
"3387","ACH-000324",0.625808274234457,"test","gex_pt.wohub","gex
+protein embeddings","without_hubness"
"3388","ACH-000325",0.61325241236684,"test","gex_pt.wohub","gex
+protein embeddings","without_hubness"
"3389","ACH-000326",0.636671573671762,"test","gex_pt.wohub","gex
+protein embeddings","without_hubness"
"3390","ACH-000329",0.628730730582662,"test","gex_pt.wohub","gex
+protein embeddings","without_hubness"
"3391","ACH-000330",0.601297488624726,"test","gex_pt.wohub","gex
+protein embeddings","without_hubness"
"3392","ACH-000331",0.637464050990412,"test","gex_pt.wohub","gex
+protein embeddings","without_hubness"
"3393","ACH-000332",0.630235623839902,"test","gex_pt.wohub","gex
+protein embeddings","without_hubness"
"3394","ACH-000334",0.59135729999582,"test","gex_pt.wohub","gex
+protein embeddings","without_hubness"
"3395","ACH-000335",0.620788722004653,"test","gex_pt.wohub","gex
+protein embeddings","without_hubness"
"3396","ACH-000336",0.636743523265831,"test","gex_pt.wohub","gex
+protein embeddings","without_hubness"
"3397","ACH-000337",0.631629425504613,"test","gex_pt.wohub","gex
+protein embeddings","without_hubness"
"3398","ACH-000339",0.636255755127434,"test","gex_pt.wohub","gex
+protein embeddings","without_hubness"
"3399","ACH-000341",0.619383283969414,"test","gex_pt.wohub","gex
+protein embeddings","without_hubness"
"3400","ACH-000343",0.617405409609728,"test","gex_pt.wohub","gex
+protein embeddings","without_hubness"
"3401","ACH-000344",0.614732217498087,"test","gex_pt.wohub","gex
+protein embeddings","without_hubness"
"3402","ACH-000346",0.60318395079907,"test","gex_pt.wohub","gex
+protein embeddings","without_hubness"
"3403","ACH-000348",0.633776006119345,"test","gex_pt.wohub","gex
+protein embeddings","without_hubness"
"3404","ACH-000352",0.6386343628626,"test","gex_pt.wohub","gex
+protein embeddings","without_hubness"
"3405","ACH-000354",0.605323608444204,"test","gex_pt.wohub","gex
+protein embeddings","without_hubness"
"3406","ACH-000355",0.565879532734893,"test","gex_pt.wohub","gex
+protein embeddings","without_hubness"
"3407","ACH-000356",0.614533520238561,"test","gex_pt.wohub","gex
+protein embeddings","without_hubness"
"3408","ACH-000359",0.589687047371842,"test","gex_pt.wohub","gex
+protein embeddings","without_hubness"
"3409","ACH-000361",0.593115576552802,"test","gex_pt.wohub","gex
+protein embeddings","without_hubness"
"3410","ACH-000362",0.626010355601766,"test","gex_pt.wohub","gex
+protein embeddings","without_hubness"
"3411","ACH-000363",0.624455294609766,"test","gex_pt.wohub","gex
+protein embeddings","without_hubness"
"3412","ACH-000364",0.637768598009227,"test","gex_pt.wohub","gex
+protein embeddings","without_hubness"
"3413","ACH-000365",0.639965939967374,"test","gex_pt.wohub","gex
+protein embeddings","without_hubness"
"3414","ACH-000366",0.610287162003317,"test","gex_pt.wohub","gex
+protein embeddings","without_hubness"
"3415","ACH-000367",0.589431999276834,"test","gex_pt.wohub","gex
+protein embeddings","without_hubness"
"3416","ACH-000368",0.609664718634451,"test","gex_pt.wohub","gex
+protein embeddings","without_hubness"
"3417","ACH-000370",0.582865144834224,"test","gex_pt.wohub","gex
+protein embeddings","without_hubness"
"3418","ACH-000371",0.640781920168508,"test","gex_pt.wohub","gex
+protein embeddings","without_hubness"
"3419","ACH-000374",0.615553561956715,"test","gex_pt.wohub","gex
+protein embeddings","without_hubness"
"3420","ACH-000375",0.608497801822027,"test","gex_pt.wohub","gex
+protein embeddings","without_hubness"
"3421","ACH-000376",0.651255607958331,"test","gex_pt.wohub","gex
+protein embeddings","without_hubness"
"3422","ACH-000377",0.621427451374634,"test","gex_pt.wohub","gex
+protein embeddings","without_hubness"
"3423","ACH-000378",0.62285534184299,"test","gex_pt.wohub","gex
+protein embeddings","without_hubness"
"3424","ACH-000381",0.6452357752416,"test","gex_pt.wohub","gex
+protein embeddings","without_hubness"
"3425","ACH-000383",0.639330172253088,"test","gex_pt.wohub","gex
+protein embeddings","without_hubness"
"3426","ACH-000385",0.596290223888684,"test","gex_pt.wohub","gex
+protein embeddings","without_hubness"
"3427","ACH-000387",0.622220556062483,"test","gex_pt.wohub","gex
+protein embeddings","without_hubness"
"3428","ACH-000389",0.593780102485787,"test","gex_pt.wohub","gex
+protein embeddings","without_hubness"
"3429","ACH-000390",0.606856227635622,"test","gex_pt.wohub","gex
+protein embeddings","without_hubness"
"3430","ACH-000391",0.652213124284453,"test","gex_pt.wohub","gex
+protein embeddings","without_hubness"
"3431","ACH-000393",0.602072062358869,"test","gex_pt.wohub","gex
+protein embeddings","without_hubness"
"3432","ACH-000395",0.641175028087794,"test","gex_pt.wohub","gex
+protein embeddings","without_hubness"
"3433","ACH-000396",0.61630495802989,"test","gex_pt.wohub","gex
+protein embeddings","without_hubness"
"3434","ACH-000397",0.609125093888696,"test","gex_pt.wohub","gex
+protein embeddings","without_hubness"
"3435","ACH-000398",0.611904973471884,"test","gex_pt.wohub","gex
+protein embeddings","without_hubness"
"3436","ACH-000401",0.612492015508453,"test","gex_pt.wohub","gex
+protein embeddings","without_hubness"
"3437","ACH-000402",0.587578272417449,"test","gex_pt.wohub","gex
+protein embeddings","without_hubness"
"3438","ACH-000403",0.617632181173802,"test","gex_pt.wohub","gex
+protein embeddings","without_hubness"
"3439","ACH-000404",0.621316725436391,"test","gex_pt.wohub","gex
+protein embeddings","without_hubness"
"3440","ACH-000405",0.62447023978595,"test","gex_pt.wohub","gex
+protein embeddings","without_hubness"
"3441","ACH-000406",0.663330356993597,"test","gex_pt.wohub","gex
+protein embeddings","without_hubness"
"3442","ACH-000407",0.611559309504886,"test","gex_pt.wohub","gex
+protein embeddings","without_hubness"
"3443","ACH-000408",0.640546731409354,"test","gex_pt.wohub","gex
+protein embeddings","without_hubness"
"3444","ACH-000410",0.635713341966664,"test","gex_pt.wohub","gex
+protein embeddings","without_hubness"
"3445","ACH-000411",0.63003569417837,"test","gex_pt.wohub","gex
+protein embeddings","without_hubness"
"3446","ACH-000414",0.644647017485196,"test","gex_pt.wohub","gex
+protein embeddings","without_hubness"
"3447","ACH-000415",0.610933541521001,"test","gex_pt.wohub","gex
+protein embeddings","without_hubness"
"3448","ACH-000416",0.63915874042983,"test","gex_pt.wohub","gex
+protein embeddings","without_hubness"
"3449","ACH-000417",0.637283003550787,"test","gex_pt.wohub","gex
+protein embeddings","without_hubness"
"3450","ACH-000420",0.620098801786212,"test","gex_pt.wohub","gex
+protein embeddings","without_hubness"
"3451","ACH-000421",0.636024870143759,"test","gex_pt.wohub","gex
+protein embeddings","without_hubness"
"3452","ACH-000422",0.620158534189087,"test","gex_pt.wohub","gex
+protein embeddings","without_hubness"
"3453","ACH-000424",0.640314605328651,"test","gex_pt.wohub","gex
+protein embeddings","without_hubness"
"3454","ACH-000425",0.626136401912327,"test","gex_pt.wohub","gex
+protein embeddings","without_hubness"
"3455","ACH-000426",0.589088894622032,"test","gex_pt.wohub","gex
+protein embeddings","without_hubness"
"3456","ACH-000427",0.648429975328127,"test","gex_pt.wohub","gex
+protein embeddings","without_hubness"
"3457","ACH-000430",0.641906650624091,"test","gex_pt.wohub","gex
+protein embeddings","without_hubness"
"3458","ACH-000431",0.636200048495334,"test","gex_pt.wohub","gex
+protein embeddings","without_hubness"
"3459","ACH-000433",0.596508005212975,"test","gex_pt.wohub","gex
+protein embeddings","without_hubness"
"3460","ACH-000434",0.610401161036648,"test","gex_pt.wohub","gex
+protein embeddings","without_hubness"
"3461","ACH-000435",0.589112511340879,"test","gex_pt.wohub","gex
+protein embeddings","without_hubness"
"3462","ACH-000436",0.606729777094731,"test","gex_pt.wohub","gex
+protein embeddings","without_hubness"
"3463","ACH-000437",0.635805295768656,"test","gex_pt.wohub","gex
+protein embeddings","without_hubness"
"3464","ACH-000438",0.624712804271204,"test","gex_pt.wohub","gex
+protein embeddings","without_hubness"
"3465","ACH-000441",0.626004995662021,"test","gex_pt.wohub","gex
+protein embeddings","without_hubness"
"3466","ACH-000442",0.612528898502952,"test","gex_pt.wohub","gex
+protein embeddings","without_hubness"
"3467","ACH-000444",0.644327853641266,"test","gex_pt.wohub","gex
+protein embeddings","without_hubness"
"3468","ACH-000445",0.614840803268629,"test","gex_pt.wohub","gex
+protein embeddings","without_hubness"
"3469","ACH-000448",0.622117491040834,"test","gex_pt.wohub","gex
+protein embeddings","without_hubness"
"3470","ACH-000450",0.603296374605611,"test","gex_pt.wohub","gex
+protein embeddings","without_hubness"
"3471","ACH-000452",0.64553651234916,"test","gex_pt.wohub","gex
+protein embeddings","without_hubness"
"3472","ACH-000454",0.594922102702022,"test","gex_pt.wohub","gex
+protein embeddings","without_hubness"
"3473","ACH-000455",0.656013723228327,"test","gex_pt.wohub","gex
+protein embeddings","without_hubness"
"3474","ACH-000456",0.647765633006587,"test","gex_pt.wohub","gex
+protein embeddings","without_hubness"
"3475","ACH-000458",0.645630640405309,"test","gex_pt.wohub","gex
+protein embeddings","without_hubness"
"3476","ACH-000460",0.638600829488726,"test","gex_pt.wohub","gex
+protein embeddings","without_hubness"
"3477","ACH-000461",0.617190923902412,"test","gex_pt.wohub","gex
+protein embeddings","without_hubness"
"3478","ACH-000463",0.615000766208175,"test","gex_pt.wohub","gex
+protein embeddings","without_hubness"
"3479","ACH-000464",0.622783458191091,"test","gex_pt.wohub","gex
+protein embeddings","without_hubness"
"3480","ACH-000466",0.582817502850649,"test","gex_pt.wohub","gex
+protein embeddings","without_hubness"
"3481","ACH-000467",0.632132911425707,"test","gex_pt.wohub","gex
+protein embeddings","without_hubness"
"3482","ACH-000468",0.590268543951685,"test","gex_pt.wohub","gex
+protein embeddings","without_hubness"
"3483","ACH-000469",0.648914388705556,"test","gex_pt.wohub","gex
+protein embeddings","without_hubness"
"3484","ACH-000470",0.596296777781074,"test","gex_pt.wohub","gex
+protein embeddings","without_hubness"
"3485","ACH-000471",0.624228006390731,"test","gex_pt.wohub","gex
+protein embeddings","without_hubness"
"3486","ACH-000472",0.640842419446388,"test","gex_pt.wohub","gex
+protein embeddings","without_hubness"
"3487","ACH-000473",0.593554563908717,"test","gex_pt.wohub","gex
+protein embeddings","without_hubness"
"3488","ACH-000475",0.648543952910201,"test","gex_pt.wohub","gex
+protein embeddings","without_hubness"
"3489","ACH-000476",0.621291981111382,"test","gex_pt.wohub","gex
+protein embeddings","without_hubness"
"3490","ACH-000477",0.592496170069855,"test","gex_pt.wohub","gex
+protein embeddings","without_hubness"
"3491","ACH-000478",0.620233662315686,"test","gex_pt.wohub","gex
+protein embeddings","without_hubness"
"3492","ACH-000479",0.57661715282184,"test","gex_pt.wohub","gex
+protein embeddings","without_hubness"
"3493","ACH-000480",0.629200561573335,"test","gex_pt.wohub","gex
+protein embeddings","without_hubness"
"3494","ACH-000481",0.623177428521959,"test","gex_pt.wohub","gex
+protein embeddings","without_hubness"
"3495","ACH-000483",0.602717764136729,"test","gex_pt.wohub","gex
+protein embeddings","without_hubness"
"3496","ACH-000484",0.579909402547183,"test","gex_pt.wohub","gex
+protein embeddings","without_hubness"
"3497","ACH-000485",0.6098669103794,"test","gex_pt.wohub","gex
+protein embeddings","without_hubness"
"3498","ACH-000486",0.655878334615321,"test","gex_pt.wohub","gex
+protein embeddings","without_hubness"
"3499","ACH-000487",0.634832349621049,"test","gex_pt.wohub","gex
+protein embeddings","without_hubness"
"3500","ACH-000488",0.661504012723171,"test","gex_pt.wohub","gex
+protein embeddings","without_hubness"
"3501","ACH-000489",0.615125183971506,"test","gex_pt.wohub","gex
+protein embeddings","without_hubness"
"3502","ACH-000490",0.636575605282477,"test","gex_pt.wohub","gex
+protein embeddings","without_hubness"
"3503","ACH-000491",0.591996983989909,"test","gex_pt.wohub","gex
+protein embeddings","without_hubness"
"3504","ACH-000493",0.618271781236161,"test","gex_pt.wohub","gex
+protein embeddings","without_hubness"
"3505","ACH-000495",0.607505204326588,"test","gex_pt.wohub","gex
+protein embeddings","without_hubness"
"3506","ACH-000496",0.602147575294359,"test","gex_pt.wohub","gex
+protein embeddings","without_hubness"
"3507","ACH-000499",0.615280043448782,"test","gex_pt.wohub","gex
+protein embeddings","without_hubness"
"3508","ACH-000500",0.608124667818058,"test","gex_pt.wohub","gex
+protein embeddings","without_hubness"
"3509","ACH-000501",0.641618599001144,"test","gex_pt.wohub","gex
+protein embeddings","without_hubness"
"3510","ACH-000502",0.62844349384288,"test","gex_pt.wohub","gex
+protein embeddings","without_hubness"
"3511","ACH-000503",0.609167713757403,"test","gex_pt.wohub","gex
+protein embeddings","without_hubness"
"3512","ACH-000504",0.613332372544757,"test","gex_pt.wohub","gex
+protein embeddings","without_hubness"
"3513","ACH-000505",0.605694216486016,"test","gex_pt.wohub","gex
+protein embeddings","without_hubness"
"3514","ACH-000507",0.64290863928607,"test","gex_pt.wohub","gex
+protein embeddings","without_hubness"
"3515","ACH-000510",0.640430125699585,"test","gex_pt.wohub","gex
+protein embeddings","without_hubness"
"3516","ACH-000511",0.625323509959528,"test","gex_pt.wohub","gex
+protein embeddings","without_hubness"
"3517","ACH-000512",0.591582879866156,"test","gex_pt.wohub","gex
+protein embeddings","without_hubness"
"3518","ACH-000514",0.622023696071731,"test","gex_pt.wohub","gex
+protein embeddings","without_hubness"
"3519","ACH-000516",0.612961740760287,"test","gex_pt.wohub","gex
+protein embeddings","without_hubness"
"3520","ACH-000517",0.628221353904664,"test","gex_pt.wohub","gex
+protein embeddings","without_hubness"
"3521","ACH-000518",0.654032638895959,"test","gex_pt.wohub","gex
+protein embeddings","without_hubness"
"3522","ACH-000520",0.602019018786355,"test","gex_pt.wohub","gex
+protein embeddings","without_hubness"
"3523","ACH-000521",0.58303345974182,"test","gex_pt.wohub","gex
+protein embeddings","without_hubness"
"3524","ACH-000522",0.649289391006662,"test","gex_pt.wohub","gex
+protein embeddings","without_hubness"
"3525","ACH-000524",0.6303635494639,"test","gex_pt.wohub","gex
+protein embeddings","without_hubness"
"3526","ACH-000525",0.62941133338898,"test","gex_pt.wohub","gex
+protein embeddings","without_hubness"
"3527","ACH-000527",0.65359598850054,"test","gex_pt.wohub","gex
+protein embeddings","without_hubness"
"3528","ACH-000528",0.655298141155334,"test","gex_pt.wohub","gex
+protein embeddings","without_hubness"
"3529","ACH-000532",0.610615901664267,"test","gex_pt.wohub","gex
+protein embeddings","without_hubness"
"3530","ACH-000533",0.605028535471248,"test","gex_pt.wohub","gex
+protein embeddings","without_hubness"
"3531","ACH-000535",0.643762080131563,"test","gex_pt.wohub","gex
+protein embeddings","without_hubness"
"3532","ACH-000537",0.639658917249845,"test","gex_pt.wohub","gex
+protein embeddings","without_hubness"
"3533","ACH-000541",0.601252180750654,"test","gex_pt.wohub","gex
+protein embeddings","without_hubness"
"3534","ACH-000542",0.633316144013928,"test","gex_pt.wohub","gex
+protein embeddings","without_hubness"
"3535","ACH-000544",0.647941750930622,"test","gex_pt.wohub","gex
+protein embeddings","without_hubness"
"3536","ACH-000545",0.637377544780572,"test","gex_pt.wohub","gex
+protein embeddings","without_hubness"
"3537","ACH-000546",0.639680605529879,"test","gex_pt.wohub","gex
+protein embeddings","without_hubness"
"3538","ACH-000547",0.621383859590549,"test","gex_pt.wohub","gex
+protein embeddings","without_hubness"
"3539","ACH-000548",0.633616229168191,"test","gex_pt.wohub","gex
+protein embeddings","without_hubness"
"3540","ACH-000549",0.628311032716786,"test","gex_pt.wohub","gex
+protein embeddings","without_hubness"
"3541","ACH-000550",0.5982149777552,"test","gex_pt.wohub","gex
+protein embeddings","without_hubness"
"3542","ACH-000551",0.606784999322845,"test","gex_pt.wohub","gex
+protein embeddings","without_hubness"
"3543","ACH-000552",0.644821021496596,"test","gex_pt.wohub","gex
+protein embeddings","without_hubness"
"3544","ACH-000554",0.60502236551521,"test","gex_pt.wohub","gex
+protein embeddings","without_hubness"
"3545","ACH-000556",0.623973827304982,"test","gex_pt.wohub","gex
+protein embeddings","without_hubness"
"3546","ACH-000557",0.586083867331832,"test","gex_pt.wohub","gex
+protein embeddings","without_hubness"
"3547","ACH-000558",0.608040252453595,"test","gex_pt.wohub","gex
+protein embeddings","without_hubness"
"3548","ACH-000559",0.590630610438515,"test","gex_pt.wohub","gex
+protein embeddings","without_hubness"
"3549","ACH-000561",0.634424360333859,"test","gex_pt.wohub","gex
+protein embeddings","without_hubness"
"3550","ACH-000562",0.597291567920614,"test","gex_pt.wohub","gex
+protein embeddings","without_hubness"
"3551","ACH-000563",0.609213650281726,"test","gex_pt.wohub","gex
+protein embeddings","without_hubness"
"3552","ACH-000565",0.615369723557787,"test","gex_pt.wohub","gex
+protein embeddings","without_hubness"
"3553","ACH-000567",0.63515488031435,"test","gex_pt.wohub","gex
+protein embeddings","without_hubness"
"3554","ACH-000570",0.621490178058409,"test","gex_pt.wohub","gex
+protein embeddings","without_hubness"
"3555","ACH-000571",0.640178252627371,"test","gex_pt.wohub","gex
+protein embeddings","without_hubness"
"3556","ACH-000573",0.657758667072815,"test","gex_pt.wohub","gex
+protein embeddings","without_hubness"
"3557","ACH-000576",0.61219894331585,"test","gex_pt.wohub","gex
+protein embeddings","without_hubness"
"3558","ACH-000577",0.585925971696709,"test","gex_pt.wohub","gex
+protein embeddings","without_hubness"
"3559","ACH-000579",0.602556446916068,"test","gex_pt.wohub","gex
+protein embeddings","without_hubness"
"3560","ACH-000580",0.592504112792026,"test","gex_pt.wohub","gex
+protein embeddings","without_hubness"
"3561","ACH-000581",0.629723592247657,"test","gex_pt.wohub","gex
+protein embeddings","without_hubness"
"3562","ACH-000584",0.643952052366129,"test","gex_pt.wohub","gex
+protein embeddings","without_hubness"
"3563","ACH-000585",0.610913182354657,"test","gex_pt.wohub","gex
+protein embeddings","without_hubness"
"3564","ACH-000587",0.629073063296126,"test","gex_pt.wohub","gex
+protein embeddings","without_hubness"
"3565","ACH-000588",0.618162687209574,"test","gex_pt.wohub","gex
+protein embeddings","without_hubness"
"3566","ACH-000589",0.649160190575827,"test","gex_pt.wohub","gex
+protein embeddings","without_hubness"
"3567","ACH-000591",0.609626571467325,"test","gex_pt.wohub","gex
+protein embeddings","without_hubness"
"3568","ACH-000592",0.604514076802208,"test","gex_pt.wohub","gex
+protein embeddings","without_hubness"
"3569","ACH-000593",0.620442533377196,"test","gex_pt.wohub","gex
+protein embeddings","without_hubness"
"3570","ACH-000595",0.629217781766299,"test","gex_pt.wohub","gex
+protein embeddings","without_hubness"
"3571","ACH-000596",0.637658637654895,"test","gex_pt.wohub","gex
+protein embeddings","without_hubness"
"3572","ACH-000597",0.593235893428304,"test","gex_pt.wohub","gex
+protein embeddings","without_hubness"
"3573","ACH-000599",0.619924152845368,"test","gex_pt.wohub","gex
+protein embeddings","without_hubness"
"3574","ACH-000600",0.605560899171717,"test","gex_pt.wohub","gex
+protein embeddings","without_hubness"
"3575","ACH-000601",0.650785444315938,"test","gex_pt.wohub","gex
+protein embeddings","without_hubness"
"3576","ACH-000602",0.618899459688463,"test","gex_pt.wohub","gex
+protein embeddings","without_hubness"
"3577","ACH-000604",0.585999721222289,"test","gex_pt.wohub","gex
+protein embeddings","without_hubness"
"3578","ACH-000605",0.609609537547077,"test","gex_pt.wohub","gex
+protein embeddings","without_hubness"
"3579","ACH-000606",0.627074527115895,"test","gex_pt.wohub","gex
+protein embeddings","without_hubness"
"3580","ACH-000607",0.610002935482579,"test","gex_pt.wohub","gex
+protein embeddings","without_hubness"
"3581","ACH-000609",0.615944848957015,"test","gex_pt.wohub","gex
+protein embeddings","without_hubness"
"3582","ACH-000614",0.618422537194879,"test","gex_pt.wohub","gex
+protein embeddings","without_hubness"
"3583","ACH-000616",0.607795222692154,"test","gex_pt.wohub","gex
+protein embeddings","without_hubness"
"3584","ACH-000618",0.64346355842629,"test","gex_pt.wohub","gex
+protein embeddings","without_hubness"
"3585","ACH-000619",0.630010488345863,"test","gex_pt.wohub","gex
+protein embeddings","without_hubness"
"3586","ACH-000620",0.637220602695243,"test","gex_pt.wohub","gex
+protein embeddings","without_hubness"
"3587","ACH-000621",0.609368147360748,"test","gex_pt.wohub","gex
+protein embeddings","without_hubness"
"3588","ACH-000622",0.595333336636776,"test","gex_pt.wohub","gex
+protein embeddings","without_hubness"
"3589","ACH-000623",0.611588437900225,"test","gex_pt.wohub","gex
+protein embeddings","without_hubness"
"3590","ACH-000624",0.647616109088583,"test","gex_pt.wohub","gex
+protein embeddings","without_hubness"
"3591","ACH-000627",0.635926932213153,"test","gex_pt.wohub","gex
+protein embeddings","without_hubness"
"3592","ACH-000630",0.643031656291641,"test","gex_pt.wohub","gex
+protein embeddings","without_hubness"
"3593","ACH-000632",0.632505811016706,"test","gex_pt.wohub","gex
+protein embeddings","without_hubness"
"3594","ACH-000633",0.623399759078535,"test","gex_pt.wohub","gex
+protein embeddings","without_hubness"
"3595","ACH-000634",0.628802883855127,"test","gex_pt.wohub","gex
+protein embeddings","without_hubness"
"3596","ACH-000637",0.617657919963203,"test","gex_pt.wohub","gex
+protein embeddings","without_hubness"
"3597","ACH-000638",0.624025852156748,"test","gex_pt.wohub","gex
+protein embeddings","without_hubness"
"3598","ACH-000639",0.649458321982909,"test","gex_pt.wohub","gex
+protein embeddings","without_hubness"
"3599","ACH-000645",0.610608294690003,"test","gex_pt.wohub","gex
+protein embeddings","without_hubness"
"3600","ACH-000646",0.590698250273042,"test","gex_pt.wohub","gex
+protein embeddings","without_hubness"
"3601","ACH-000647",0.636450140255182,"test","gex_pt.wohub","gex
+protein embeddings","without_hubness"
"3602","ACH-000648",0.605717863686891,"test","gex_pt.wohub","gex
+protein embeddings","without_hubness"
"3603","ACH-000649",0.634416223734981,"test","gex_pt.wohub","gex
+protein embeddings","without_hubness"
"3604","ACH-000651",0.635677656905884,"test","gex_pt.wohub","gex
+protein embeddings","without_hubness"
"3605","ACH-000652",0.619341205386245,"test","gex_pt.wohub","gex
+protein embeddings","without_hubness"
"3606","ACH-000653",0.626704532374324,"test","gex_pt.wohub","gex
+protein embeddings","without_hubness"
"3607","ACH-000654",0.624861962747597,"test","gex_pt.wohub","gex
+protein embeddings","without_hubness"
"3608","ACH-000655",0.636787103424838,"test","gex_pt.wohub","gex
+protein embeddings","without_hubness"
"3609","ACH-000656",0.626534539668306,"test","gex_pt.wohub","gex
+protein embeddings","without_hubness"
"3610","ACH-000657",0.660620528016273,"test","gex_pt.wohub","gex
+protein embeddings","without_hubness"
"3611","ACH-000658",0.616659876560779,"test","gex_pt.wohub","gex
+protein embeddings","without_hubness"
"3612","ACH-000660",0.643055871405129,"test","gex_pt.wohub","gex
+protein embeddings","without_hubness"
"3613","ACH-000661",0.612188762663574,"test","gex_pt.wohub","gex
+protein embeddings","without_hubness"
"3614","ACH-000662",0.629912729383153,"test","gex_pt.wohub","gex
+protein embeddings","without_hubness"
"3615","ACH-000663",0.582392958601868,"test","gex_pt.wohub","gex
+protein embeddings","without_hubness"
"3616","ACH-000664",0.638388979477573,"test","gex_pt.wohub","gex
+protein embeddings","without_hubness"
"3617","ACH-000665",0.614635699595563,"test","gex_pt.wohub","gex
+protein embeddings","without_hubness"
"3618","ACH-000666",0.629717728573365,"test","gex_pt.wohub","gex
+protein embeddings","without_hubness"
"3619","ACH-000667",0.624682515943466,"test","gex_pt.wohub","gex
+protein embeddings","without_hubness"
"3620","ACH-000668",0.593258123727489,"test","gex_pt.wohub","gex
+protein embeddings","without_hubness"
"3621","ACH-000671",0.623020951673331,"test","gex_pt.wohub","gex
+protein embeddings","without_hubness"
"3622","ACH-000673",0.628485627014776,"test","gex_pt.wohub","gex
+protein embeddings","without_hubness"
"3623","ACH-000676",0.637954362849733,"test","gex_pt.wohub","gex
+protein embeddings","without_hubness"
"3624","ACH-000677",0.629270023274452,"test","gex_pt.wohub","gex
+protein embeddings","without_hubness"
"3625","ACH-000680",0.586741575325241,"test","gex_pt.wohub","gex
+protein embeddings","without_hubness"
"3626","ACH-000681",0.635477274203574,"test","gex_pt.wohub","gex
+protein embeddings","without_hubness"
"3627","ACH-000682",0.639958446521324,"test","gex_pt.wohub","gex
+protein embeddings","without_hubness"
"3628","ACH-000683",0.611074007201153,"test","gex_pt.wohub","gex
+protein embeddings","without_hubness"
"3629","ACH-000684",0.592581293619272,"test","gex_pt.wohub","gex
+protein embeddings","without_hubness"
"3630","ACH-000685",0.615581290135194,"test","gex_pt.wohub","gex
+protein embeddings","without_hubness"
"3631","ACH-000693",0.639209053359442,"test","gex_pt.wohub","gex
+protein embeddings","without_hubness"
"3632","ACH-000694",0.646835762031533,"test","gex_pt.wohub","gex
+protein embeddings","without_hubness"
"3633","ACH-000695",0.604298436589724,"test","gex_pt.wohub","gex
+protein embeddings","without_hubness"
"3634","ACH-000696",0.659579993890564,"test","gex_pt.wohub","gex
+protein embeddings","without_hubness"
"3635","ACH-000697",0.621390716165126,"test","gex_pt.wohub","gex
+protein embeddings","without_hubness"
"3636","ACH-000698",0.640070732966557,"test","gex_pt.wohub","gex
+protein embeddings","without_hubness"
"3637","ACH-000699",0.630278883792114,"test","gex_pt.wohub","gex
+protein embeddings","without_hubness"
"3638","ACH-000700",0.581989541528883,"test","gex_pt.wohub","gex
+protein embeddings","without_hubness"
"3639","ACH-000701",0.588397896862794,"test","gex_pt.wohub","gex
+protein embeddings","without_hubness"
"3640","ACH-000702",0.620160205572776,"test","gex_pt.wohub","gex
+protein embeddings","without_hubness"
"3641","ACH-000704",0.593991242277198,"test","gex_pt.wohub","gex
+protein embeddings","without_hubness"
"3642","ACH-000706",0.640117417377799,"test","gex_pt.wohub","gex
+protein embeddings","without_hubness"
"3643","ACH-000709",0.582809116339433,"test","gex_pt.wohub","gex
+protein embeddings","without_hubness"
"3644","ACH-000711",0.63725403633108,"test","gex_pt.wohub","gex
+protein embeddings","without_hubness"
"3645","ACH-000713",0.596325256811969,"test","gex_pt.wohub","gex
+protein embeddings","without_hubness"
"3646","ACH-000714",0.619999796559246,"test","gex_pt.wohub","gex
+protein embeddings","without_hubness"
"3647","ACH-000716",0.629447490147543,"test","gex_pt.wohub","gex
+protein embeddings","without_hubness"
"3648","ACH-000717",0.609580381898897,"test","gex_pt.wohub","gex
+protein embeddings","without_hubness"
"3649","ACH-000718",0.605115280557223,"test","gex_pt.wohub","gex
+protein embeddings","without_hubness"
"3650","ACH-000719",0.632220597381391,"test","gex_pt.wohub","gex
+protein embeddings","without_hubness"
"3651","ACH-000720",0.640171687540229,"test","gex_pt.wohub","gex
+protein embeddings","without_hubness"
"3652","ACH-000721",0.636512300595908,"test","gex_pt.wohub","gex
+protein embeddings","without_hubness"
"3653","ACH-000722",0.616750143305625,"test","gex_pt.wohub","gex
+protein embeddings","without_hubness"
"3654","ACH-000724",0.597079303556942,"test","gex_pt.wohub","gex
+protein embeddings","without_hubness"
"3655","ACH-000725",0.573759810117947,"test","gex_pt.wohub","gex
+protein embeddings","without_hubness"
"3656","ACH-000732",0.624467224977617,"test","gex_pt.wohub","gex
+protein embeddings","without_hubness"
"3657","ACH-000734",0.63231452342519,"test","gex_pt.wohub","gex
+protein embeddings","without_hubness"
"3658","ACH-000735",0.631802833580207,"test","gex_pt.wohub","gex
+protein embeddings","without_hubness"
"3659","ACH-000736",0.63241234788146,"test","gex_pt.wohub","gex
+protein embeddings","without_hubness"
"3660","ACH-000738",0.657059385657077,"test","gex_pt.wohub","gex
+protein embeddings","without_hubness"
"3661","ACH-000739",0.622594156436805,"test","gex_pt.wohub","gex
+protein embeddings","without_hubness"
"3662","ACH-000740",0.636034759977125,"test","gex_pt.wohub","gex
+protein embeddings","without_hubness"
"3663","ACH-000741",0.635457381404882,"test","gex_pt.wohub","gex
+protein embeddings","without_hubness"
"3664","ACH-000746",0.620438156256888,"test","gex_pt.wohub","gex
+protein embeddings","without_hubness"
"3665","ACH-000747",0.643778283604464,"test","gex_pt.wohub","gex
+protein embeddings","without_hubness"
"3666","ACH-000748",0.628328769899482,"test","gex_pt.wohub","gex
+protein embeddings","without_hubness"
"3667","ACH-000753",0.64520740742355,"test","gex_pt.wohub","gex
+protein embeddings","without_hubness"
"3668","ACH-000754",0.602124310607069,"test","gex_pt.wohub","gex
+protein embeddings","without_hubness"
"3669","ACH-000756",0.627419955974255,"test","gex_pt.wohub","gex
+protein embeddings","without_hubness"
"3670","ACH-000757",0.594090464794683,"test","gex_pt.wohub","gex
+protein embeddings","without_hubness"
"3671","ACH-000758",0.634894450068772,"test","gex_pt.wohub","gex
+protein embeddings","without_hubness"
"3672","ACH-000760",0.63551567856958,"test","gex_pt.wohub","gex
+protein embeddings","without_hubness"
"3673","ACH-000762",0.608701547370787,"test","gex_pt.wohub","gex
+protein embeddings","without_hubness"
"3674","ACH-000763",0.611194151331912,"test","gex_pt.wohub","gex
+protein embeddings","without_hubness"
"3675","ACH-000764",0.610710296002735,"test","gex_pt.wohub","gex
+protein embeddings","without_hubness"
"3676","ACH-000765",0.608030481952294,"test","gex_pt.wohub","gex
+protein embeddings","without_hubness"
"3677","ACH-000766",0.606675942877834,"test","gex_pt.wohub","gex
+protein embeddings","without_hubness"
"3678","ACH-000767",0.603602856111269,"test","gex_pt.wohub","gex
+protein embeddings","without_hubness"
"3679","ACH-000768",0.641565896715442,"test","gex_pt.wohub","gex
+protein embeddings","without_hubness"
"3680","ACH-000769",0.643187532977414,"test","gex_pt.wohub","gex
+protein embeddings","without_hubness"
"3681","ACH-000770",0.643794919677673,"test","gex_pt.wohub","gex
+protein embeddings","without_hubness"
"3682","ACH-000771",0.648139916740347,"test","gex_pt.wohub","gex
+protein embeddings","without_hubness"
"3683","ACH-000773",0.617531718761857,"test","gex_pt.wohub","gex
+protein embeddings","without_hubness"
"3684","ACH-000774",0.594005425664582,"test","gex_pt.wohub","gex
+protein embeddings","without_hubness"
"3685","ACH-000775",0.641636638869314,"test","gex_pt.wohub","gex
+protein embeddings","without_hubness"
"3686","ACH-000776",0.617885728347621,"test","gex_pt.wohub","gex
+protein embeddings","without_hubness"
"3687","ACH-000777",0.625107042289995,"test","gex_pt.wohub","gex
+protein embeddings","without_hubness"
"3688","ACH-000778",0.623191338671228,"test","gex_pt.wohub","gex
+protein embeddings","without_hubness"
"3689","ACH-000781",0.634120276637649,"test","gex_pt.wohub","gex
+protein embeddings","without_hubness"
"3690","ACH-000782",0.626343132685082,"test","gex_pt.wohub","gex
+protein embeddings","without_hubness"
"3691","ACH-000783",0.576831539761827,"test","gex_pt.wohub","gex
+protein embeddings","without_hubness"
"3692","ACH-000784",0.645043762269387,"test","gex_pt.wohub","gex
+protein embeddings","without_hubness"
"3693","ACH-000785",0.593261952614466,"test","gex_pt.wohub","gex
+protein embeddings","without_hubness"
"3694","ACH-000787",0.646540722051224,"test","gex_pt.wohub","gex
+protein embeddings","without_hubness"
"3695","ACH-000788",0.646227372836821,"test","gex_pt.wohub","gex
+protein embeddings","without_hubness"
"3696","ACH-000790",0.626850653767014,"test","gex_pt.wohub","gex
+protein embeddings","without_hubness"
"3697","ACH-000791",0.608253671511946,"test","gex_pt.wohub","gex
+protein embeddings","without_hubness"
"3698","ACH-000792",0.621291254661371,"test","gex_pt.wohub","gex
+protein embeddings","without_hubness"
"3699","ACH-000793",0.645008312347617,"test","gex_pt.wohub","gex
+protein embeddings","without_hubness"
"3700","ACH-000794",0.63644408419591,"test","gex_pt.wohub","gex
+protein embeddings","without_hubness"
"3701","ACH-000796",0.632309406476078,"test","gex_pt.wohub","gex
+protein embeddings","without_hubness"
"3702","ACH-000799",0.592710969655795,"test","gex_pt.wohub","gex
+protein embeddings","without_hubness"
"3703","ACH-000800",0.595623921584252,"test","gex_pt.wohub","gex
+protein embeddings","without_hubness"
"3704","ACH-000801",0.633134347537505,"test","gex_pt.wohub","gex
+protein embeddings","without_hubness"
"3705","ACH-000802",0.639153037041342,"test","gex_pt.wohub","gex
+protein embeddings","without_hubness"
"3706","ACH-000804",0.594618113951112,"test","gex_pt.wohub","gex
+protein embeddings","without_hubness"
"3707","ACH-000805",0.618240170171296,"test","gex_pt.wohub","gex
+protein embeddings","without_hubness"
"3708","ACH-000807",0.617907869336549,"test","gex_pt.wohub","gex
+protein embeddings","without_hubness"
"3709","ACH-000809",0.634251354987474,"test","gex_pt.wohub","gex
+protein embeddings","without_hubness"
"3710","ACH-000810",0.590427557396831,"test","gex_pt.wohub","gex
+protein embeddings","without_hubness"
"3711","ACH-000811",0.602441906553945,"test","gex_pt.wohub","gex
+protein embeddings","without_hubness"
"3712","ACH-000817",0.629908755312334,"test","gex_pt.wohub","gex
+protein embeddings","without_hubness"
"3713","ACH-000819",0.627264465769502,"test","gex_pt.wohub","gex
+protein embeddings","without_hubness"
"3714","ACH-000820",0.61420529779605,"test","gex_pt.wohub","gex
+protein embeddings","without_hubness"
"3715","ACH-000821",0.590024223601949,"test","gex_pt.wohub","gex
+protein embeddings","without_hubness"
"3716","ACH-000822",0.605561729807101,"test","gex_pt.wohub","gex
+protein embeddings","without_hubness"
"3717","ACH-000823",0.645726923001939,"test","gex_pt.wohub","gex
+protein embeddings","without_hubness"
"3718","ACH-000824",0.612566355340765,"test","gex_pt.wohub","gex
+protein embeddings","without_hubness"
"3719","ACH-000826",0.602990767930708,"test","gex_pt.wohub","gex
+protein embeddings","without_hubness"
"3720","ACH-000827",0.622556107160463,"test","gex_pt.wohub","gex
+protein embeddings","without_hubness"
"3721","ACH-000829",0.617646443292885,"test","gex_pt.wohub","gex
+protein embeddings","without_hubness"
"3722","ACH-000831",0.647000355208062,"test","gex_pt.wohub","gex
+protein embeddings","without_hubness"
"3723","ACH-000832",0.639683261747996,"test","gex_pt.wohub","gex
+protein embeddings","without_hubness"
"3724","ACH-000833",0.611914817213548,"test","gex_pt.wohub","gex
+protein embeddings","without_hubness"
"3725","ACH-000834",0.627106310839141,"test","gex_pt.wohub","gex
+protein embeddings","without_hubness"
"3726","ACH-000835",0.650033754891079,"test","gex_pt.wohub","gex
+protein embeddings","without_hubness"
"3727","ACH-000836",0.625295548757918,"test","gex_pt.wohub","gex
+protein embeddings","without_hubness"
"3728","ACH-000837",0.643950206306692,"test","gex_pt.wohub","gex
+protein embeddings","without_hubness"
"3729","ACH-000838",0.597112126116843,"test","gex_pt.wohub","gex
+protein embeddings","without_hubness"
"3730","ACH-000839",0.612415625191492,"test","gex_pt.wohub","gex
+protein embeddings","without_hubness"
"3731","ACH-000840",0.581711148037668,"test","gex_pt.wohub","gex
+protein embeddings","without_hubness"
"3732","ACH-000841",0.63532075666428,"test","gex_pt.wohub","gex
+protein embeddings","without_hubness"
"3733","ACH-000843",0.653281231758189,"test","gex_pt.wohub","gex
+protein embeddings","without_hubness"
"3734","ACH-000845",0.632480414890972,"test","gex_pt.wohub","gex
+protein embeddings","without_hubness"
"3735","ACH-000846",0.641204039320348,"test","gex_pt.wohub","gex
+protein embeddings","without_hubness"
"3736","ACH-000847",0.634418453631315,"test","gex_pt.wohub","gex
+protein embeddings","without_hubness"
"3737","ACH-000848",0.650993003363989,"test","gex_pt.wohub","gex
+protein embeddings","without_hubness"
"3738","ACH-000849",0.64988801820701,"test","gex_pt.wohub","gex
+protein embeddings","without_hubness"
"3739","ACH-000851",0.630988437877549,"test","gex_pt.wohub","gex
+protein embeddings","without_hubness"
"3740","ACH-000853",0.65366886738088,"test","gex_pt.wohub","gex
+protein embeddings","without_hubness"
"3741","ACH-000854",0.60831106277684,"test","gex_pt.wohub","gex
+protein embeddings","without_hubness"
"3742","ACH-000855",0.622490272000915,"test","gex_pt.wohub","gex
+protein embeddings","without_hubness"
"3743","ACH-000856",0.635736827230458,"test","gex_pt.wohub","gex
+protein embeddings","without_hubness"
"3744","ACH-000858",0.648977878353034,"test","gex_pt.wohub","gex
+protein embeddings","without_hubness"
"3745","ACH-000859",0.612232510994863,"test","gex_pt.wohub","gex
+protein embeddings","without_hubness"
"3746","ACH-000860",0.62792834674712,"test","gex_pt.wohub","gex
+protein embeddings","without_hubness"
"3747","ACH-000861",0.633379395511062,"test","gex_pt.wohub","gex
+protein embeddings","without_hubness"
"3748","ACH-000862",0.627767235081489,"test","gex_pt.wohub","gex
+protein embeddings","without_hubness"
"3749","ACH-000863",0.617116475008158,"test","gex_pt.wohub","gex
+protein embeddings","without_hubness"
"3750","ACH-000864",0.641088903944463,"test","gex_pt.wohub","gex
+protein embeddings","without_hubness"
"3751","ACH-000865",0.644484294019704,"test","gex_pt.wohub","gex
+protein embeddings","without_hubness"
"3752","ACH-000866",0.650655588846856,"test","gex_pt.wohub","gex
+protein embeddings","without_hubness"
"3753","ACH-000867",0.620896099412849,"test","gex_pt.wohub","gex
+protein embeddings","without_hubness"
"3754","ACH-000869",0.613527445889296,"test","gex_pt.wohub","gex
+protein embeddings","without_hubness"
"3755","ACH-000872",0.613403791772006,"test","gex_pt.wohub","gex
+protein embeddings","without_hubness"
"3756","ACH-000873",0.637072902232356,"test","gex_pt.wohub","gex
+protein embeddings","without_hubness"
"3757","ACH-000876",0.625991163595192,"test","gex_pt.wohub","gex
+protein embeddings","without_hubness"
"3758","ACH-000878",0.593421032055669,"test","gex_pt.wohub","gex
+protein embeddings","without_hubness"
"3759","ACH-000879",0.638172652464462,"test","gex_pt.wohub","gex
+protein embeddings","without_hubness"
"3760","ACH-000880",0.644179221630069,"test","gex_pt.wohub","gex
+protein embeddings","without_hubness"
"3761","ACH-000881",0.629669153360337,"test","gex_pt.wohub","gex
+protein embeddings","without_hubness"
"3762","ACH-000882",0.654750063798422,"test","gex_pt.wohub","gex
+protein embeddings","without_hubness"
"3763","ACH-000884",0.641589604108445,"test","gex_pt.wohub","gex
+protein embeddings","without_hubness"
"3764","ACH-000885",0.630231455912845,"test","gex_pt.wohub","gex
+protein embeddings","without_hubness"
"3765","ACH-000886",0.646274782509104,"test","gex_pt.wohub","gex
+protein embeddings","without_hubness"
"3766","ACH-000887",0.647598258812559,"test","gex_pt.wohub","gex
+protein embeddings","without_hubness"
"3767","ACH-000888",0.632472444770138,"test","gex_pt.wohub","gex
+protein embeddings","without_hubness"
"3768","ACH-000889",0.624651004291368,"test","gex_pt.wohub","gex
+protein embeddings","without_hubness"
"3769","ACH-000890",0.613473694097612,"test","gex_pt.wohub","gex
+protein embeddings","without_hubness"
"3770","ACH-000894",0.618681388806192,"test","gex_pt.wohub","gex
+protein embeddings","without_hubness"
"3771","ACH-000896",0.634287013967659,"test","gex_pt.wohub","gex
+protein embeddings","without_hubness"
"3772","ACH-000898",0.631243908971025,"test","gex_pt.wohub","gex
+protein embeddings","without_hubness"
"3773","ACH-000899",0.600268536443785,"test","gex_pt.wohub","gex
+protein embeddings","without_hubness"
"3774","ACH-000900",0.628737135270771,"test","gex_pt.wohub","gex
+protein embeddings","without_hubness"
"3775","ACH-000901",0.607244377775708,"test","gex_pt.wohub","gex
+protein embeddings","without_hubness"
"3776","ACH-000903",0.634871844913909,"test","gex_pt.wohub","gex
+protein embeddings","without_hubness"
"3777","ACH-000905",0.635818830069966,"test","gex_pt.wohub","gex
+protein embeddings","without_hubness"
"3778","ACH-000906",0.641418202730356,"test","gex_pt.wohub","gex
+protein embeddings","without_hubness"
"3779","ACH-000907",0.586830826804043,"test","gex_pt.wohub","gex
+protein embeddings","without_hubness"
"3780","ACH-000910",0.605879123047918,"test","gex_pt.wohub","gex
+protein embeddings","without_hubness"
"3781","ACH-000911",0.665674054661784,"test","gex_pt.wohub","gex
+protein embeddings","without_hubness"
"3782","ACH-000912",0.644557060761401,"test","gex_pt.wohub","gex
+protein embeddings","without_hubness"
"3783","ACH-000913",0.639162036431674,"test","gex_pt.wohub","gex
+protein embeddings","without_hubness"
"3784","ACH-000914",0.645115281229661,"test","gex_pt.wohub","gex
+protein embeddings","without_hubness"
"3785","ACH-000915",0.635878049974314,"test","gex_pt.wohub","gex
+protein embeddings","without_hubness"
"3786","ACH-000917",0.630229944088664,"test","gex_pt.wohub","gex
+protein embeddings","without_hubness"
"3787","ACH-000919",0.649721762938264,"test","gex_pt.wohub","gex
+protein embeddings","without_hubness"
"3788","ACH-000920",0.611952105505239,"test","gex_pt.wohub","gex
+protein embeddings","without_hubness"
"3789","ACH-000921",0.645137896565059,"test","gex_pt.wohub","gex
+protein embeddings","without_hubness"
"3790","ACH-000922",0.6324125400028,"test","gex_pt.wohub","gex
+protein embeddings","without_hubness"
"3791","ACH-000924",0.64984363098697,"test","gex_pt.wohub","gex
+protein embeddings","without_hubness"
"3792","ACH-000926",0.624289179669338,"test","gex_pt.wohub","gex
+protein embeddings","without_hubness"
"3793","ACH-000928",0.548359752451516,"test","gex_pt.wohub","gex
+protein embeddings","without_hubness"
"3794","ACH-000929",0.609626046713495,"test","gex_pt.wohub","gex
+protein embeddings","without_hubness"
"3795","ACH-000932",0.644853351816838,"test","gex_pt.wohub","gex
+protein embeddings","without_hubness"
"3796","ACH-000934",0.566620169250297,"test","gex_pt.wohub","gex
+protein embeddings","without_hubness"
"3797","ACH-000935",0.647172451764763,"test","gex_pt.wohub","gex
+protein embeddings","without_hubness"
"3798","ACH-000936",0.635530087826534,"test","gex_pt.wohub","gex
+protein embeddings","without_hubness"
"3799","ACH-000937",0.62791874082661,"test","gex_pt.wohub","gex
+protein embeddings","without_hubness"
"3800","ACH-000938",0.635405229624794,"test","gex_pt.wohub","gex
+protein embeddings","without_hubness"
"3801","ACH-000939",0.611302913236456,"test","gex_pt.wohub","gex
+protein embeddings","without_hubness"
"3802","ACH-000941",0.614915036422132,"test","gex_pt.wohub","gex
+protein embeddings","without_hubness"
"3803","ACH-000943",0.659629298613255,"test","gex_pt.wohub","gex
+protein embeddings","without_hubness"
"3804","ACH-000944",0.63768353913507,"test","gex_pt.wohub","gex
+protein embeddings","without_hubness"
"3805","ACH-000945",0.591429745188673,"test","gex_pt.wohub","gex
+protein embeddings","without_hubness"
"3806","ACH-000946",0.63998613523157,"test","gex_pt.wohub","gex
+protein embeddings","without_hubness"
"3807","ACH-000947",0.640443182177888,"test","gex_pt.wohub","gex
+protein embeddings","without_hubness"
"3808","ACH-000948",0.665814133168499,"test","gex_pt.wohub","gex
+protein embeddings","without_hubness"
"3809","ACH-000950",0.624523324039921,"test","gex_pt.wohub","gex
+protein embeddings","without_hubness"
"3810","ACH-000953",0.58999608148348,"test","gex_pt.wohub","gex
+protein embeddings","without_hubness"
"3811","ACH-000956",0.586087833248601,"test","gex_pt.wohub","gex
+protein embeddings","without_hubness"
"3812","ACH-000957",0.632550328431555,"test","gex_pt.wohub","gex
+protein embeddings","without_hubness"
"3813","ACH-000958",0.629974876588957,"test","gex_pt.wohub","gex
+protein embeddings","without_hubness"
"3814","ACH-000959",0.633184749473215,"test","gex_pt.wohub","gex
+protein embeddings","without_hubness"
"3815","ACH-000960",0.614830171647821,"test","gex_pt.wohub","gex
+protein embeddings","without_hubness"
"3816","ACH-000961",0.607244768091778,"test","gex_pt.wohub","gex
+protein embeddings","without_hubness"
"3817","ACH-000962",0.622432698951252,"test","gex_pt.wohub","gex
+protein embeddings","without_hubness"
"3818","ACH-000965",0.649988570873992,"test","gex_pt.wohub","gex
+protein embeddings","without_hubness"
"3819","ACH-000966",0.59609539627251,"test","gex_pt.wohub","gex
+protein embeddings","without_hubness"
"3820","ACH-000968",0.625688067681469,"test","gex_pt.wohub","gex
+protein embeddings","without_hubness"
"3821","ACH-000969",0.636712380508259,"test","gex_pt.wohub","gex
+protein embeddings","without_hubness"
"3822","ACH-000970",0.626062961810141,"test","gex_pt.wohub","gex
+protein embeddings","without_hubness"
"3823","ACH-000971",0.629195713372646,"test","gex_pt.wohub","gex
+protein embeddings","without_hubness"
"3824","ACH-000973",0.654917034083442,"test","gex_pt.wohub","gex
+protein embeddings","without_hubness"
"3825","ACH-000974",0.636778630027385,"test","gex_pt.wohub","gex
+protein embeddings","without_hubness"
"3826","ACH-000975",0.637075216123664,"test","gex_pt.wohub","gex
+protein embeddings","without_hubness"
"3827","ACH-000976",0.620543496915548,"test","gex_pt.wohub","gex
+protein embeddings","without_hubness"
"3828","ACH-000977",0.652842241546995,"test","gex_pt.wohub","gex
+protein embeddings","without_hubness"
"3829","ACH-000978",0.612767063218536,"test","gex_pt.wohub","gex
+protein embeddings","without_hubness"
"3830","ACH-000979",0.616806365790191,"test","gex_pt.wohub","gex
+protein embeddings","without_hubness"
"3831","ACH-000980",0.6542241869701,"test","gex_pt.wohub","gex
+protein embeddings","without_hubness"
"3832","ACH-000983",0.637302744650477,"test","gex_pt.wohub","gex
+protein embeddings","without_hubness"
"3833","ACH-000984",0.592651577139534,"test","gex_pt.wohub","gex
+protein embeddings","without_hubness"
"3834","ACH-000985",0.594551330258139,"test","gex_pt.wohub","gex
+protein embeddings","without_hubness"
"3835","ACH-000986",0.636876705360605,"test","gex_pt.wohub","gex
+protein embeddings","without_hubness"
"3836","ACH-000988",0.587457055792597,"test","gex_pt.wohub","gex
+protein embeddings","without_hubness"
"3837","ACH-000991",0.60862520727245,"test","gex_pt.wohub","gex
+protein embeddings","without_hubness"
"3838","ACH-000993",0.59308021373237,"test","gex_pt.wohub","gex
+protein embeddings","without_hubness"
"3839","ACH-000994",0.617208971880057,"test","gex_pt.wohub","gex
+protein embeddings","without_hubness"
"3840","ACH-000995",0.595649912248486,"test","gex_pt.wohub","gex
+protein embeddings","without_hubness"
"3841","ACH-000996",0.609132792502957,"test","gex_pt.wohub","gex
+protein embeddings","without_hubness"
"3842","ACH-000997",0.633583340510707,"test","gex_pt.wohub","gex
+protein embeddings","without_hubness"
"3843","ACH-001001",0.64212113790269,"test","gex_pt.wohub","gex
+protein embeddings","without_hubness"
"3844","ACH-001016",0.637826753224232,"test","gex_pt.wohub","gex
+protein embeddings","without_hubness"
"3845","ACH-001020",0.588958849742329,"test","gex_pt.wohub","gex
+protein embeddings","without_hubness"
"3846","ACH-001028",0.643886557886552,"test","gex_pt.wohub","gex
+protein embeddings","without_hubness"
"3847","ACH-001029",0.64797426079923,"test","gex_pt.wohub","gex
+protein embeddings","without_hubness"
"3848","ACH-001031",0.632241977730024,"test","gex_pt.wohub","gex
+protein embeddings","without_hubness"
"3849","ACH-001033",0.592032493321226,"test","gex_pt.wohub","gex
+protein embeddings","without_hubness"
"3850","ACH-001036",0.591066103085133,"test","gex_pt.wohub","gex
+protein embeddings","without_hubness"
"3851","ACH-001038",0.650756827373305,"test","gex_pt.wohub","gex
+protein embeddings","without_hubness"
"3852","ACH-001039",0.61679275116886,"test","gex_pt.wohub","gex
+protein embeddings","without_hubness"
"3853","ACH-001041",0.636166805365337,"test","gex_pt.wohub","gex
+protein embeddings","without_hubness"
"3854","ACH-001048",0.616555269038317,"test","gex_pt.wohub","gex
+protein embeddings","without_hubness"
"3855","ACH-001050",0.61368276622135,"test","gex_pt.wohub","gex
+protein embeddings","without_hubness"
"3856","ACH-001053",0.591987324102938,"test","gex_pt.wohub","gex
+protein embeddings","without_hubness"
"3857","ACH-001054",0.622995569713627,"test","gex_pt.wohub","gex
+protein embeddings","without_hubness"
"3858","ACH-001061",0.643351673794014,"test","gex_pt.wohub","gex
+protein embeddings","without_hubness"
"3859","ACH-001063",0.602871934371688,"test","gex_pt.wohub","gex
+protein embeddings","without_hubness"
"3860","ACH-001065",0.626091848734447,"test","gex_pt.wohub","gex
+protein embeddings","without_hubness"
"3861","ACH-001067",0.628972754476145,"test","gex_pt.wohub","gex
+protein embeddings","without_hubness"
"3862","ACH-001075",0.616809395723164,"test","gex_pt.wohub","gex
+protein embeddings","without_hubness"
"3863","ACH-001081",0.629432854965193,"test","gex_pt.wohub","gex
+protein embeddings","without_hubness"
"3864","ACH-001096",0.628711958579034,"test","gex_pt.wohub","gex
+protein embeddings","without_hubness"
"3865","ACH-001098",0.610367340597314,"test","gex_pt.wohub","gex
+protein embeddings","without_hubness"
"3866","ACH-001099",0.593231818937111,"test","gex_pt.wohub","gex
+protein embeddings","without_hubness"
"3867","ACH-001107",0.629832480769533,"test","gex_pt.wohub","gex
+protein embeddings","without_hubness"
"3868","ACH-001126",0.637387320067795,"test","gex_pt.wohub","gex
+protein embeddings","without_hubness"
"3869","ACH-001128",0.590687870926023,"test","gex_pt.wohub","gex
+protein embeddings","without_hubness"
"3870","ACH-001129",0.612006587912084,"test","gex_pt.wohub","gex
+protein embeddings","without_hubness"
"3871","ACH-001134",0.64030780026767,"test","gex_pt.wohub","gex
+protein embeddings","without_hubness"
"3872","ACH-001137",0.589574239199773,"test","gex_pt.wohub","gex
+protein embeddings","without_hubness"
"3873","ACH-001145",0.64188092377901,"test","gex_pt.wohub","gex
+protein embeddings","without_hubness"
"3874","ACH-001151",0.623835932110487,"test","gex_pt.wohub","gex
+protein embeddings","without_hubness"
"3875","ACH-001163",0.616365677383027,"test","gex_pt.wohub","gex
+protein embeddings","without_hubness"
"3876","ACH-001164",0.598701028540613,"test","gex_pt.wohub","gex
+protein embeddings","without_hubness"
"3877","ACH-001172",0.660911152881321,"test","gex_pt.wohub","gex
+protein embeddings","without_hubness"
"3878","ACH-001183",0.623910463596872,"test","gex_pt.wohub","gex
+protein embeddings","without_hubness"
"3879","ACH-001184",0.59523754314955,"test","gex_pt.wohub","gex
+protein embeddings","without_hubness"
"3880","ACH-001188",0.594819739055814,"test","gex_pt.wohub","gex
+protein embeddings","without_hubness"
"3881","ACH-001190",0.626663167035233,"test","gex_pt.wohub","gex
+protein embeddings","without_hubness"
"3882","ACH-001192",0.609056217263361,"test","gex_pt.wohub","gex
+protein embeddings","without_hubness"
"3883","ACH-001193",0.633202940526544,"test","gex_pt.wohub","gex
+protein embeddings","without_hubness"
"3884","ACH-001194",0.592714002772489,"test","gex_pt.wohub","gex
+protein embeddings","without_hubness"
"3885","ACH-001196",0.620310407506727,"test","gex_pt.wohub","gex
+protein embeddings","without_hubness"
"3886","ACH-001197",0.607941445795566,"test","gex_pt.wohub","gex
+protein embeddings","without_hubness"
"3887","ACH-001205",0.606522677881896,"test","gex_pt.wohub","gex
+protein embeddings","without_hubness"
"3888","ACH-001211",0.603247448043903,"test","gex_pt.wohub","gex
+protein embeddings","without_hubness"
"3889","ACH-001212",0.567520309607908,"test","gex_pt.wohub","gex
+protein embeddings","without_hubness"
"3890","ACH-001228",0.605591733526691,"test","gex_pt.wohub","gex
+protein embeddings","without_hubness"
"3891","ACH-001229",0.658040993406917,"test","gex_pt.wohub","gex
+protein embeddings","without_hubness"
"3892","ACH-001232",0.62459828934437,"test","gex_pt.wohub","gex
+protein embeddings","without_hubness"
"3893","ACH-001233",0.62547850229293,"test","gex_pt.wohub","gex
+protein embeddings","without_hubness"
"3894","ACH-001239",0.63715386340087,"test","gex_pt.wohub","gex
+protein embeddings","without_hubness"
"3895","ACH-001270",0.596854508296652,"test","gex_pt.wohub","gex
+protein embeddings","without_hubness"
"3896","ACH-001274",0.606011001116152,"test","gex_pt.wohub","gex
+protein embeddings","without_hubness"
"3897","ACH-001275",0.614985823243938,"test","gex_pt.wohub","gex
+protein embeddings","without_hubness"
"3898","ACH-001277",0.606794863840556,"test","gex_pt.wohub","gex
+protein embeddings","without_hubness"
"3899","ACH-001278",0.624043883713592,"test","gex_pt.wohub","gex
+protein embeddings","without_hubness"
"3900","ACH-001279",0.613574786508324,"test","gex_pt.wohub","gex
+protein embeddings","without_hubness"
"3901","ACH-001280",0.594148208635924,"test","gex_pt.wohub","gex
+protein embeddings","without_hubness"
"3902","ACH-001283",0.629879602137864,"test","gex_pt.wohub","gex
+protein embeddings","without_hubness"
"3903","ACH-001289",0.635175475657969,"test","gex_pt.wohub","gex
+protein embeddings","without_hubness"
"3904","ACH-001295",0.616009782118923,"test","gex_pt.wohub","gex
+protein embeddings","without_hubness"
"3905","ACH-001300",0.610668629002468,"test","gex_pt.wohub","gex
+protein embeddings","without_hubness"
"3906","ACH-001301",0.594414157363302,"test","gex_pt.wohub","gex
+protein embeddings","without_hubness"
"3907","ACH-001302",0.599288772711222,"test","gex_pt.wohub","gex
+protein embeddings","without_hubness"
"3908","ACH-001303",0.572383080349304,"test","gex_pt.wohub","gex
+protein embeddings","without_hubness"
"3909","ACH-001306",0.613577382153026,"test","gex_pt.wohub","gex
+protein embeddings","without_hubness"
"3910","ACH-001307",0.613759411402044,"test","gex_pt.wohub","gex
+protein embeddings","without_hubness"
"3911","ACH-001310",0.606971077983304,"test","gex_pt.wohub","gex
+protein embeddings","without_hubness"
"3912","ACH-001318",0.630489916735183,"test","gex_pt.wohub","gex
+protein embeddings","without_hubness"
"3913","ACH-001322",0.621354571779248,"test","gex_pt.wohub","gex
+protein embeddings","without_hubness"
"3914","ACH-001328",0.627583412733882,"test","gex_pt.wohub","gex
+protein embeddings","without_hubness"
"3915","ACH-001329",0.623772273774959,"test","gex_pt.wohub","gex
+protein embeddings","without_hubness"
"3916","ACH-001331",0.61339675424718,"test","gex_pt.wohub","gex
+protein embeddings","without_hubness"
"3917","ACH-001332",0.615440614736227,"test","gex_pt.wohub","gex
+protein embeddings","without_hubness"
"3918","ACH-001333",0.621766086367061,"test","gex_pt.wohub","gex
+protein embeddings","without_hubness"
"3919","ACH-001334",0.650698938224341,"test","gex_pt.wohub","gex
+protein embeddings","without_hubness"
"3920","ACH-001335",0.630598598162521,"test","gex_pt.wohub","gex
+protein embeddings","without_hubness"
"3921","ACH-001336",0.645685819702375,"test","gex_pt.wohub","gex
+protein embeddings","without_hubness"
"3922","ACH-001338",0.629083682124575,"test","gex_pt.wohub","gex
+protein embeddings","without_hubness"
"3923","ACH-001340",0.635540180153976,"test","gex_pt.wohub","gex
+protein embeddings","without_hubness"
"3924","ACH-001341",0.646531339780492,"test","gex_pt.wohub","gex
+protein embeddings","without_hubness"
"3925","ACH-001344",0.592310007101452,"test","gex_pt.wohub","gex
+protein embeddings","without_hubness"
"3926","ACH-001345",0.644782704738921,"test","gex_pt.wohub","gex
+protein embeddings","without_hubness"
"3927","ACH-001346",0.660739746574753,"test","gex_pt.wohub","gex
+protein embeddings","without_hubness"
"3928","ACH-001347",0.632074212785458,"test","gex_pt.wohub","gex
+protein embeddings","without_hubness"
"3929","ACH-001353",0.620852056222532,"test","gex_pt.wohub","gex
+protein embeddings","without_hubness"
"3930","ACH-001354",0.59236705408222,"test","gex_pt.wohub","gex
+protein embeddings","without_hubness"
"3931","ACH-001356",0.605490000727201,"test","gex_pt.wohub","gex
+protein embeddings","without_hubness"
"3932","ACH-001366",0.627833676570458,"test","gex_pt.wohub","gex
+protein embeddings","without_hubness"
"3933","ACH-001367",0.596508881694813,"test","gex_pt.wohub","gex
+protein embeddings","without_hubness"
"3934","ACH-001368",0.639934733431016,"test","gex_pt.wohub","gex
+protein embeddings","without_hubness"
"3935","ACH-001370",0.615902626266307,"test","gex_pt.wohub","gex
+protein embeddings","without_hubness"
"3936","ACH-001374",0.601374662068807,"test","gex_pt.wohub","gex
+protein embeddings","without_hubness"
"3937","ACH-001375",0.611688587743121,"test","gex_pt.wohub","gex
+protein embeddings","without_hubness"
"3938","ACH-001377",0.635858238816141,"test","gex_pt.wohub","gex
+protein embeddings","without_hubness"
"3939","ACH-001379",0.624632613924611,"test","gex_pt.wohub","gex
+protein embeddings","without_hubness"
"3940","ACH-001380",0.651771889859566,"test","gex_pt.wohub","gex
+protein embeddings","without_hubness"
"3941","ACH-001382",0.596749385021142,"test","gex_pt.wohub","gex
+protein embeddings","without_hubness"
"3942","ACH-001385",0.636804102176972,"test","gex_pt.wohub","gex
+protein embeddings","without_hubness"
"3943","ACH-001386",0.617880748940277,"test","gex_pt.wohub","gex
+protein embeddings","without_hubness"
"3944","ACH-001389",0.643662898708254,"test","gex_pt.wohub","gex
+protein embeddings","without_hubness"
"3945","ACH-001390",0.600738610561889,"test","gex_pt.wohub","gex
+protein embeddings","without_hubness"
"3946","ACH-001391",0.595617002699129,"test","gex_pt.wohub","gex
+protein embeddings","without_hubness"
"3947","ACH-001392",0.605633937186973,"test","gex_pt.wohub","gex
+protein embeddings","without_hubness"
"3948","ACH-001393",0.614941010705249,"test","gex_pt.wohub","gex
+protein embeddings","without_hubness"
"3949","ACH-001394",0.613611494688734,"test","gex_pt.wohub","gex
+protein embeddings","without_hubness"
"3950","ACH-001398",0.586532995732964,"test","gex_pt.wohub","gex
+protein embeddings","without_hubness"
"3951","ACH-001399",0.611982470471531,"test","gex_pt.wohub","gex
+protein embeddings","without_hubness"
"3952","ACH-001400",0.611871601674774,"test","gex_pt.wohub","gex
+protein embeddings","without_hubness"
"3953","ACH-001402",0.622888708082634,"test","gex_pt.wohub","gex
+protein embeddings","without_hubness"
"3954","ACH-001403",0.601394641403181,"test","gex_pt.wohub","gex
+protein embeddings","without_hubness"
"3955","ACH-001407",0.631126419263034,"test","gex_pt.wohub","gex
+protein embeddings","without_hubness"
"3956","ACH-001408",0.626189180582259,"test","gex_pt.wohub","gex
+protein embeddings","without_hubness"
"3957","ACH-001409",0.573699089070779,"test","gex_pt.wohub","gex
+protein embeddings","without_hubness"
"3958","ACH-001411",0.611221136034598,"test","gex_pt.wohub","gex
+protein embeddings","without_hubness"
"3959","ACH-001412",0.609983304249776,"test","gex_pt.wohub","gex
+protein embeddings","without_hubness"
"3960","ACH-001413",0.629382971218123,"test","gex_pt.wohub","gex
+protein embeddings","without_hubness"
"3961","ACH-001414",0.640568273953034,"test","gex_pt.wohub","gex
+protein embeddings","without_hubness"
"3962","ACH-001415",0.58883638726995,"test","gex_pt.wohub","gex
+protein embeddings","without_hubness"
"3963","ACH-001416",0.595656720639161,"test","gex_pt.wohub","gex
+protein embeddings","without_hubness"
"3964","ACH-001418",0.644539570337394,"test","gex_pt.wohub","gex
+protein embeddings","without_hubness"
"3965","ACH-001419",0.6043502951812,"test","gex_pt.wohub","gex
+protein embeddings","without_hubness"
"3966","ACH-001421",0.572704457316083,"test","gex_pt.wohub","gex
+protein embeddings","without_hubness"
"3967","ACH-001422",0.593520708704812,"test","gex_pt.wohub","gex
+protein embeddings","without_hubness"
"3968","ACH-001430",0.611358106120937,"test","gex_pt.wohub","gex
+protein embeddings","without_hubness"
"3969","ACH-001431",0.601282410214026,"test","gex_pt.wohub","gex
+protein embeddings","without_hubness"
"3970","ACH-001433",0.624325612791967,"test","gex_pt.wohub","gex
+protein embeddings","without_hubness"
"3971","ACH-001442",0.604324751264302,"test","gex_pt.wohub","gex
+protein embeddings","without_hubness"
"3972","ACH-001443",0.623619653490858,"test","gex_pt.wohub","gex
+protein embeddings","without_hubness"
"3973","ACH-001450",0.597176923965597,"test","gex_pt.wohub","gex
+protein embeddings","without_hubness"
"3974","ACH-001451",0.627168765485708,"test","gex_pt.wohub","gex
+protein embeddings","without_hubness"
"3975","ACH-001453",0.612394045320728,"test","gex_pt.wohub","gex
+protein embeddings","without_hubness"
"3976","ACH-001458",0.588659562443559,"test","gex_pt.wohub","gex
+protein embeddings","without_hubness"
"3977","ACH-001459",0.601921616583908,"test","gex_pt.wohub","gex
+protein embeddings","without_hubness"
"3978","ACH-001460",0.617687522662858,"test","gex_pt.wohub","gex
+protein embeddings","without_hubness"
"3979","ACH-001494",0.636880987935298,"test","gex_pt.wohub","gex
+protein embeddings","without_hubness"
"3980","ACH-001495",0.599414928396612,"test","gex_pt.wohub","gex
+protein embeddings","without_hubness"
"3981","ACH-001496",0.656737757916256,"test","gex_pt.wohub","gex
+protein embeddings","without_hubness"
"3982","ACH-001497",0.635970788225155,"test","gex_pt.wohub","gex
+protein embeddings","without_hubness"
"3983","ACH-001498",0.607664757974611,"test","gex_pt.wohub","gex
+protein embeddings","without_hubness"
"3984","ACH-001500",0.624596435334348,"test","gex_pt.wohub","gex
+protein embeddings","without_hubness"
"3985","ACH-001509",0.588126831407755,"test","gex_pt.wohub","gex
+protein embeddings","without_hubness"
"3986","ACH-001510",0.638951921367522,"test","gex_pt.wohub","gex
+protein embeddings","without_hubness"
"3987","ACH-001511",0.615385695906306,"test","gex_pt.wohub","gex
+protein embeddings","without_hubness"
"3988","ACH-001513",0.60932050112982,"test","gex_pt.wohub","gex
+protein embeddings","without_hubness"
"3989","ACH-001515",0.614414519283965,"test","gex_pt.wohub","gex
+protein embeddings","without_hubness"
"3990","ACH-001517",0.610564652497931,"test","gex_pt.wohub","gex
+protein embeddings","without_hubness"
"3991","ACH-001518",0.590298633484907,"test","gex_pt.wohub","gex
+protein embeddings","without_hubness"
"3992","ACH-001520",0.606445220248814,"test","gex_pt.wohub","gex
+protein embeddings","without_hubness"
"3993","ACH-001521",0.590596273075169,"test","gex_pt.wohub","gex
+protein embeddings","without_hubness"
"3994","ACH-001522",0.607161258245692,"test","gex_pt.wohub","gex
+protein embeddings","without_hubness"
"3995","ACH-001523",0.645301820179303,"test","gex_pt.wohub","gex
+protein embeddings","without_hubness"
"3996","ACH-001524",0.622249957284311,"test","gex_pt.wohub","gex
+protein embeddings","without_hubness"
"3997","ACH-001525",0.615654117287698,"test","gex_pt.wohub","gex
+protein embeddings","without_hubness"
"3998","ACH-001526",0.592915728260662,"test","gex_pt.wohub","gex
+protein embeddings","without_hubness"
"3999","ACH-001528",0.657384453506977,"test","gex_pt.wohub","gex
+protein embeddings","without_hubness"
"4000","ACH-001529",0.647977151955087,"test","gex_pt.wohub","gex
+protein embeddings","without_hubness"
"4001","ACH-001530",0.591576896053358,"test","gex_pt.wohub","gex
+protein embeddings","without_hubness"
"4002","ACH-001532",0.667504349997378,"test","gex_pt.wohub","gex
+protein embeddings","without_hubness"
"4003","ACH-001533",0.640774640721345,"test","gex_pt.wohub","gex
+protein embeddings","without_hubness"
"4004","ACH-001536",0.593854918706908,"test","gex_pt.wohub","gex
+protein embeddings","without_hubness"
"4005","ACH-001538",0.629434679367177,"test","gex_pt.wohub","gex
+protein embeddings","without_hubness"
"4006","ACH-001539",0.611679518361275,"test","gex_pt.wohub","gex
+protein embeddings","without_hubness"
"4007","ACH-001542",0.661029437292895,"test","gex_pt.wohub","gex
+protein embeddings","without_hubness"
"4008","ACH-001543",0.608650572382544,"test","gex_pt.wohub","gex
+protein embeddings","without_hubness"
"4009","ACH-001544",0.616209415391447,"test","gex_pt.wohub","gex
+protein embeddings","without_hubness"
"4010","ACH-001547",0.609278311326539,"test","gex_pt.wohub","gex
+protein embeddings","without_hubness"
"4011","ACH-001548",0.605467487332076,"test","gex_pt.wohub","gex
+protein embeddings","without_hubness"
"4012","ACH-001549",0.649144836363438,"test","gex_pt.wohub","gex
+protein embeddings","without_hubness"
"4013","ACH-001550",0.588450007458701,"test","gex_pt.wohub","gex
+protein embeddings","without_hubness"
"4014","ACH-001551",0.651866193663169,"test","gex_pt.wohub","gex
+protein embeddings","without_hubness"
"4015","ACH-001552",0.5977554288003,"test","gex_pt.wohub","gex
+protein embeddings","without_hubness"
"4016","ACH-001554",0.660334743119544,"test","gex_pt.wohub","gex
+protein embeddings","without_hubness"
"4017","ACH-001555",0.58841882706563,"test","gex_pt.wohub","gex
+protein embeddings","without_hubness"
"4018","ACH-001556",0.623421508484442,"test","gex_pt.wohub","gex
+protein embeddings","without_hubness"
"4019","ACH-001557",0.612175760060063,"test","gex_pt.wohub","gex
+protein embeddings","without_hubness"
"4020","ACH-001558",0.607655146049644,"test","gex_pt.wohub","gex
+protein embeddings","without_hubness"
"4021","ACH-001559",0.603331784304601,"test","gex_pt.wohub","gex
+protein embeddings","without_hubness"
"4022","ACH-001560",0.627181000136311,"test","gex_pt.wohub","gex
+protein embeddings","without_hubness"
"4023","ACH-001562",0.646848710350887,"test","gex_pt.wohub","gex
+protein embeddings","without_hubness"
"4024","ACH-001563",0.604626604408579,"test","gex_pt.wohub","gex
+protein embeddings","without_hubness"
"4025","ACH-001566",0.621453437961687,"test","gex_pt.wohub","gex
+protein embeddings","without_hubness"
"4026","ACH-001567",0.621428190399396,"test","gex_pt.wohub","gex
+protein embeddings","without_hubness"
"4027","ACH-001568",0.626820219383134,"test","gex_pt.wohub","gex
+protein embeddings","without_hubness"
"4028","ACH-001570",0.637993158694623,"test","gex_pt.wohub","gex
+protein embeddings","without_hubness"
"4029","ACH-001574",0.612433823115833,"test","gex_pt.wohub","gex
+protein embeddings","without_hubness"
"4030","ACH-001577",0.589015692829904,"test","gex_pt.wohub","gex
+protein embeddings","without_hubness"
"4031","ACH-001603",0.592163721383285,"test","gex_pt.wohub","gex
+protein embeddings","without_hubness"
"4032","ACH-001605",0.636516870815297,"test","gex_pt.wohub","gex
+protein embeddings","without_hubness"
"4033","ACH-001606",0.620844954571572,"test","gex_pt.wohub","gex
+protein embeddings","without_hubness"
"4034","ACH-001607",0.633451516271721,"test","gex_pt.wohub","gex
+protein embeddings","without_hubness"
"4035","ACH-001608",0.631164686921087,"test","gex_pt.wohub","gex
+protein embeddings","without_hubness"
"4036","ACH-001609",0.647595206461349,"test","gex_pt.wohub","gex
+protein embeddings","without_hubness"
"4037","ACH-001610",0.577403988611649,"test","gex_pt.wohub","gex
+protein embeddings","without_hubness"
"4038","ACH-001611",0.612397180258775,"test","gex_pt.wohub","gex
+protein embeddings","without_hubness"
"4039","ACH-001616",0.645707249450496,"test","gex_pt.wohub","gex
+protein embeddings","without_hubness"
"4040","ACH-001618",0.599308351315996,"test","gex_pt.wohub","gex
+protein embeddings","without_hubness"
"4041","ACH-001619",0.565244461924926,"test","gex_pt.wohub","gex
+protein embeddings","without_hubness"
"4042","ACH-001622",0.624636894515222,"test","gex_pt.wohub","gex
+protein embeddings","without_hubness"
"4043","ACH-001623",0.602854328065753,"test","gex_pt.wohub","gex
+protein embeddings","without_hubness"
"4044","ACH-001624",0.579115883590829,"test","gex_pt.wohub","gex
+protein embeddings","without_hubness"
"4045","ACH-001625",0.618340701091522,"test","gex_pt.wohub","gex
+protein embeddings","without_hubness"
"4046","ACH-001626",0.608505120463254,"test","gex_pt.wohub","gex
+protein embeddings","without_hubness"
"4047","ACH-001627",0.655705955957661,"test","gex_pt.wohub","gex
+protein embeddings","without_hubness"
"4048","ACH-001628",0.59332844711366,"test","gex_pt.wohub","gex
+protein embeddings","without_hubness"
"4049","ACH-001630",0.654445493730536,"test","gex_pt.wohub","gex
+protein embeddings","without_hubness"
"4050","ACH-001632",0.596502450080096,"test","gex_pt.wohub","gex
+protein embeddings","without_hubness"
"4051","ACH-001634",0.635749730859038,"test","gex_pt.wohub","gex
+protein embeddings","without_hubness"
"4052","ACH-001639",0.571623923659383,"test","gex_pt.wohub","gex
+protein embeddings","without_hubness"
"4053","ACH-001641",0.621445369330763,"test","gex_pt.wohub","gex
+protein embeddings","without_hubness"
"4054","ACH-001645",0.599348465433748,"test","gex_pt.wohub","gex
+protein embeddings","without_hubness"
"4055","ACH-001647",0.614693365421152,"test","gex_pt.wohub","gex
+protein embeddings","without_hubness"
"4056","ACH-001648",0.665538064161782,"test","gex_pt.wohub","gex
+protein embeddings","without_hubness"
"4057","ACH-001649",0.620256299277157,"test","gex_pt.wohub","gex
+protein embeddings","without_hubness"
"4058","ACH-001650",0.619848069515439,"test","gex_pt.wohub","gex
+protein embeddings","without_hubness"
"4059","ACH-001652",0.6382429620182,"test","gex_pt.wohub","gex
+protein embeddings","without_hubness"
"4060","ACH-001653",0.645513484152688,"test","gex_pt.wohub","gex
+protein embeddings","without_hubness"
"4061","ACH-001654",0.645640458126795,"test","gex_pt.wohub","gex
+protein embeddings","without_hubness"
"4062","ACH-001655",0.618861219232803,"test","gex_pt.wohub","gex
+protein embeddings","without_hubness"
"4063","ACH-001656",0.630495839389597,"test","gex_pt.wohub","gex
+protein embeddings","without_hubness"
"4064","ACH-001664",0.659420762970902,"test","gex_pt.wohub","gex
+protein embeddings","without_hubness"
"4065","ACH-001668",0.624445160958063,"test","gex_pt.wohub","gex
+protein embeddings","without_hubness"
"4066","ACH-001669",0.645766114488292,"test","gex_pt.wohub","gex
+protein embeddings","without_hubness"
"4067","ACH-001670",0.61639459337272,"test","gex_pt.wohub","gex
+protein embeddings","without_hubness"
"4068","ACH-001673",0.637141853383073,"test","gex_pt.wohub","gex
+protein embeddings","without_hubness"
"4069","ACH-001674",0.622116942077024,"test","gex_pt.wohub","gex
+protein embeddings","without_hubness"
"4070","ACH-001675",0.614987144970556,"test","gex_pt.wohub","gex
+protein embeddings","without_hubness"
"4071","ACH-001677",0.61944109555888,"test","gex_pt.wohub","gex
+protein embeddings","without_hubness"
"4072","ACH-001685",0.622927320088005,"test","gex_pt.wohub","gex
+protein embeddings","without_hubness"
"4073","ACH-001687",0.634636251292114,"test","gex_pt.wohub","gex
+protein embeddings","without_hubness"
"4074","ACH-001688",0.579941036217011,"test","gex_pt.wohub","gex
+protein embeddings","without_hubness"
"4075","ACH-001690",0.65668857360292,"test","gex_pt.wohub","gex
+protein embeddings","without_hubness"
"4076","ACH-001692",0.656717400364791,"test","gex_pt.wohub","gex
+protein embeddings","without_hubness"
"4077","ACH-001694",0.64301922578338,"test","gex_pt.wohub","gex
+protein embeddings","without_hubness"
"4078","ACH-001696",0.636869789711284,"test","gex_pt.wohub","gex
+protein embeddings","without_hubness"
"4079","ACH-001698",0.617579966478967,"test","gex_pt.wohub","gex
+protein embeddings","without_hubness"
"4080","ACH-001699",0.645657693807313,"test","gex_pt.wohub","gex
+protein embeddings","without_hubness"
"4081","ACH-001701",0.595316990049387,"test","gex_pt.wohub","gex
+protein embeddings","without_hubness"
"4082","ACH-001702",0.607914965427965,"test","gex_pt.wohub","gex
+protein embeddings","without_hubness"
"4083","ACH-001707",0.6101926734683,"test","gex_pt.wohub","gex
+protein embeddings","without_hubness"
"4084","ACH-001709",0.644815915150502,"test","gex_pt.wohub","gex
+protein embeddings","without_hubness"
"4085","ACH-001711",0.582346977094021,"test","gex_pt.wohub","gex
+protein embeddings","without_hubness"
"4086","ACH-001715",0.620572774025897,"test","gex_pt.wohub","gex
+protein embeddings","without_hubness"
"4087","ACH-001719",0.622966092392212,"test","gex_pt.wohub","gex
+protein embeddings","without_hubness"
"4088","ACH-001735",0.633309532858782,"test","gex_pt.wohub","gex
+protein embeddings","without_hubness"
"4089","ACH-001736",0.63592497877187,"test","gex_pt.wohub","gex
+protein embeddings","without_hubness"
"4090","ACH-001737",0.548722253129479,"test","gex_pt.wohub","gex
+protein embeddings","without_hubness"
"4091","ACH-001740",0.619237737245442,"test","gex_pt.wohub","gex
+protein embeddings","without_hubness"
"4092","ACH-001745",0.631866777924991,"test","gex_pt.wohub","gex
+protein embeddings","without_hubness"
"4093","ACH-001750",0.638053845900091,"test","gex_pt.wohub","gex
+protein embeddings","without_hubness"
"4094","ACH-001765",0.652753553937865,"test","gex_pt.wohub","gex
+protein embeddings","without_hubness"
"4095","ACH-001786",0.569043415752484,"test","gex_pt.wohub","gex
+protein embeddings","without_hubness"
"4096","ACH-001791",0.580785855448601,"test","gex_pt.wohub","gex
+protein embeddings","without_hubness"
"4097","ACH-001793",0.604590804006207,"test","gex_pt.wohub","gex
+protein embeddings","without_hubness"
"4098","ACH-001794",0.59823952853038,"test","gex_pt.wohub","gex
+protein embeddings","without_hubness"
"4099","ACH-001795",0.631547176186518,"test","gex_pt.wohub","gex
+protein embeddings","without_hubness"
"4100","ACH-001796",0.600960941302298,"test","gex_pt.wohub","gex
+protein embeddings","without_hubness"
"4101","ACH-001799",0.607690278340213,"test","gex_pt.wohub","gex
+protein embeddings","without_hubness"
"4102","ACH-001802",0.62669517173243,"test","gex_pt.wohub","gex
+protein embeddings","without_hubness"
"4103","ACH-001804",0.576248049384102,"test","gex_pt.wohub","gex
+protein embeddings","without_hubness"
"4104","ACH-001814",0.601921852560429,"test","gex_pt.wohub","gex
+protein embeddings","without_hubness"
"4105","ACH-001819",0.648856086528815,"test","gex_pt.wohub","gex
+protein embeddings","without_hubness"
"4106","ACH-001820",0.628718658052574,"test","gex_pt.wohub","gex
+protein embeddings","without_hubness"
"4107","ACH-001834",0.611952860442574,"test","gex_pt.wohub","gex
+protein embeddings","without_hubness"
"4108","ACH-001835",0.633109669758104,"test","gex_pt.wohub","gex
+protein embeddings","without_hubness"
"4109","ACH-001836",0.627607470094179,"test","gex_pt.wohub","gex
+protein embeddings","without_hubness"
"4110","ACH-001838",0.583712086451266,"test","gex_pt.wohub","gex
+protein embeddings","without_hubness"
"4111","ACH-001839",0.627669488749327,"test","gex_pt.wohub","gex
+protein embeddings","without_hubness"
"4112","ACH-001841",0.659245434970941,"test","gex_pt.wohub","gex
+protein embeddings","without_hubness"
"4113","ACH-001842",0.58237910044227,"test","gex_pt.wohub","gex
+protein embeddings","without_hubness"
"4114","ACH-001843",0.664269565671135,"test","gex_pt.wohub","gex
+protein embeddings","without_hubness"
"4115","ACH-001844",0.639921952276568,"test","gex_pt.wohub","gex
+protein embeddings","without_hubness"
"4116","ACH-001848",0.648773794352513,"test","gex_pt.wohub","gex
+protein embeddings","without_hubness"
"4117","ACH-001849",0.630993734723266,"test","gex_pt.wohub","gex
+protein embeddings","without_hubness"
"4118","ACH-001850",0.62451094830782,"test","gex_pt.wohub","gex
+protein embeddings","without_hubness"
"4119","ACH-001852",0.671336992637446,"test","gex_pt.wohub","gex
+protein embeddings","without_hubness"
"4120","ACH-001853",0.59399528767448,"test","gex_pt.wohub","gex
+protein embeddings","without_hubness"
"4121","ACH-001856",0.630726323411968,"test","gex_pt.wohub","gex
+protein embeddings","without_hubness"
"4122","ACH-001857",0.607609928916224,"test","gex_pt.wohub","gex
+protein embeddings","without_hubness"
"4123","ACH-001858",0.64738321099582,"test","gex_pt.wohub","gex
+protein embeddings","without_hubness"
"4124","ACH-001861",0.62756299282355,"test","gex_pt.wohub","gex
+protein embeddings","without_hubness"
"4125","ACH-001862",0.615932122938133,"test","gex_pt.wohub","gex
+protein embeddings","without_hubness"
"4126","ACH-001863",0.598710593349782,"test","gex_pt.wohub","gex
+protein embeddings","without_hubness"
"4127","ACH-001864",0.628350344896988,"test","gex_pt.wohub","gex
+protein embeddings","without_hubness"
"4128","ACH-001959",0.647586314854982,"test","gex_pt.wohub","gex
+protein embeddings","without_hubness"
"4129","ACH-001960",0.641839865839823,"test","gex_pt.wohub","gex
+protein embeddings","without_hubness"
"4130","ACH-001961",0.619250460712035,"test","gex_pt.wohub","gex
+protein embeddings","without_hubness"
"4131","ACH-001970",0.564116259979927,"test","gex_pt.wohub","gex
+protein embeddings","without_hubness"
"4132","ACH-001973",0.62983620036109,"test","gex_pt.wohub","gex
+protein embeddings","without_hubness"
"4133","ACH-001977",0.630107034729632,"test","gex_pt.wohub","gex
+protein embeddings","without_hubness"
"4134","ACH-001982",0.627869785620099,"test","gex_pt.wohub","gex
+protein embeddings","without_hubness"
"4135","ACH-001991",0.611423899382523,"test","gex_pt.wohub","gex
+protein embeddings","without_hubness"
"4136","ACH-001992",0.645969967866162,"test","gex_pt.wohub","gex
+protein embeddings","without_hubness"
"4137","ACH-001993",0.608427911178995,"test","gex_pt.wohub","gex
+protein embeddings","without_hubness"
"4138","ACH-001997",0.618792942090372,"test","gex_pt.wohub","gex
+protein embeddings","without_hubness"
"4139","ACH-001999",0.627554756461852,"test","gex_pt.wohub","gex
+protein embeddings","without_hubness"
"4140","ACH-002001",0.644758518509394,"test","gex_pt.wohub","gex
+protein embeddings","without_hubness"
"4141","ACH-002002",0.659694130370317,"test","gex_pt.wohub","gex
+protein embeddings","without_hubness"
"4142","ACH-002003",0.598815044208192,"test","gex_pt.wohub","gex
+protein embeddings","without_hubness"
"4143","ACH-002005",0.60120298678699,"test","gex_pt.wohub","gex
+protein embeddings","without_hubness"
"4144","ACH-002014",0.554365859305131,"test","gex_pt.wohub","gex
+protein embeddings","without_hubness"
"4145","ACH-002015",0.634438963492887,"test","gex_pt.wohub","gex
+protein embeddings","without_hubness"
"4146","ACH-002016",0.597737167954253,"test","gex_pt.wohub","gex
+protein embeddings","without_hubness"
"4147","ACH-002017",0.607463009569688,"test","gex_pt.wohub","gex
+protein embeddings","without_hubness"
"4148","ACH-002018",0.655805160783761,"test","gex_pt.wohub","gex
+protein embeddings","without_hubness"
"4149","ACH-002019",0.620767674757344,"test","gex_pt.wohub","gex
+protein embeddings","without_hubness"
"4150","ACH-002021",0.584536823056013,"test","gex_pt.wohub","gex
+protein embeddings","without_hubness"
"4151","ACH-002023",0.632271948782947,"test","gex_pt.wohub","gex
+protein embeddings","without_hubness"
"4152","ACH-002024",0.589770678524459,"test","gex_pt.wohub","gex
+protein embeddings","without_hubness"
"4153","ACH-002025",0.626757264790554,"test","gex_pt.wohub","gex
+protein embeddings","without_hubness"
"4154","ACH-002026",0.628927332178722,"test","gex_pt.wohub","gex
+protein embeddings","without_hubness"
"4155","ACH-002027",0.628753516656826,"test","gex_pt.wohub","gex
+protein embeddings","without_hubness"
"4156","ACH-002029",0.656575342879625,"test","gex_pt.wohub","gex
+protein embeddings","without_hubness"
"4157","ACH-002039",0.607616068916568,"test","gex_pt.wohub","gex
+protein embeddings","without_hubness"
"4158","ACH-002041",0.63459934198736,"test","gex_pt.wohub","gex
+protein embeddings","without_hubness"
"4159","ACH-002042",0.633735497212832,"test","gex_pt.wohub","gex
+protein embeddings","without_hubness"
"4160","ACH-002043",0.640443365454333,"test","gex_pt.wohub","gex
+protein embeddings","without_hubness"
"4161","ACH-002044",0.664723915069751,"test","gex_pt.wohub","gex
+protein embeddings","without_hubness"
"4162","ACH-002045",0.621927137230776,"test","gex_pt.wohub","gex
+protein embeddings","without_hubness"
"4163","ACH-002046",0.621069998286941,"test","gex_pt.wohub","gex
+protein embeddings","without_hubness"
"4164","ACH-002048",0.649424626236128,"test","gex_pt.wohub","gex
+protein embeddings","without_hubness"
"4165","ACH-002059",0.658337247395387,"test","gex_pt.wohub","gex
+protein embeddings","without_hubness"
"4166","ACH-002061",0.591811661398647,"test","gex_pt.wohub","gex
+protein embeddings","without_hubness"
"4167","ACH-002062",0.603769546795678,"test","gex_pt.wohub","gex
+protein embeddings","without_hubness"
"4168","ACH-002066",0.640268007967924,"test","gex_pt.wohub","gex
+protein embeddings","without_hubness"
"4169","ACH-002067",0.602178319433825,"test","gex_pt.wohub","gex
+protein embeddings","without_hubness"
"4170","ACH-002069",0.601253721171536,"test","gex_pt.wohub","gex
+protein embeddings","without_hubness"
"4171","ACH-002080",0.647083220156729,"test","gex_pt.wohub","gex
+protein embeddings","without_hubness"
"4172","ACH-002083",0.59933313522396,"test","gex_pt.wohub","gex
+protein embeddings","without_hubness"
"4173","ACH-002084",0.609018790421422,"test","gex_pt.wohub","gex
+protein embeddings","without_hubness"
"4174","ACH-002105",0.601472350382192,"test","gex_pt.wohub","gex
+protein embeddings","without_hubness"
"4175","ACH-002106",0.599446009408147,"test","gex_pt.wohub","gex
+protein embeddings","without_hubness"
"4176","ACH-002109",0.607087106512948,"test","gex_pt.wohub","gex
+protein embeddings","without_hubness"
"4177","ACH-002110",0.644588383802791,"test","gex_pt.wohub","gex
+protein embeddings","without_hubness"
"4178","ACH-002114",0.61361749310224,"test","gex_pt.wohub","gex
+protein embeddings","without_hubness"
"4179","ACH-002116",0.615053895774978,"test","gex_pt.wohub","gex
+protein embeddings","without_hubness"
"4180","ACH-002119",0.628736625566885,"test","gex_pt.wohub","gex
+protein embeddings","without_hubness"
"4181","ACH-002140",0.619962272913113,"test","gex_pt.wohub","gex
+protein embeddings","without_hubness"
"4182","ACH-002141",0.622526689017268,"test","gex_pt.wohub","gex
+protein embeddings","without_hubness"
"4183","ACH-002143",0.59094046705663,"test","gex_pt.wohub","gex
+protein embeddings","without_hubness"
"4184","ACH-002150",0.647245933045145,"test","gex_pt.wohub","gex
+protein embeddings","without_hubness"
"4185","ACH-002156",0.622737868473174,"test","gex_pt.wohub","gex
+protein embeddings","without_hubness"
"4186","ACH-002160",0.621152259169721,"test","gex_pt.wohub","gex
+protein embeddings","without_hubness"
"4187","ACH-002161",0.640148841766436,"test","gex_pt.wohub","gex
+protein embeddings","without_hubness"
"4188","ACH-002179",0.600046844474397,"test","gex_pt.wohub","gex
+protein embeddings","without_hubness"
"4189","ACH-002181",0.612321068531278,"test","gex_pt.wohub","gex
+protein embeddings","without_hubness"
"4190","ACH-002183",0.596128813417999,"test","gex_pt.wohub","gex
+protein embeddings","without_hubness"
"4191","ACH-002186",0.620791236832631,"test","gex_pt.wohub","gex
+protein embeddings","without_hubness"
"4192","ACH-002189",0.605326850759631,"test","gex_pt.wohub","gex
+protein embeddings","without_hubness"
"4193","ACH-002198",0.651118447797687,"test","gex_pt.wohub","gex
+protein embeddings","without_hubness"
"4194","ACH-002202",0.629713428095549,"test","gex_pt.wohub","gex
+protein embeddings","without_hubness"
"4195","ACH-002210",0.637860672437131,"test","gex_pt.wohub","gex
+protein embeddings","without_hubness"
"4196","ACH-002212",0.617068907627557,"test","gex_pt.wohub","gex
+protein embeddings","without_hubness"
"4197","ACH-002217",0.607485180054145,"test","gex_pt.wohub","gex
+protein embeddings","without_hubness"
"4198","ACH-002228",0.626171164542608,"test","gex_pt.wohub","gex
+protein embeddings","without_hubness"
"4199","ACH-002229",0.596985402183084,"test","gex_pt.wohub","gex
+protein embeddings","without_hubness"
"4200","ACH-002230",0.604275037025062,"test","gex_pt.wohub","gex
+protein embeddings","without_hubness"
"4201","ACH-002233",0.580127417220566,"test","gex_pt.wohub","gex
+protein embeddings","without_hubness"
"4202","ACH-002234",0.62816812262786,"test","gex_pt.wohub","gex
+protein embeddings","without_hubness"
"4203","ACH-002239",0.611534862745165,"test","gex_pt.wohub","gex
+protein embeddings","without_hubness"
"4204","ACH-002243",0.623817334554105,"test","gex_pt.wohub","gex
+protein embeddings","without_hubness"
"4205","ACH-002247",0.664790407005666,"test","gex_pt.wohub","gex
+protein embeddings","without_hubness"
"4206","ACH-002249",0.6273925921572,"test","gex_pt.wohub","gex
+protein embeddings","without_hubness"
"4207","ACH-002250",0.62930886979119,"test","gex_pt.wohub","gex
+protein embeddings","without_hubness"
"4208","ACH-002251",0.631462236165561,"test","gex_pt.wohub","gex
+protein embeddings","without_hubness"
"4209","ACH-002257",0.592772618681529,"test","gex_pt.wohub","gex
+protein embeddings","without_hubness"
"4210","ACH-002261",0.606943384094211,"test","gex_pt.wohub","gex
+protein embeddings","without_hubness"
"4211","ACH-002263",0.642172042746472,"test","gex_pt.wohub","gex
+protein embeddings","without_hubness"
"4212","ACH-002265",0.60922442442613,"test","gex_pt.wohub","gex
+protein embeddings","without_hubness"
"4213","ACH-002269",0.625145014673617,"test","gex_pt.wohub","gex
+protein embeddings","without_hubness"
"4214","ACH-002278",0.571524777109074,"test","gex_pt.wohub","gex
+protein embeddings","without_hubness"
"4215","ACH-002280",0.590997194526632,"test","gex_pt.wohub","gex
+protein embeddings","without_hubness"
"4216","ACH-002282",0.593710636681126,"test","gex_pt.wohub","gex
+protein embeddings","without_hubness"
"4217","ACH-002283",0.620527416870075,"test","gex_pt.wohub","gex
+protein embeddings","without_hubness"
"4218","ACH-002284",0.60076650807735,"test","gex_pt.wohub","gex
+protein embeddings","without_hubness"
"4219","ACH-002285",0.633292638872848,"test","gex_pt.wohub","gex
+protein embeddings","without_hubness"
"4220","ACH-002294",0.622529066101806,"test","gex_pt.wohub","gex
+protein embeddings","without_hubness"
"4221","ACH-002295",0.627316466604809,"test","gex_pt.wohub","gex
+protein embeddings","without_hubness"
"4222","ACH-002296",0.636163325611046,"test","gex_pt.wohub","gex
+protein embeddings","without_hubness"
"4223","ACH-002297",0.635801953392418,"test","gex_pt.wohub","gex
+protein embeddings","without_hubness"
"4224","ACH-002298",0.626507944411823,"test","gex_pt.wohub","gex
+protein embeddings","without_hubness"
"4225","ACH-002304",0.618915358685664,"test","gex_pt.wohub","gex
+protein embeddings","without_hubness"
"4226","ACH-002305",0.642941216623931,"test","gex_pt.wohub","gex
+protein embeddings","without_hubness"
"4227","ACH-002399",0.622228449882452,"test","gex_pt.wohub","gex
+protein embeddings","without_hubness"
"4228","ACH-002446",0.597024809473512,"test","gex_pt.wohub","gex
+protein embeddings","without_hubness"
"4229","ACH-002458",0.593209933791595,"test","gex_pt.wohub","gex
+protein embeddings","without_hubness"
"4230","ACH-002459",0.641016473331397,"test","gex_pt.wohub","gex
+protein embeddings","without_hubness"
"4231","ACH-002460",0.611429861546444,"test","gex_pt.wohub","gex
+protein embeddings","without_hubness"
"4232","ACH-002461",0.615980541895251,"test","gex_pt.wohub","gex
+protein embeddings","without_hubness"
"4233","ACH-002462",0.621159584592315,"test","gex_pt.wohub","gex
+protein embeddings","without_hubness"
"4234","ACH-002463",0.601553677862181,"test","gex_pt.wohub","gex
+protein embeddings","without_hubness"
"4235","ACH-002464",0.582982203039564,"test","gex_pt.wohub","gex
+protein embeddings","without_hubness"
"4236","ACH-002465",0.616736926025404,"test","gex_pt.wohub","gex
+protein embeddings","without_hubness"
"4237","ACH-002467",0.61153978693874,"test","gex_pt.wohub","gex
+protein embeddings","without_hubness"
"4238","ACH-002471",0.578336721451075,"test","gex_pt.wohub","gex
+protein embeddings","without_hubness"
"4239","ACH-002508",0.616862618896432,"test","gex_pt.wohub","gex
+protein embeddings","without_hubness"
"4240","ACH-002510",0.615750441129498,"test","gex_pt.wohub","gex
+protein embeddings","without_hubness"
"4241","ACH-002511",0.594744720892782,"test","gex_pt.wohub","gex
+protein embeddings","without_hubness"
"4242","ACH-002512",0.578544305281861,"test","gex_pt.wohub","gex
+protein embeddings","without_hubness"
"4243","ACH-002647",0.573241531507229,"test","gex_pt.wohub","gex
+protein embeddings","without_hubness"
"4244","ACH-002659",0.625546614835189,"test","gex_pt.wohub","gex
+protein embeddings","without_hubness"
"4245","ACH-002664",0.645975403242973,"test","gex_pt.wohub","gex
+protein embeddings","without_hubness"
"4246","ACH-002669",0.635827447118369,"test","gex_pt.wohub","gex
+protein embeddings","without_hubness"
"4247","ACH-002672",0.62470163389909,"test","gex_pt.wohub","gex
+protein embeddings","without_hubness"
"4248","ACH-002680",0.629245026097319,"test","gex_pt.wohub","gex
+protein embeddings","without_hubness"
"4249","ACH-002687",0.62318896455861,"test","gex_pt.wohub","gex
+protein embeddings","without_hubness"
"4250","ACH-002693",0.605817299213553,"test","gex_pt.wohub","gex
+protein embeddings","without_hubness"
"4251","ACH-002710",0.640794596527179,"test","gex_pt.wohub","gex
+protein embeddings","without_hubness"
"4252","ACH-002785",0.628285497415946,"test","gex_pt.wohub","gex
+protein embeddings","without_hubness"
"4253","ACH-002800",0.610884302942413,"test","gex_pt.wohub","gex
+protein embeddings","without_hubness"
"4254","ACH-002834",0.587241223330895,"test","gex_pt.wohub","gex
+protein embeddings","without_hubness"
"4255","ACH-002847",0.631244694941043,"test","gex_pt.wohub","gex
+protein embeddings","without_hubness"
"4256","ACH-002926",0.629422309909149,"test","gex_pt.wohub","gex
+protein embeddings","without_hubness"
"4257","ACH-000001",0.605951524066536,"test","gex_pt_dp","gex
+protein embeddings
+describeProt","with_hubness"
"4258","ACH-000004",0.590819804959618,"test","gex_pt_dp","gex
+protein embeddings
+describeProt","with_hubness"
"4259","ACH-000005",0.586972810195513,"test","gex_pt_dp","gex
+protein embeddings
+describeProt","with_hubness"
"4260","ACH-000007",0.614242164211453,"test","gex_pt_dp","gex
+protein embeddings
+describeProt","with_hubness"
"4261","ACH-000009",0.611429521435508,"test","gex_pt_dp","gex
+protein embeddings
+describeProt","with_hubness"
"4262","ACH-000011",0.612093399224013,"test","gex_pt_dp","gex
+protein embeddings
+describeProt","with_hubness"
"4263","ACH-000012",0.627119875084256,"test","gex_pt_dp","gex
+protein embeddings
+describeProt","with_hubness"
"4264","ACH-000013",0.616389471041907,"test","gex_pt_dp","gex
+protein embeddings
+describeProt","with_hubness"
"4265","ACH-000014",0.611785588123878,"test","gex_pt_dp","gex
+protein embeddings
+describeProt","with_hubness"
"4266","ACH-000015",0.628664798302995,"test","gex_pt_dp","gex
+protein embeddings
+describeProt","with_hubness"
"4267","ACH-000017",0.593189140352304,"test","gex_pt_dp","gex
+protein embeddings
+describeProt","with_hubness"
"4268","ACH-000018",0.614330669955124,"test","gex_pt_dp","gex
+protein embeddings
+describeProt","with_hubness"
"4269","ACH-000019",0.622163335069654,"test","gex_pt_dp","gex
+protein embeddings
+describeProt","with_hubness"
"4270","ACH-000021",0.601623357193802,"test","gex_pt_dp","gex
+protein embeddings
+describeProt","with_hubness"
"4271","ACH-000022",0.611799562178542,"test","gex_pt_dp","gex
+protein embeddings
+describeProt","with_hubness"
"4272","ACH-000023",0.625234523117586,"test","gex_pt_dp","gex
+protein embeddings
+describeProt","with_hubness"
"4273","ACH-000024",0.614260422187275,"test","gex_pt_dp","gex
+protein embeddings
+describeProt","with_hubness"
"4274","ACH-000025",0.614067756718676,"test","gex_pt_dp","gex
+protein embeddings
+describeProt","with_hubness"
"4275","ACH-000028",0.619128425352032,"test","gex_pt_dp","gex
+protein embeddings
+describeProt","with_hubness"
"4276","ACH-000029",0.628120329278665,"test","gex_pt_dp","gex
+protein embeddings
+describeProt","with_hubness"
"4277","ACH-000030",0.605381691159628,"test","gex_pt_dp","gex
+protein embeddings
+describeProt","with_hubness"
"4278","ACH-000035",0.618727603504609,"test","gex_pt_dp","gex
+protein embeddings
+describeProt","with_hubness"
"4279","ACH-000036",0.591209090306404,"test","gex_pt_dp","gex
+protein embeddings
+describeProt","with_hubness"
"4280","ACH-000037",0.584814672193854,"test","gex_pt_dp","gex
+protein embeddings
+describeProt","with_hubness"
"4281","ACH-000039",0.591613262330989,"test","gex_pt_dp","gex
+protein embeddings
+describeProt","with_hubness"
"4282","ACH-000040",0.597696171367952,"test","gex_pt_dp","gex
+protein embeddings
+describeProt","with_hubness"
"4283","ACH-000041",0.589109766304218,"test","gex_pt_dp","gex
+protein embeddings
+describeProt","with_hubness"
"4284","ACH-000042",0.594253828542526,"test","gex_pt_dp","gex
+protein embeddings
+describeProt","with_hubness"
"4285","ACH-000045",0.621545953337206,"test","gex_pt_dp","gex
+protein embeddings
+describeProt","with_hubness"
"4286","ACH-000047",0.639088007171271,"test","gex_pt_dp","gex
+protein embeddings
+describeProt","with_hubness"
"4287","ACH-000048",0.626714200611682,"test","gex_pt_dp","gex
+protein embeddings
+describeProt","with_hubness"
"4288","ACH-000052",0.596348121585151,"test","gex_pt_dp","gex
+protein embeddings
+describeProt","with_hubness"
"4289","ACH-000053",0.603081832027731,"test","gex_pt_dp","gex
+protein embeddings
+describeProt","with_hubness"
"4290","ACH-000054",0.619280638688717,"test","gex_pt_dp","gex
+protein embeddings
+describeProt","with_hubness"
"4291","ACH-000055",0.600346322388765,"test","gex_pt_dp","gex
+protein embeddings
+describeProt","with_hubness"
"4292","ACH-000060",0.621982462932404,"test","gex_pt_dp","gex
+protein embeddings
+describeProt","with_hubness"
"4293","ACH-000067",0.617916667544026,"test","gex_pt_dp","gex
+protein embeddings
+describeProt","with_hubness"
"4294","ACH-000070",0.607767510068009,"test","gex_pt_dp","gex
+protein embeddings
+describeProt","with_hubness"
"4295","ACH-000074",0.598075844189745,"test","gex_pt_dp","gex
+protein embeddings
+describeProt","with_hubness"
"4296","ACH-000075",0.615775047349198,"test","gex_pt_dp","gex
+protein embeddings
+describeProt","with_hubness"
"4297","ACH-000076",0.601482162223204,"test","gex_pt_dp","gex
+protein embeddings
+describeProt","with_hubness"
"4298","ACH-000077",0.56879417283829,"test","gex_pt_dp","gex
+protein embeddings
+describeProt","with_hubness"
"4299","ACH-000078",0.581570027795149,"test","gex_pt_dp","gex
+protein embeddings
+describeProt","with_hubness"
"4300","ACH-000082",0.602426145098549,"test","gex_pt_dp","gex
+protein embeddings
+describeProt","with_hubness"
"4301","ACH-000085",0.589500145207095,"test","gex_pt_dp","gex
+protein embeddings
+describeProt","with_hubness"
"4302","ACH-000086",0.620647465063377,"test","gex_pt_dp","gex
+protein embeddings
+describeProt","with_hubness"
"4303","ACH-000087",0.613410881066888,"test","gex_pt_dp","gex
+protein embeddings
+describeProt","with_hubness"
"4304","ACH-000090",0.593792739882399,"test","gex_pt_dp","gex
+protein embeddings
+describeProt","with_hubness"
"4305","ACH-000092",0.591727082431435,"test","gex_pt_dp","gex
+protein embeddings
+describeProt","with_hubness"
"4306","ACH-000093",0.55483328468639,"test","gex_pt_dp","gex
+protein embeddings
+describeProt","with_hubness"
"4307","ACH-000094",0.587375950055156,"test","gex_pt_dp","gex
+protein embeddings
+describeProt","with_hubness"
"4308","ACH-000095",0.612092981722163,"test","gex_pt_dp","gex
+protein embeddings
+describeProt","with_hubness"
"4309","ACH-000097",0.62992210854331,"test","gex_pt_dp","gex
+protein embeddings
+describeProt","with_hubness"
"4310","ACH-000098",0.62640680077111,"test","gex_pt_dp","gex
+protein embeddings
+describeProt","with_hubness"
"4311","ACH-000099",0.621652375637471,"test","gex_pt_dp","gex
+protein embeddings
+describeProt","with_hubness"
"4312","ACH-000101",0.61229469977361,"test","gex_pt_dp","gex
+protein embeddings
+describeProt","with_hubness"
"4313","ACH-000103",0.58538109536379,"test","gex_pt_dp","gex
+protein embeddings
+describeProt","with_hubness"
"4314","ACH-000108",0.608849892473114,"test","gex_pt_dp","gex
+protein embeddings
+describeProt","with_hubness"
"4315","ACH-000111",0.620269607319378,"test","gex_pt_dp","gex
+protein embeddings
+describeProt","with_hubness"
"4316","ACH-000113",0.640424920810033,"test","gex_pt_dp","gex
+protein embeddings
+describeProt","with_hubness"
"4317","ACH-000114",0.60253631487845,"test","gex_pt_dp","gex
+protein embeddings
+describeProt","with_hubness"
"4318","ACH-000115",0.567493305748336,"test","gex_pt_dp","gex
+protein embeddings
+describeProt","with_hubness"
"4319","ACH-000118",0.631393415468814,"test","gex_pt_dp","gex
+protein embeddings
+describeProt","with_hubness"
"4320","ACH-000120",0.621052695660515,"test","gex_pt_dp","gex
+protein embeddings
+describeProt","with_hubness"
"4321","ACH-000123",0.626174940109638,"test","gex_pt_dp","gex
+protein embeddings
+describeProt","with_hubness"
"4322","ACH-000124",0.610027575169024,"test","gex_pt_dp","gex
+protein embeddings
+describeProt","with_hubness"
"4323","ACH-000127",0.642503114737542,"test","gex_pt_dp","gex
+protein embeddings
+describeProt","with_hubness"
"4324","ACH-000128",0.615020358320739,"test","gex_pt_dp","gex
+protein embeddings
+describeProt","with_hubness"
"4325","ACH-000132",0.623827923875924,"test","gex_pt_dp","gex
+protein embeddings
+describeProt","with_hubness"
"4326","ACH-000133",0.602024933690732,"test","gex_pt_dp","gex
+protein embeddings
+describeProt","with_hubness"
"4327","ACH-000137",0.619496572746905,"test","gex_pt_dp","gex
+protein embeddings
+describeProt","with_hubness"
"4328","ACH-000138",0.614613075612136,"test","gex_pt_dp","gex
+protein embeddings
+describeProt","with_hubness"
"4329","ACH-000139",0.557565722991488,"test","gex_pt_dp","gex
+protein embeddings
+describeProt","with_hubness"
"4330","ACH-000141",0.607630244318514,"test","gex_pt_dp","gex
+protein embeddings
+describeProt","with_hubness"
"4331","ACH-000142",0.601455904719785,"test","gex_pt_dp","gex
+protein embeddings
+describeProt","with_hubness"
"4332","ACH-000143",0.630021131720473,"test","gex_pt_dp","gex
+protein embeddings
+describeProt","with_hubness"
"4333","ACH-000144",0.587459689337072,"test","gex_pt_dp","gex
+protein embeddings
+describeProt","with_hubness"
"4334","ACH-000145",0.600180309934635,"test","gex_pt_dp","gex
+protein embeddings
+describeProt","with_hubness"
"4335","ACH-000146",0.614246628958787,"test","gex_pt_dp","gex
+protein embeddings
+describeProt","with_hubness"
"4336","ACH-000147",0.629958139795537,"test","gex_pt_dp","gex
+protein embeddings
+describeProt","with_hubness"
"4337","ACH-000148",0.612689952127419,"test","gex_pt_dp","gex
+protein embeddings
+describeProt","with_hubness"
"4338","ACH-000149",0.622319849076429,"test","gex_pt_dp","gex
+protein embeddings
+describeProt","with_hubness"
"4339","ACH-000150",0.609660480487687,"test","gex_pt_dp","gex
+protein embeddings
+describeProt","with_hubness"
"4340","ACH-000151",0.588782803650076,"test","gex_pt_dp","gex
+protein embeddings
+describeProt","with_hubness"
"4341","ACH-000152",0.600690797338856,"test","gex_pt_dp","gex
+protein embeddings
+describeProt","with_hubness"
"4342","ACH-000153",0.58725524667454,"test","gex_pt_dp","gex
+protein embeddings
+describeProt","with_hubness"
"4343","ACH-000155",0.605972469051313,"test","gex_pt_dp","gex
+protein embeddings
+describeProt","with_hubness"
"4344","ACH-000159",0.617243501104726,"test","gex_pt_dp","gex
+protein embeddings
+describeProt","with_hubness"
"4345","ACH-000160",0.617692314178179,"test","gex_pt_dp","gex
+protein embeddings
+describeProt","with_hubness"
"4346","ACH-000161",0.623749498521964,"test","gex_pt_dp","gex
+protein embeddings
+describeProt","with_hubness"
"4347","ACH-000163",0.594344402981018,"test","gex_pt_dp","gex
+protein embeddings
+describeProt","with_hubness"
"4348","ACH-000164",0.609533021302318,"test","gex_pt_dp","gex
+protein embeddings
+describeProt","with_hubness"
"4349","ACH-000168",0.562029336572349,"test","gex_pt_dp","gex
+protein embeddings
+describeProt","with_hubness"
"4350","ACH-000169",0.623746031239486,"test","gex_pt_dp","gex
+protein embeddings
+describeProt","with_hubness"
"4351","ACH-000174",0.610540058619967,"test","gex_pt_dp","gex
+protein embeddings
+describeProt","with_hubness"
"4352","ACH-000176",0.589378363658502,"test","gex_pt_dp","gex
+protein embeddings
+describeProt","with_hubness"
"4353","ACH-000178",0.633803071129192,"test","gex_pt_dp","gex
+protein embeddings
+describeProt","with_hubness"
"4354","ACH-000181",0.629261882064082,"test","gex_pt_dp","gex
+protein embeddings
+describeProt","with_hubness"
"4355","ACH-000182",0.619959046406269,"test","gex_pt_dp","gex
+protein embeddings
+describeProt","with_hubness"
"4356","ACH-000183",0.632424717972021,"test","gex_pt_dp","gex
+protein embeddings
+describeProt","with_hubness"
"4357","ACH-000187",0.598929381372377,"test","gex_pt_dp","gex
+protein embeddings
+describeProt","with_hubness"
"4358","ACH-000188",0.619345086291955,"test","gex_pt_dp","gex
+protein embeddings
+describeProt","with_hubness"
"4359","ACH-000189",0.585979016273362,"test","gex_pt_dp","gex
+protein embeddings
+describeProt","with_hubness"
"4360","ACH-000190",0.617420635808327,"test","gex_pt_dp","gex
+protein embeddings
+describeProt","with_hubness"
"4361","ACH-000191",0.592388254377288,"test","gex_pt_dp","gex
+protein embeddings
+describeProt","with_hubness"
"4362","ACH-000195",0.573868516888152,"test","gex_pt_dp","gex
+protein embeddings
+describeProt","with_hubness"
"4363","ACH-000198",0.632648292095118,"test","gex_pt_dp","gex
+protein embeddings
+describeProt","with_hubness"
"4364","ACH-000200",0.615581610426612,"test","gex_pt_dp","gex
+protein embeddings
+describeProt","with_hubness"
"4365","ACH-000202",0.587175563269998,"test","gex_pt_dp","gex
+protein embeddings
+describeProt","with_hubness"
"4366","ACH-000204",0.612346733248701,"test","gex_pt_dp","gex
+protein embeddings
+describeProt","with_hubness"
"4367","ACH-000206",0.58672677915343,"test","gex_pt_dp","gex
+protein embeddings
+describeProt","with_hubness"
"4368","ACH-000207",0.601438551611283,"test","gex_pt_dp","gex
+protein embeddings
+describeProt","with_hubness"
"4369","ACH-000209",0.592187523600761,"test","gex_pt_dp","gex
+protein embeddings
+describeProt","with_hubness"
"4370","ACH-000211",0.616220276303586,"test","gex_pt_dp","gex
+protein embeddings
+describeProt","with_hubness"
"4371","ACH-000212",0.588444129665393,"test","gex_pt_dp","gex
+protein embeddings
+describeProt","with_hubness"
"4372","ACH-000213",0.605793392522185,"test","gex_pt_dp","gex
+protein embeddings
+describeProt","with_hubness"
"4373","ACH-000215",0.618434244808376,"test","gex_pt_dp","gex
+protein embeddings
+describeProt","with_hubness"
"4374","ACH-000216",0.633629076539213,"test","gex_pt_dp","gex
+protein embeddings
+describeProt","with_hubness"
"4375","ACH-000217",0.623387452676347,"test","gex_pt_dp","gex
+protein embeddings
+describeProt","with_hubness"
"4376","ACH-000219",0.646157400917925,"test","gex_pt_dp","gex
+protein embeddings
+describeProt","with_hubness"
"4377","ACH-000221",0.600193596743921,"test","gex_pt_dp","gex
+protein embeddings
+describeProt","with_hubness"
"4378","ACH-000222",0.60502367021927,"test","gex_pt_dp","gex
+protein embeddings
+describeProt","with_hubness"
"4379","ACH-000223",0.6104985054345,"test","gex_pt_dp","gex
+protein embeddings
+describeProt","with_hubness"
"4380","ACH-000226",0.607561597699215,"test","gex_pt_dp","gex
+protein embeddings
+describeProt","with_hubness"
"4381","ACH-000227",0.591010624173041,"test","gex_pt_dp","gex
+protein embeddings
+describeProt","with_hubness"
"4382","ACH-000228",0.594288594501385,"test","gex_pt_dp","gex
+protein embeddings
+describeProt","with_hubness"
"4383","ACH-000231",0.614207806585813,"test","gex_pt_dp","gex
+protein embeddings
+describeProt","with_hubness"
"4384","ACH-000232",0.638864112645045,"test","gex_pt_dp","gex
+protein embeddings
+describeProt","with_hubness"
"4385","ACH-000233",0.619961940316472,"test","gex_pt_dp","gex
+protein embeddings
+describeProt","with_hubness"
"4386","ACH-000234",0.58321766636772,"test","gex_pt_dp","gex
+protein embeddings
+describeProt","with_hubness"
"4387","ACH-000235",0.612512159758306,"test","gex_pt_dp","gex
+protein embeddings
+describeProt","with_hubness"
"4388","ACH-000237",0.599655177095834,"test","gex_pt_dp","gex
+protein embeddings
+describeProt","with_hubness"
"4389","ACH-000238",0.614996760526412,"test","gex_pt_dp","gex
+protein embeddings
+describeProt","with_hubness"
"4390","ACH-000243",0.642845508567029,"test","gex_pt_dp","gex
+protein embeddings
+describeProt","with_hubness"
"4391","ACH-000244",0.586705130643773,"test","gex_pt_dp","gex
+protein embeddings
+describeProt","with_hubness"
"4392","ACH-000246",0.63244821384536,"test","gex_pt_dp","gex
+protein embeddings
+describeProt","with_hubness"
"4393","ACH-000247",0.610747406820872,"test","gex_pt_dp","gex
+protein embeddings
+describeProt","with_hubness"
"4394","ACH-000248",0.607290407420033,"test","gex_pt_dp","gex
+protein embeddings
+describeProt","with_hubness"
"4395","ACH-000249",0.631977778724911,"test","gex_pt_dp","gex
+protein embeddings
+describeProt","with_hubness"
"4396","ACH-000250",0.613152044001373,"test","gex_pt_dp","gex
+protein embeddings
+describeProt","with_hubness"
"4397","ACH-000251",0.572263477071382,"test","gex_pt_dp","gex
+protein embeddings
+describeProt","with_hubness"
"4398","ACH-000252",0.612366084165379,"test","gex_pt_dp","gex
+protein embeddings
+describeProt","with_hubness"
"4399","ACH-000253",0.614392290571862,"test","gex_pt_dp","gex
+protein embeddings
+describeProt","with_hubness"
"4400","ACH-000255",0.616501189719457,"test","gex_pt_dp","gex
+protein embeddings
+describeProt","with_hubness"
"4401","ACH-000256",0.596758137115986,"test","gex_pt_dp","gex
+protein embeddings
+describeProt","with_hubness"
"4402","ACH-000257",0.578393814445366,"test","gex_pt_dp","gex
+protein embeddings
+describeProt","with_hubness"
"4403","ACH-000258",0.544454973245807,"test","gex_pt_dp","gex
+protein embeddings
+describeProt","with_hubness"
"4404","ACH-000259",0.6361992243324,"test","gex_pt_dp","gex
+protein embeddings
+describeProt","with_hubness"
"4405","ACH-000260",0.634031866028231,"test","gex_pt_dp","gex
+protein embeddings
+describeProt","with_hubness"
"4406","ACH-000261",0.616603786226944,"test","gex_pt_dp","gex
+protein embeddings
+describeProt","with_hubness"
"4407","ACH-000262",0.584248577049341,"test","gex_pt_dp","gex
+protein embeddings
+describeProt","with_hubness"
"4408","ACH-000263",0.579474092667008,"test","gex_pt_dp","gex
+protein embeddings
+describeProt","with_hubness"
"4409","ACH-000264",0.612355356537338,"test","gex_pt_dp","gex
+protein embeddings
+describeProt","with_hubness"
"4410","ACH-000265",0.635357720223295,"test","gex_pt_dp","gex
+protein embeddings
+describeProt","with_hubness"
"4411","ACH-000266",0.607584691011953,"test","gex_pt_dp","gex
+protein embeddings
+describeProt","with_hubness"
"4412","ACH-000269",0.58543957807977,"test","gex_pt_dp","gex
+protein embeddings
+describeProt","with_hubness"
"4413","ACH-000271",0.619961787854119,"test","gex_pt_dp","gex
+protein embeddings
+describeProt","with_hubness"
"4414","ACH-000272",0.602128576752791,"test","gex_pt_dp","gex
+protein embeddings
+describeProt","with_hubness"
"4415","ACH-000273",0.613326141940452,"test","gex_pt_dp","gex
+protein embeddings
+describeProt","with_hubness"
"4416","ACH-000274",0.587130339237446,"test","gex_pt_dp","gex
+protein embeddings
+describeProt","with_hubness"
"4417","ACH-000276",0.603297321454599,"test","gex_pt_dp","gex
+protein embeddings
+describeProt","with_hubness"
"4418","ACH-000277",0.594601207238939,"test","gex_pt_dp","gex
+protein embeddings
+describeProt","with_hubness"
"4419","ACH-000278",0.593461682124597,"test","gex_pt_dp","gex
+protein embeddings
+describeProt","with_hubness"
"4420","ACH-000279",0.623463577259683,"test","gex_pt_dp","gex
+protein embeddings
+describeProt","with_hubness"
"4421","ACH-000280",0.562944107571809,"test","gex_pt_dp","gex
+protein embeddings
+describeProt","with_hubness"
"4422","ACH-000281",0.57075406238452,"test","gex_pt_dp","gex
+protein embeddings
+describeProt","with_hubness"
"4423","ACH-000282",0.600276216543613,"test","gex_pt_dp","gex
+protein embeddings
+describeProt","with_hubness"
"4424","ACH-000286",0.599276570051153,"test","gex_pt_dp","gex
+protein embeddings
+describeProt","with_hubness"
"4425","ACH-000288",0.611092195248738,"test","gex_pt_dp","gex
+protein embeddings
+describeProt","with_hubness"
"4426","ACH-000290",0.636712497860485,"test","gex_pt_dp","gex
+protein embeddings
+describeProt","with_hubness"
"4427","ACH-000291",0.613191948148174,"test","gex_pt_dp","gex
+protein embeddings
+describeProt","with_hubness"
"4428","ACH-000292",0.611133723772262,"test","gex_pt_dp","gex
+protein embeddings
+describeProt","with_hubness"
"4429","ACH-000293",0.622820084594203,"test","gex_pt_dp","gex
+protein embeddings
+describeProt","with_hubness"
"4430","ACH-000294",0.567356929064207,"test","gex_pt_dp","gex
+protein embeddings
+describeProt","with_hubness"
"4431","ACH-000295",0.593334345333343,"test","gex_pt_dp","gex
+protein embeddings
+describeProt","with_hubness"
"4432","ACH-000296",0.590452458935085,"test","gex_pt_dp","gex
+protein embeddings
+describeProt","with_hubness"
"4433","ACH-000302",0.620859257031283,"test","gex_pt_dp","gex
+protein embeddings
+describeProt","with_hubness"
"4434","ACH-000303",0.616094421558228,"test","gex_pt_dp","gex
+protein embeddings
+describeProt","with_hubness"
"4435","ACH-000304",0.573397269729041,"test","gex_pt_dp","gex
+protein embeddings
+describeProt","with_hubness"
"4436","ACH-000305",0.617809354448209,"test","gex_pt_dp","gex
+protein embeddings
+describeProt","with_hubness"
"4437","ACH-000307",0.61912893434424,"test","gex_pt_dp","gex
+protein embeddings
+describeProt","with_hubness"
"4438","ACH-000308",0.59801691569278,"test","gex_pt_dp","gex
+protein embeddings
+describeProt","with_hubness"
"4439","ACH-000310",0.562617419190398,"test","gex_pt_dp","gex
+protein embeddings
+describeProt","with_hubness"
"4440","ACH-000311",0.599700587602209,"test","gex_pt_dp","gex
+protein embeddings
+describeProt","with_hubness"
"4441","ACH-000312",0.618671199411652,"test","gex_pt_dp","gex
+protein embeddings
+describeProt","with_hubness"
"4442","ACH-000313",0.606030577331389,"test","gex_pt_dp","gex
+protein embeddings
+describeProt","with_hubness"
"4443","ACH-000315",0.586695696834044,"test","gex_pt_dp","gex
+protein embeddings
+describeProt","with_hubness"
"4444","ACH-000316",0.603136685416162,"test","gex_pt_dp","gex
+protein embeddings
+describeProt","with_hubness"
"4445","ACH-000317",0.56303644452982,"test","gex_pt_dp","gex
+protein embeddings
+describeProt","with_hubness"
"4446","ACH-000318",0.626061587457253,"test","gex_pt_dp","gex
+protein embeddings
+describeProt","with_hubness"
"4447","ACH-000319",0.607228658276976,"test","gex_pt_dp","gex
+protein embeddings
+describeProt","with_hubness"
"4448","ACH-000320",0.619577411517463,"test","gex_pt_dp","gex
+protein embeddings
+describeProt","with_hubness"
"4449","ACH-000322",0.583360927428544,"test","gex_pt_dp","gex
+protein embeddings
+describeProt","with_hubness"
"4450","ACH-000323",0.627855864704261,"test","gex_pt_dp","gex
+protein embeddings
+describeProt","with_hubness"
"4451","ACH-000324",0.614402205677963,"test","gex_pt_dp","gex
+protein embeddings
+describeProt","with_hubness"
"4452","ACH-000325",0.600318223327003,"test","gex_pt_dp","gex
+protein embeddings
+describeProt","with_hubness"
"4453","ACH-000326",0.628661528751181,"test","gex_pt_dp","gex
+protein embeddings
+describeProt","with_hubness"
"4454","ACH-000329",0.606336744900436,"test","gex_pt_dp","gex
+protein embeddings
+describeProt","with_hubness"
"4455","ACH-000330",0.599541754067281,"test","gex_pt_dp","gex
+protein embeddings
+describeProt","with_hubness"
"4456","ACH-000331",0.626874229782363,"test","gex_pt_dp","gex
+protein embeddings
+describeProt","with_hubness"
"4457","ACH-000332",0.607711723275009,"test","gex_pt_dp","gex
+protein embeddings
+describeProt","with_hubness"
"4458","ACH-000334",0.578485551654051,"test","gex_pt_dp","gex
+protein embeddings
+describeProt","with_hubness"
"4459","ACH-000335",0.60118612554014,"test","gex_pt_dp","gex
+protein embeddings
+describeProt","with_hubness"
"4460","ACH-000336",0.628340594419828,"test","gex_pt_dp","gex
+protein embeddings
+describeProt","with_hubness"
"4461","ACH-000337",0.623119916225489,"test","gex_pt_dp","gex
+protein embeddings
+describeProt","with_hubness"
"4462","ACH-000339",0.619552031014507,"test","gex_pt_dp","gex
+protein embeddings
+describeProt","with_hubness"
"4463","ACH-000341",0.60973039309177,"test","gex_pt_dp","gex
+protein embeddings
+describeProt","with_hubness"
"4464","ACH-000343",0.615163935079969,"test","gex_pt_dp","gex
+protein embeddings
+describeProt","with_hubness"
"4465","ACH-000344",0.602123128028488,"test","gex_pt_dp","gex
+protein embeddings
+describeProt","with_hubness"
"4466","ACH-000346",0.59308145699374,"test","gex_pt_dp","gex
+protein embeddings
+describeProt","with_hubness"
"4467","ACH-000348",0.618739833695914,"test","gex_pt_dp","gex
+protein embeddings
+describeProt","with_hubness"
"4468","ACH-000352",0.626994616207088,"test","gex_pt_dp","gex
+protein embeddings
+describeProt","with_hubness"
"4469","ACH-000354",0.583905402916642,"test","gex_pt_dp","gex
+protein embeddings
+describeProt","with_hubness"
"4470","ACH-000355",0.552776220189681,"test","gex_pt_dp","gex
+protein embeddings
+describeProt","with_hubness"
"4471","ACH-000356",0.603080270602678,"test","gex_pt_dp","gex
+protein embeddings
+describeProt","with_hubness"
"4472","ACH-000359",0.576336174207648,"test","gex_pt_dp","gex
+protein embeddings
+describeProt","with_hubness"
"4473","ACH-000361",0.591908499288183,"test","gex_pt_dp","gex
+protein embeddings
+describeProt","with_hubness"
"4474","ACH-000362",0.621690362862979,"test","gex_pt_dp","gex
+protein embeddings
+describeProt","with_hubness"
"4475","ACH-000363",0.607347137891698,"test","gex_pt_dp","gex
+protein embeddings
+describeProt","with_hubness"
"4476","ACH-000364",0.622329447554665,"test","gex_pt_dp","gex
+protein embeddings
+describeProt","with_hubness"
"4477","ACH-000365",0.625336913259119,"test","gex_pt_dp","gex
+protein embeddings
+describeProt","with_hubness"
"4478","ACH-000366",0.597418250792568,"test","gex_pt_dp","gex
+protein embeddings
+describeProt","with_hubness"
"4479","ACH-000367",0.579469679136579,"test","gex_pt_dp","gex
+protein embeddings
+describeProt","with_hubness"
"4480","ACH-000368",0.597531565525996,"test","gex_pt_dp","gex
+protein embeddings
+describeProt","with_hubness"
"4481","ACH-000370",0.578664729010058,"test","gex_pt_dp","gex
+protein embeddings
+describeProt","with_hubness"
"4482","ACH-000371",0.623348156592556,"test","gex_pt_dp","gex
+protein embeddings
+describeProt","with_hubness"
"4483","ACH-000374",0.60200765980524,"test","gex_pt_dp","gex
+protein embeddings
+describeProt","with_hubness"
"4484","ACH-000375",0.588551941039064,"test","gex_pt_dp","gex
+protein embeddings
+describeProt","with_hubness"
"4485","ACH-000376",0.625857193727711,"test","gex_pt_dp","gex
+protein embeddings
+describeProt","with_hubness"
"4486","ACH-000377",0.60917647548759,"test","gex_pt_dp","gex
+protein embeddings
+describeProt","with_hubness"
"4487","ACH-000378",0.617180878106727,"test","gex_pt_dp","gex
+protein embeddings
+describeProt","with_hubness"
"4488","ACH-000381",0.629869617285935,"test","gex_pt_dp","gex
+protein embeddings
+describeProt","with_hubness"
"4489","ACH-000383",0.619296080510756,"test","gex_pt_dp","gex
+protein embeddings
+describeProt","with_hubness"
"4490","ACH-000385",0.580563814976282,"test","gex_pt_dp","gex
+protein embeddings
+describeProt","with_hubness"
"4491","ACH-000387",0.607289866592689,"test","gex_pt_dp","gex
+protein embeddings
+describeProt","with_hubness"
"4492","ACH-000389",0.574961428180167,"test","gex_pt_dp","gex
+protein embeddings
+describeProt","with_hubness"
"4493","ACH-000390",0.594689243221128,"test","gex_pt_dp","gex
+protein embeddings
+describeProt","with_hubness"
"4494","ACH-000391",0.637026878759065,"test","gex_pt_dp","gex
+protein embeddings
+describeProt","with_hubness"
"4495","ACH-000393",0.596210551528352,"test","gex_pt_dp","gex
+protein embeddings
+describeProt","with_hubness"
"4496","ACH-000395",0.619185732171986,"test","gex_pt_dp","gex
+protein embeddings
+describeProt","with_hubness"
"4497","ACH-000396",0.598193638959545,"test","gex_pt_dp","gex
+protein embeddings
+describeProt","with_hubness"
"4498","ACH-000397",0.60429664501842,"test","gex_pt_dp","gex
+protein embeddings
+describeProt","with_hubness"
"4499","ACH-000398",0.600654994802757,"test","gex_pt_dp","gex
+protein embeddings
+describeProt","with_hubness"
"4500","ACH-000401",0.593960353615387,"test","gex_pt_dp","gex
+protein embeddings
+describeProt","with_hubness"
"4501","ACH-000402",0.57975745122094,"test","gex_pt_dp","gex
+protein embeddings
+describeProt","with_hubness"
"4502","ACH-000403",0.606447106245994,"test","gex_pt_dp","gex
+protein embeddings
+describeProt","with_hubness"
"4503","ACH-000404",0.597589608547165,"test","gex_pt_dp","gex
+protein embeddings
+describeProt","with_hubness"
"4504","ACH-000405",0.616253223095931,"test","gex_pt_dp","gex
+protein embeddings
+describeProt","with_hubness"
"4505","ACH-000406",0.641783396371615,"test","gex_pt_dp","gex
+protein embeddings
+describeProt","with_hubness"
"4506","ACH-000407",0.602279123872236,"test","gex_pt_dp","gex
+protein embeddings
+describeProt","with_hubness"
"4507","ACH-000408",0.624992348485954,"test","gex_pt_dp","gex
+protein embeddings
+describeProt","with_hubness"
"4508","ACH-000410",0.61523056461717,"test","gex_pt_dp","gex
+protein embeddings
+describeProt","with_hubness"
"4509","ACH-000411",0.613544140685431,"test","gex_pt_dp","gex
+protein embeddings
+describeProt","with_hubness"
"4510","ACH-000414",0.62997031758554,"test","gex_pt_dp","gex
+protein embeddings
+describeProt","with_hubness"
"4511","ACH-000415",0.60151293026693,"test","gex_pt_dp","gex
+protein embeddings
+describeProt","with_hubness"
"4512","ACH-000416",0.626046563537855,"test","gex_pt_dp","gex
+protein embeddings
+describeProt","with_hubness"
"4513","ACH-000417",0.618409462883423,"test","gex_pt_dp","gex
+protein embeddings
+describeProt","with_hubness"
"4514","ACH-000420",0.603153977037608,"test","gex_pt_dp","gex
+protein embeddings
+describeProt","with_hubness"
"4515","ACH-000421",0.628777676625644,"test","gex_pt_dp","gex
+protein embeddings
+describeProt","with_hubness"
"4516","ACH-000422",0.613631815602368,"test","gex_pt_dp","gex
+protein embeddings
+describeProt","with_hubness"
"4517","ACH-000424",0.62975079832746,"test","gex_pt_dp","gex
+protein embeddings
+describeProt","with_hubness"
"4518","ACH-000425",0.611114778639842,"test","gex_pt_dp","gex
+protein embeddings
+describeProt","with_hubness"
"4519","ACH-000426",0.57460387646764,"test","gex_pt_dp","gex
+protein embeddings
+describeProt","with_hubness"
"4520","ACH-000427",0.632879696193922,"test","gex_pt_dp","gex
+protein embeddings
+describeProt","with_hubness"
"4521","ACH-000430",0.627785842428291,"test","gex_pt_dp","gex
+protein embeddings
+describeProt","with_hubness"
"4522","ACH-000431",0.622884823012578,"test","gex_pt_dp","gex
+protein embeddings
+describeProt","with_hubness"
"4523","ACH-000433",0.58381105403126,"test","gex_pt_dp","gex
+protein embeddings
+describeProt","with_hubness"
"4524","ACH-000434",0.601641621578958,"test","gex_pt_dp","gex
+protein embeddings
+describeProt","with_hubness"
"4525","ACH-000435",0.584724519807714,"test","gex_pt_dp","gex
+protein embeddings
+describeProt","with_hubness"
"4526","ACH-000436",0.590557380662941,"test","gex_pt_dp","gex
+protein embeddings
+describeProt","with_hubness"
"4527","ACH-000437",0.623434468005707,"test","gex_pt_dp","gex
+protein embeddings
+describeProt","with_hubness"
"4528","ACH-000438",0.611918787683226,"test","gex_pt_dp","gex
+protein embeddings
+describeProt","with_hubness"
"4529","ACH-000441",0.619133885448911,"test","gex_pt_dp","gex
+protein embeddings
+describeProt","with_hubness"
"4530","ACH-000442",0.603791929499046,"test","gex_pt_dp","gex
+protein embeddings
+describeProt","with_hubness"
"4531","ACH-000444",0.624895994980627,"test","gex_pt_dp","gex
+protein embeddings
+describeProt","with_hubness"
"4532","ACH-000445",0.609482570791275,"test","gex_pt_dp","gex
+protein embeddings
+describeProt","with_hubness"
"4533","ACH-000448",0.605282909423875,"test","gex_pt_dp","gex
+protein embeddings
+describeProt","with_hubness"
"4534","ACH-000450",0.584464775779786,"test","gex_pt_dp","gex
+protein embeddings
+describeProt","with_hubness"
"4535","ACH-000452",0.628657603523684,"test","gex_pt_dp","gex
+protein embeddings
+describeProt","with_hubness"
"4536","ACH-000454",0.587813566103074,"test","gex_pt_dp","gex
+protein embeddings
+describeProt","with_hubness"
"4537","ACH-000455",0.640224431915337,"test","gex_pt_dp","gex
+protein embeddings
+describeProt","with_hubness"
"4538","ACH-000456",0.639993026308118,"test","gex_pt_dp","gex
+protein embeddings
+describeProt","with_hubness"
"4539","ACH-000458",0.634176898618765,"test","gex_pt_dp","gex
+protein embeddings
+describeProt","with_hubness"
"4540","ACH-000460",0.634894957743244,"test","gex_pt_dp","gex
+protein embeddings
+describeProt","with_hubness"
"4541","ACH-000461",0.604359860336684,"test","gex_pt_dp","gex
+protein embeddings
+describeProt","with_hubness"
"4542","ACH-000463",0.601700166206531,"test","gex_pt_dp","gex
+protein embeddings
+describeProt","with_hubness"
"4543","ACH-000464",0.603232752269066,"test","gex_pt_dp","gex
+protein embeddings
+describeProt","with_hubness"
"4544","ACH-000466",0.579220359071421,"test","gex_pt_dp","gex
+protein embeddings
+describeProt","with_hubness"
"4545","ACH-000467",0.619809847239226,"test","gex_pt_dp","gex
+protein embeddings
+describeProt","with_hubness"
"4546","ACH-000468",0.581797724607196,"test","gex_pt_dp","gex
+protein embeddings
+describeProt","with_hubness"
"4547","ACH-000469",0.631803126185441,"test","gex_pt_dp","gex
+protein embeddings
+describeProt","with_hubness"
"4548","ACH-000470",0.585165101204319,"test","gex_pt_dp","gex
+protein embeddings
+describeProt","with_hubness"
"4549","ACH-000471",0.604910895827779,"test","gex_pt_dp","gex
+protein embeddings
+describeProt","with_hubness"
"4550","ACH-000472",0.623514496386949,"test","gex_pt_dp","gex
+protein embeddings
+describeProt","with_hubness"
"4551","ACH-000473",0.591266654522689,"test","gex_pt_dp","gex
+protein embeddings
+describeProt","with_hubness"
"4552","ACH-000475",0.629352056016556,"test","gex_pt_dp","gex
+protein embeddings
+describeProt","with_hubness"
"4553","ACH-000476",0.612232675667757,"test","gex_pt_dp","gex
+protein embeddings
+describeProt","with_hubness"
"4554","ACH-000477",0.572960475950347,"test","gex_pt_dp","gex
+protein embeddings
+describeProt","with_hubness"
"4555","ACH-000478",0.602497032367715,"test","gex_pt_dp","gex
+protein embeddings
+describeProt","with_hubness"
"4556","ACH-000479",0.577582112721309,"test","gex_pt_dp","gex
+protein embeddings
+describeProt","with_hubness"
"4557","ACH-000480",0.608220588907243,"test","gex_pt_dp","gex
+protein embeddings
+describeProt","with_hubness"
"4558","ACH-000481",0.607137752050805,"test","gex_pt_dp","gex
+protein embeddings
+describeProt","with_hubness"
"4559","ACH-000483",0.591721174034401,"test","gex_pt_dp","gex
+protein embeddings
+describeProt","with_hubness"
"4560","ACH-000484",0.565836562814404,"test","gex_pt_dp","gex
+protein embeddings
+describeProt","with_hubness"
"4561","ACH-000485",0.599239250380533,"test","gex_pt_dp","gex
+protein embeddings
+describeProt","with_hubness"
"4562","ACH-000486",0.635738218202556,"test","gex_pt_dp","gex
+protein embeddings
+describeProt","with_hubness"
"4563","ACH-000487",0.621546254297557,"test","gex_pt_dp","gex
+protein embeddings
+describeProt","with_hubness"
"4564","ACH-000488",0.647107903975418,"test","gex_pt_dp","gex
+protein embeddings
+describeProt","with_hubness"
"4565","ACH-000489",0.602846562518968,"test","gex_pt_dp","gex
+protein embeddings
+describeProt","with_hubness"
"4566","ACH-000490",0.622381998596738,"test","gex_pt_dp","gex
+protein embeddings
+describeProt","with_hubness"
"4567","ACH-000491",0.585828381919187,"test","gex_pt_dp","gex
+protein embeddings
+describeProt","with_hubness"
"4568","ACH-000493",0.605682461586041,"test","gex_pt_dp","gex
+protein embeddings
+describeProt","with_hubness"
"4569","ACH-000495",0.596106518720326,"test","gex_pt_dp","gex
+protein embeddings
+describeProt","with_hubness"
"4570","ACH-000496",0.586783889326326,"test","gex_pt_dp","gex
+protein embeddings
+describeProt","with_hubness"
"4571","ACH-000499",0.606860062714471,"test","gex_pt_dp","gex
+protein embeddings
+describeProt","with_hubness"
"4572","ACH-000500",0.599068840873834,"test","gex_pt_dp","gex
+protein embeddings
+describeProt","with_hubness"
"4573","ACH-000501",0.623725174890523,"test","gex_pt_dp","gex
+protein embeddings
+describeProt","with_hubness"
"4574","ACH-000502",0.617253919324282,"test","gex_pt_dp","gex
+protein embeddings
+describeProt","with_hubness"
"4575","ACH-000503",0.602731011975948,"test","gex_pt_dp","gex
+protein embeddings
+describeProt","with_hubness"
"4576","ACH-000504",0.611548588589308,"test","gex_pt_dp","gex
+protein embeddings
+describeProt","with_hubness"
"4577","ACH-000505",0.586546289324891,"test","gex_pt_dp","gex
+protein embeddings
+describeProt","with_hubness"
"4578","ACH-000507",0.6277253446885,"test","gex_pt_dp","gex
+protein embeddings
+describeProt","with_hubness"
"4579","ACH-000510",0.624560025644578,"test","gex_pt_dp","gex
+protein embeddings
+describeProt","with_hubness"
"4580","ACH-000511",0.610288352696258,"test","gex_pt_dp","gex
+protein embeddings
+describeProt","with_hubness"
"4581","ACH-000512",0.578488336428361,"test","gex_pt_dp","gex
+protein embeddings
+describeProt","with_hubness"
"4582","ACH-000514",0.609650077096699,"test","gex_pt_dp","gex
+protein embeddings
+describeProt","with_hubness"
"4583","ACH-000516",0.608582571048603,"test","gex_pt_dp","gex
+protein embeddings
+describeProt","with_hubness"
"4584","ACH-000517",0.604910947157884,"test","gex_pt_dp","gex
+protein embeddings
+describeProt","with_hubness"
"4585","ACH-000518",0.638230135551256,"test","gex_pt_dp","gex
+protein embeddings
+describeProt","with_hubness"
"4586","ACH-000520",0.58719902362242,"test","gex_pt_dp","gex
+protein embeddings
+describeProt","with_hubness"
"4587","ACH-000521",0.574930854592361,"test","gex_pt_dp","gex
+protein embeddings
+describeProt","with_hubness"
"4588","ACH-000522",0.62827185594078,"test","gex_pt_dp","gex
+protein embeddings
+describeProt","with_hubness"
"4589","ACH-000524",0.626493593297951,"test","gex_pt_dp","gex
+protein embeddings
+describeProt","with_hubness"
"4590","ACH-000525",0.616994537032221,"test","gex_pt_dp","gex
+protein embeddings
+describeProt","with_hubness"
"4591","ACH-000527",0.641183037735169,"test","gex_pt_dp","gex
+protein embeddings
+describeProt","with_hubness"
"4592","ACH-000528",0.642896650576298,"test","gex_pt_dp","gex
+protein embeddings
+describeProt","with_hubness"
"4593","ACH-000532",0.593000818346167,"test","gex_pt_dp","gex
+protein embeddings
+describeProt","with_hubness"
"4594","ACH-000533",0.593725196859212,"test","gex_pt_dp","gex
+protein embeddings
+describeProt","with_hubness"
"4595","ACH-000535",0.624468313746026,"test","gex_pt_dp","gex
+protein embeddings
+describeProt","with_hubness"
"4596","ACH-000537",0.620093577022829,"test","gex_pt_dp","gex
+protein embeddings
+describeProt","with_hubness"
"4597","ACH-000541",0.594125173086737,"test","gex_pt_dp","gex
+protein embeddings
+describeProt","with_hubness"
"4598","ACH-000542",0.620554235353742,"test","gex_pt_dp","gex
+protein embeddings
+describeProt","with_hubness"
"4599","ACH-000544",0.632692574073504,"test","gex_pt_dp","gex
+protein embeddings
+describeProt","with_hubness"
"4600","ACH-000545",0.622528396060472,"test","gex_pt_dp","gex
+protein embeddings
+describeProt","with_hubness"
"4601","ACH-000546",0.622042133421422,"test","gex_pt_dp","gex
+protein embeddings
+describeProt","with_hubness"
"4602","ACH-000547",0.607503306061833,"test","gex_pt_dp","gex
+protein embeddings
+describeProt","with_hubness"
"4603","ACH-000548",0.620944706061046,"test","gex_pt_dp","gex
+protein embeddings
+describeProt","with_hubness"
"4604","ACH-000549",0.615276965999101,"test","gex_pt_dp","gex
+protein embeddings
+describeProt","with_hubness"
"4605","ACH-000550",0.587635233984383,"test","gex_pt_dp","gex
+protein embeddings
+describeProt","with_hubness"
"4606","ACH-000551",0.596898581059451,"test","gex_pt_dp","gex
+protein embeddings
+describeProt","with_hubness"
"4607","ACH-000552",0.620599689180246,"test","gex_pt_dp","gex
+protein embeddings
+describeProt","with_hubness"
"4608","ACH-000554",0.594377398382458,"test","gex_pt_dp","gex
+protein embeddings
+describeProt","with_hubness"
"4609","ACH-000556",0.615401042858159,"test","gex_pt_dp","gex
+protein embeddings
+describeProt","with_hubness"
"4610","ACH-000557",0.586889787586729,"test","gex_pt_dp","gex
+protein embeddings
+describeProt","with_hubness"
"4611","ACH-000558",0.593604624518996,"test","gex_pt_dp","gex
+protein embeddings
+describeProt","with_hubness"
"4612","ACH-000559",0.593188039355354,"test","gex_pt_dp","gex
+protein embeddings
+describeProt","with_hubness"
"4613","ACH-000561",0.616707579204999,"test","gex_pt_dp","gex
+protein embeddings
+describeProt","with_hubness"
"4614","ACH-000562",0.585144730283551,"test","gex_pt_dp","gex
+protein embeddings
+describeProt","with_hubness"
"4615","ACH-000563",0.597063638623251,"test","gex_pt_dp","gex
+protein embeddings
+describeProt","with_hubness"
"4616","ACH-000565",0.594055131002913,"test","gex_pt_dp","gex
+protein embeddings
+describeProt","with_hubness"
"4617","ACH-000567",0.624134530219675,"test","gex_pt_dp","gex
+protein embeddings
+describeProt","with_hubness"
"4618","ACH-000570",0.60347038876874,"test","gex_pt_dp","gex
+protein embeddings
+describeProt","with_hubness"
"4619","ACH-000571",0.623025936426611,"test","gex_pt_dp","gex
+protein embeddings
+describeProt","with_hubness"
"4620","ACH-000573",0.638151901419922,"test","gex_pt_dp","gex
+protein embeddings
+describeProt","with_hubness"
"4621","ACH-000576",0.594375282733029,"test","gex_pt_dp","gex
+protein embeddings
+describeProt","with_hubness"
"4622","ACH-000577",0.570542948237141,"test","gex_pt_dp","gex
+protein embeddings
+describeProt","with_hubness"
"4623","ACH-000579",0.591075901869875,"test","gex_pt_dp","gex
+protein embeddings
+describeProt","with_hubness"
"4624","ACH-000580",0.582922453128991,"test","gex_pt_dp","gex
+protein embeddings
+describeProt","with_hubness"
"4625","ACH-000581",0.611396534533872,"test","gex_pt_dp","gex
+protein embeddings
+describeProt","with_hubness"
"4626","ACH-000584",0.632067030863346,"test","gex_pt_dp","gex
+protein embeddings
+describeProt","with_hubness"
"4627","ACH-000585",0.604495693521417,"test","gex_pt_dp","gex
+protein embeddings
+describeProt","with_hubness"
"4628","ACH-000587",0.61506277271842,"test","gex_pt_dp","gex
+protein embeddings
+describeProt","with_hubness"
"4629","ACH-000588",0.612334993239744,"test","gex_pt_dp","gex
+protein embeddings
+describeProt","with_hubness"
"4630","ACH-000589",0.626328068319872,"test","gex_pt_dp","gex
+protein embeddings
+describeProt","with_hubness"
"4631","ACH-000591",0.592935316433555,"test","gex_pt_dp","gex
+protein embeddings
+describeProt","with_hubness"
"4632","ACH-000592",0.591677137918327,"test","gex_pt_dp","gex
+protein embeddings
+describeProt","with_hubness"
"4633","ACH-000593",0.611282561982379,"test","gex_pt_dp","gex
+protein embeddings
+describeProt","with_hubness"
"4634","ACH-000595",0.615184555750122,"test","gex_pt_dp","gex
+protein embeddings
+describeProt","with_hubness"
"4635","ACH-000596",0.623687390941322,"test","gex_pt_dp","gex
+protein embeddings
+describeProt","with_hubness"
"4636","ACH-000597",0.592987408901185,"test","gex_pt_dp","gex
+protein embeddings
+describeProt","with_hubness"
"4637","ACH-000599",0.603611409104026,"test","gex_pt_dp","gex
+protein embeddings
+describeProt","with_hubness"
"4638","ACH-000600",0.594095842661676,"test","gex_pt_dp","gex
+protein embeddings
+describeProt","with_hubness"
"4639","ACH-000601",0.633797791222263,"test","gex_pt_dp","gex
+protein embeddings
+describeProt","with_hubness"
"4640","ACH-000602",0.609904996142013,"test","gex_pt_dp","gex
+protein embeddings
+describeProt","with_hubness"
"4641","ACH-000604",0.579106873125978,"test","gex_pt_dp","gex
+protein embeddings
+describeProt","with_hubness"
"4642","ACH-000605",0.602231276049596,"test","gex_pt_dp","gex
+protein embeddings
+describeProt","with_hubness"
"4643","ACH-000606",0.612887505919987,"test","gex_pt_dp","gex
+protein embeddings
+describeProt","with_hubness"
"4644","ACH-000607",0.601321514902517,"test","gex_pt_dp","gex
+protein embeddings
+describeProt","with_hubness"
"4645","ACH-000609",0.606666054381886,"test","gex_pt_dp","gex
+protein embeddings
+describeProt","with_hubness"
"4646","ACH-000614",0.597399614653791,"test","gex_pt_dp","gex
+protein embeddings
+describeProt","with_hubness"
"4647","ACH-000616",0.593865983625357,"test","gex_pt_dp","gex
+protein embeddings
+describeProt","with_hubness"
"4648","ACH-000618",0.625403355211881,"test","gex_pt_dp","gex
+protein embeddings
+describeProt","with_hubness"
"4649","ACH-000619",0.615707019838121,"test","gex_pt_dp","gex
+protein embeddings
+describeProt","with_hubness"
"4650","ACH-000620",0.63389910779468,"test","gex_pt_dp","gex
+protein embeddings
+describeProt","with_hubness"
"4651","ACH-000621",0.594440650371845,"test","gex_pt_dp","gex
+protein embeddings
+describeProt","with_hubness"
"4652","ACH-000622",0.583971677463261,"test","gex_pt_dp","gex
+protein embeddings
+describeProt","with_hubness"
"4653","ACH-000623",0.60868971122122,"test","gex_pt_dp","gex
+protein embeddings
+describeProt","with_hubness"
"4654","ACH-000624",0.632908946618186,"test","gex_pt_dp","gex
+protein embeddings
+describeProt","with_hubness"
"4655","ACH-000627",0.619783540848418,"test","gex_pt_dp","gex
+protein embeddings
+describeProt","with_hubness"
"4656","ACH-000630",0.618128040504343,"test","gex_pt_dp","gex
+protein embeddings
+describeProt","with_hubness"
"4657","ACH-000632",0.619808796846453,"test","gex_pt_dp","gex
+protein embeddings
+describeProt","with_hubness"
"4658","ACH-000633",0.618628651310569,"test","gex_pt_dp","gex
+protein embeddings
+describeProt","with_hubness"
"4659","ACH-000634",0.612495822934655,"test","gex_pt_dp","gex
+protein embeddings
+describeProt","with_hubness"
"4660","ACH-000637",0.613955540806016,"test","gex_pt_dp","gex
+protein embeddings
+describeProt","with_hubness"
"4661","ACH-000638",0.596767855564394,"test","gex_pt_dp","gex
+protein embeddings
+describeProt","with_hubness"
"4662","ACH-000639",0.63609224560812,"test","gex_pt_dp","gex
+protein embeddings
+describeProt","with_hubness"
"4663","ACH-000645",0.596775520400991,"test","gex_pt_dp","gex
+protein embeddings
+describeProt","with_hubness"
"4664","ACH-000646",0.592233633514955,"test","gex_pt_dp","gex
+protein embeddings
+describeProt","with_hubness"
"4665","ACH-000647",0.614833985387839,"test","gex_pt_dp","gex
+protein embeddings
+describeProt","with_hubness"
"4666","ACH-000648",0.584736403340071,"test","gex_pt_dp","gex
+protein embeddings
+describeProt","with_hubness"
"4667","ACH-000649",0.615972639419305,"test","gex_pt_dp","gex
+protein embeddings
+describeProt","with_hubness"
"4668","ACH-000651",0.617139974115707,"test","gex_pt_dp","gex
+protein embeddings
+describeProt","with_hubness"
"4669","ACH-000652",0.603077843703641,"test","gex_pt_dp","gex
+protein embeddings
+describeProt","with_hubness"
"4670","ACH-000653",0.611707442881526,"test","gex_pt_dp","gex
+protein embeddings
+describeProt","with_hubness"
"4671","ACH-000654",0.611955459118053,"test","gex_pt_dp","gex
+protein embeddings
+describeProt","with_hubness"
"4672","ACH-000655",0.623637542963405,"test","gex_pt_dp","gex
+protein embeddings
+describeProt","with_hubness"
"4673","ACH-000656",0.602270898135455,"test","gex_pt_dp","gex
+protein embeddings
+describeProt","with_hubness"
"4674","ACH-000657",0.643135879017464,"test","gex_pt_dp","gex
+protein embeddings
+describeProt","with_hubness"
"4675","ACH-000658",0.595461080514722,"test","gex_pt_dp","gex
+protein embeddings
+describeProt","with_hubness"
"4676","ACH-000660",0.620480516813034,"test","gex_pt_dp","gex
+protein embeddings
+describeProt","with_hubness"
"4677","ACH-000661",0.604367170938096,"test","gex_pt_dp","gex
+protein embeddings
+describeProt","with_hubness"
"4678","ACH-000662",0.61884189847521,"test","gex_pt_dp","gex
+protein embeddings
+describeProt","with_hubness"
"4679","ACH-000663",0.569485820336693,"test","gex_pt_dp","gex
+protein embeddings
+describeProt","with_hubness"
"4680","ACH-000664",0.621605906324684,"test","gex_pt_dp","gex
+protein embeddings
+describeProt","with_hubness"
"4681","ACH-000665",0.592951888926456,"test","gex_pt_dp","gex
+protein embeddings
+describeProt","with_hubness"
"4682","ACH-000666",0.609936151735187,"test","gex_pt_dp","gex
+protein embeddings
+describeProt","with_hubness"
"4683","ACH-000667",0.617023970006967,"test","gex_pt_dp","gex
+protein embeddings
+describeProt","with_hubness"
"4684","ACH-000668",0.57542127144724,"test","gex_pt_dp","gex
+protein embeddings
+describeProt","with_hubness"
"4685","ACH-000671",0.605151967912329,"test","gex_pt_dp","gex
+protein embeddings
+describeProt","with_hubness"
"4686","ACH-000673",0.606524108632467,"test","gex_pt_dp","gex
+protein embeddings
+describeProt","with_hubness"
"4687","ACH-000676",0.629690537874052,"test","gex_pt_dp","gex
+protein embeddings
+describeProt","with_hubness"
"4688","ACH-000677",0.61637707798099,"test","gex_pt_dp","gex
+protein embeddings
+describeProt","with_hubness"
"4689","ACH-000680",0.581171092197879,"test","gex_pt_dp","gex
+protein embeddings
+describeProt","with_hubness"
"4690","ACH-000681",0.618046965707246,"test","gex_pt_dp","gex
+protein embeddings
+describeProt","with_hubness"
"4691","ACH-000682",0.627757063536764,"test","gex_pt_dp","gex
+protein embeddings
+describeProt","with_hubness"
"4692","ACH-000683",0.601365904744437,"test","gex_pt_dp","gex
+protein embeddings
+describeProt","with_hubness"
"4693","ACH-000684",0.575349411841469,"test","gex_pt_dp","gex
+protein embeddings
+describeProt","with_hubness"
"4694","ACH-000685",0.600594662639796,"test","gex_pt_dp","gex
+protein embeddings
+describeProt","with_hubness"
"4695","ACH-000693",0.631707406524148,"test","gex_pt_dp","gex
+protein embeddings
+describeProt","with_hubness"
"4696","ACH-000694",0.630627468292316,"test","gex_pt_dp","gex
+protein embeddings
+describeProt","with_hubness"
"4697","ACH-000695",0.592456411740866,"test","gex_pt_dp","gex
+protein embeddings
+describeProt","with_hubness"
"4698","ACH-000696",0.646484928130507,"test","gex_pt_dp","gex
+protein embeddings
+describeProt","with_hubness"
"4699","ACH-000697",0.603400664789279,"test","gex_pt_dp","gex
+protein embeddings
+describeProt","with_hubness"
"4700","ACH-000698",0.630679301289907,"test","gex_pt_dp","gex
+protein embeddings
+describeProt","with_hubness"
"4701","ACH-000699",0.610718114341511,"test","gex_pt_dp","gex
+protein embeddings
+describeProt","with_hubness"
"4702","ACH-000700",0.569517401509765,"test","gex_pt_dp","gex
+protein embeddings
+describeProt","with_hubness"
"4703","ACH-000701",0.588300442186704,"test","gex_pt_dp","gex
+protein embeddings
+describeProt","with_hubness"
"4704","ACH-000702",0.61177519277069,"test","gex_pt_dp","gex
+protein embeddings
+describeProt","with_hubness"
"4705","ACH-000704",0.588211346577679,"test","gex_pt_dp","gex
+protein embeddings
+describeProt","with_hubness"
"4706","ACH-000706",0.630032139422933,"test","gex_pt_dp","gex
+protein embeddings
+describeProt","with_hubness"
"4707","ACH-000709",0.578220705022756,"test","gex_pt_dp","gex
+protein embeddings
+describeProt","with_hubness"
"4708","ACH-000711",0.622527797602468,"test","gex_pt_dp","gex
+protein embeddings
+describeProt","with_hubness"
"4709","ACH-000713",0.58882257187539,"test","gex_pt_dp","gex
+protein embeddings
+describeProt","with_hubness"
"4710","ACH-000714",0.608316644475641,"test","gex_pt_dp","gex
+protein embeddings
+describeProt","with_hubness"
"4711","ACH-000716",0.619300869131164,"test","gex_pt_dp","gex
+protein embeddings
+describeProt","with_hubness"
"4712","ACH-000717",0.599245223291898,"test","gex_pt_dp","gex
+protein embeddings
+describeProt","with_hubness"
"4713","ACH-000718",0.58743884561421,"test","gex_pt_dp","gex
+protein embeddings
+describeProt","with_hubness"
"4714","ACH-000719",0.622949689673026,"test","gex_pt_dp","gex
+protein embeddings
+describeProt","with_hubness"
"4715","ACH-000720",0.632722360477298,"test","gex_pt_dp","gex
+protein embeddings
+describeProt","with_hubness"
"4716","ACH-000721",0.622064343687686,"test","gex_pt_dp","gex
+protein embeddings
+describeProt","with_hubness"
"4717","ACH-000722",0.614698921474989,"test","gex_pt_dp","gex
+protein embeddings
+describeProt","with_hubness"
"4718","ACH-000724",0.594782528914022,"test","gex_pt_dp","gex
+protein embeddings
+describeProt","with_hubness"
"4719","ACH-000725",0.563432999017053,"test","gex_pt_dp","gex
+protein embeddings
+describeProt","with_hubness"
"4720","ACH-000732",0.616770158838191,"test","gex_pt_dp","gex
+protein embeddings
+describeProt","with_hubness"
"4721","ACH-000734",0.617242998584229,"test","gex_pt_dp","gex
+protein embeddings
+describeProt","with_hubness"
"4722","ACH-000735",0.617209207411993,"test","gex_pt_dp","gex
+protein embeddings
+describeProt","with_hubness"
"4723","ACH-000736",0.617809683065162,"test","gex_pt_dp","gex
+protein embeddings
+describeProt","with_hubness"
"4724","ACH-000738",0.632788292720014,"test","gex_pt_dp","gex
+protein embeddings
+describeProt","with_hubness"
"4725","ACH-000739",0.617246872784033,"test","gex_pt_dp","gex
+protein embeddings
+describeProt","with_hubness"
"4726","ACH-000740",0.619173881585615,"test","gex_pt_dp","gex
+protein embeddings
+describeProt","with_hubness"
"4727","ACH-000741",0.624802474084929,"test","gex_pt_dp","gex
+protein embeddings
+describeProt","with_hubness"
"4728","ACH-000746",0.603903442866857,"test","gex_pt_dp","gex
+protein embeddings
+describeProt","with_hubness"
"4729","ACH-000747",0.614984854725387,"test","gex_pt_dp","gex
+protein embeddings
+describeProt","with_hubness"
"4730","ACH-000748",0.615136204739431,"test","gex_pt_dp","gex
+protein embeddings
+describeProt","with_hubness"
"4731","ACH-000753",0.634788823123896,"test","gex_pt_dp","gex
+protein embeddings
+describeProt","with_hubness"
"4732","ACH-000754",0.585148542551055,"test","gex_pt_dp","gex
+protein embeddings
+describeProt","with_hubness"
"4733","ACH-000756",0.623147117466095,"test","gex_pt_dp","gex
+protein embeddings
+describeProt","with_hubness"
"4734","ACH-000757",0.586871269765521,"test","gex_pt_dp","gex
+protein embeddings
+describeProt","with_hubness"
"4735","ACH-000758",0.617226225991751,"test","gex_pt_dp","gex
+protein embeddings
+describeProt","with_hubness"
"4736","ACH-000760",0.618335308115857,"test","gex_pt_dp","gex
+protein embeddings
+describeProt","with_hubness"
"4737","ACH-000762",0.598650420659258,"test","gex_pt_dp","gex
+protein embeddings
+describeProt","with_hubness"
"4738","ACH-000763",0.601055549135553,"test","gex_pt_dp","gex
+protein embeddings
+describeProt","with_hubness"
"4739","ACH-000764",0.604039929952248,"test","gex_pt_dp","gex
+protein embeddings
+describeProt","with_hubness"
"4740","ACH-000765",0.598338864926062,"test","gex_pt_dp","gex
+protein embeddings
+describeProt","with_hubness"
"4741","ACH-000766",0.601304747813376,"test","gex_pt_dp","gex
+protein embeddings
+describeProt","with_hubness"
"4742","ACH-000767",0.593372827760071,"test","gex_pt_dp","gex
+protein embeddings
+describeProt","with_hubness"
"4743","ACH-000768",0.628141563907938,"test","gex_pt_dp","gex
+protein embeddings
+describeProt","with_hubness"
"4744","ACH-000769",0.626590966344799,"test","gex_pt_dp","gex
+protein embeddings
+describeProt","with_hubness"
"4745","ACH-000770",0.632402679364504,"test","gex_pt_dp","gex
+protein embeddings
+describeProt","with_hubness"
"4746","ACH-000771",0.630217185170633,"test","gex_pt_dp","gex
+protein embeddings
+describeProt","with_hubness"
"4747","ACH-000773",0.599195791007,"test","gex_pt_dp","gex
+protein embeddings
+describeProt","with_hubness"
"4748","ACH-000774",0.584142835891605,"test","gex_pt_dp","gex
+protein embeddings
+describeProt","with_hubness"
"4749","ACH-000775",0.625474071211955,"test","gex_pt_dp","gex
+protein embeddings
+describeProt","with_hubness"
"4750","ACH-000776",0.599243198781871,"test","gex_pt_dp","gex
+protein embeddings
+describeProt","with_hubness"
"4751","ACH-000777",0.619873212123271,"test","gex_pt_dp","gex
+protein embeddings
+describeProt","with_hubness"
"4752","ACH-000778",0.608970941721657,"test","gex_pt_dp","gex
+protein embeddings
+describeProt","with_hubness"
"4753","ACH-000781",0.62289224300889,"test","gex_pt_dp","gex
+protein embeddings
+describeProt","with_hubness"
"4754","ACH-000782",0.612806013443235,"test","gex_pt_dp","gex
+protein embeddings
+describeProt","with_hubness"
"4755","ACH-000783",0.56876613139824,"test","gex_pt_dp","gex
+protein embeddings
+describeProt","with_hubness"
"4756","ACH-000784",0.629455753759338,"test","gex_pt_dp","gex
+protein embeddings
+describeProt","with_hubness"
"4757","ACH-000785",0.579057108812875,"test","gex_pt_dp","gex
+protein embeddings
+describeProt","with_hubness"
"4758","ACH-000787",0.632785809416883,"test","gex_pt_dp","gex
+protein embeddings
+describeProt","with_hubness"
"4759","ACH-000788",0.631508375881318,"test","gex_pt_dp","gex
+protein embeddings
+describeProt","with_hubness"
"4760","ACH-000790",0.610740818671907,"test","gex_pt_dp","gex
+protein embeddings
+describeProt","with_hubness"
"4761","ACH-000791",0.595989990385861,"test","gex_pt_dp","gex
+protein embeddings
+describeProt","with_hubness"
"4762","ACH-000792",0.605117807871546,"test","gex_pt_dp","gex
+protein embeddings
+describeProt","with_hubness"
"4763","ACH-000793",0.632504512304329,"test","gex_pt_dp","gex
+protein embeddings
+describeProt","with_hubness"
"4764","ACH-000794",0.626371805154271,"test","gex_pt_dp","gex
+protein embeddings
+describeProt","with_hubness"
"4765","ACH-000796",0.616936247244334,"test","gex_pt_dp","gex
+protein embeddings
+describeProt","with_hubness"
"4766","ACH-000799",0.576751202233312,"test","gex_pt_dp","gex
+protein embeddings
+describeProt","with_hubness"
"4767","ACH-000800",0.58049037911593,"test","gex_pt_dp","gex
+protein embeddings
+describeProt","with_hubness"
"4768","ACH-000801",0.629565745414533,"test","gex_pt_dp","gex
+protein embeddings
+describeProt","with_hubness"
"4769","ACH-000802",0.625148217099975,"test","gex_pt_dp","gex
+protein embeddings
+describeProt","with_hubness"
"4770","ACH-000804",0.575837165924588,"test","gex_pt_dp","gex
+protein embeddings
+describeProt","with_hubness"
"4771","ACH-000805",0.603073982463516,"test","gex_pt_dp","gex
+protein embeddings
+describeProt","with_hubness"
"4772","ACH-000807",0.604485352091411,"test","gex_pt_dp","gex
+protein embeddings
+describeProt","with_hubness"
"4773","ACH-000809",0.623003146468408,"test","gex_pt_dp","gex
+protein embeddings
+describeProt","with_hubness"
"4774","ACH-000810",0.587053004201515,"test","gex_pt_dp","gex
+protein embeddings
+describeProt","with_hubness"
"4775","ACH-000811",0.589526012393847,"test","gex_pt_dp","gex
+protein embeddings
+describeProt","with_hubness"
"4776","ACH-000817",0.621270790317311,"test","gex_pt_dp","gex
+protein embeddings
+describeProt","with_hubness"
"4777","ACH-000819",0.611207310446271,"test","gex_pt_dp","gex
+protein embeddings
+describeProt","with_hubness"
"4778","ACH-000820",0.598432190144647,"test","gex_pt_dp","gex
+protein embeddings
+describeProt","with_hubness"
"4779","ACH-000821",0.581083469593773,"test","gex_pt_dp","gex
+protein embeddings
+describeProt","with_hubness"
"4780","ACH-000822",0.587244574821941,"test","gex_pt_dp","gex
+protein embeddings
+describeProt","with_hubness"
"4781","ACH-000823",0.628559980829967,"test","gex_pt_dp","gex
+protein embeddings
+describeProt","with_hubness"
"4782","ACH-000824",0.599405068233325,"test","gex_pt_dp","gex
+protein embeddings
+describeProt","with_hubness"
"4783","ACH-000826",0.610343714591226,"test","gex_pt_dp","gex
+protein embeddings
+describeProt","with_hubness"
"4784","ACH-000827",0.611963853053075,"test","gex_pt_dp","gex
+protein embeddings
+describeProt","with_hubness"
"4785","ACH-000829",0.601505276843534,"test","gex_pt_dp","gex
+protein embeddings
+describeProt","with_hubness"
"4786","ACH-000831",0.629443679393366,"test","gex_pt_dp","gex
+protein embeddings
+describeProt","with_hubness"
"4787","ACH-000832",0.628492242551987,"test","gex_pt_dp","gex
+protein embeddings
+describeProt","with_hubness"
"4788","ACH-000833",0.599655603649964,"test","gex_pt_dp","gex
+protein embeddings
+describeProt","with_hubness"
"4789","ACH-000834",0.613656994422811,"test","gex_pt_dp","gex
+protein embeddings
+describeProt","with_hubness"
"4790","ACH-000835",0.639400731966021,"test","gex_pt_dp","gex
+protein embeddings
+describeProt","with_hubness"
"4791","ACH-000836",0.618884985696556,"test","gex_pt_dp","gex
+protein embeddings
+describeProt","with_hubness"
"4792","ACH-000837",0.629404992874155,"test","gex_pt_dp","gex
+protein embeddings
+describeProt","with_hubness"
"4793","ACH-000838",0.580336298884086,"test","gex_pt_dp","gex
+protein embeddings
+describeProt","with_hubness"
"4794","ACH-000839",0.59405794184676,"test","gex_pt_dp","gex
+protein embeddings
+describeProt","with_hubness"
"4795","ACH-000840",0.573720575849985,"test","gex_pt_dp","gex
+protein embeddings
+describeProt","with_hubness"
"4796","ACH-000841",0.613441433019858,"test","gex_pt_dp","gex
+protein embeddings
+describeProt","with_hubness"
"4797","ACH-000843",0.638007548232571,"test","gex_pt_dp","gex
+protein embeddings
+describeProt","with_hubness"
"4798","ACH-000845",0.614375591585845,"test","gex_pt_dp","gex
+protein embeddings
+describeProt","with_hubness"
"4799","ACH-000846",0.621458317929114,"test","gex_pt_dp","gex
+protein embeddings
+describeProt","with_hubness"
"4800","ACH-000847",0.627095044241999,"test","gex_pt_dp","gex
+protein embeddings
+describeProt","with_hubness"
"4801","ACH-000848",0.630800766407969,"test","gex_pt_dp","gex
+protein embeddings
+describeProt","with_hubness"
"4802","ACH-000849",0.633179625039088,"test","gex_pt_dp","gex
+protein embeddings
+describeProt","with_hubness"
"4803","ACH-000851",0.61082819981608,"test","gex_pt_dp","gex
+protein embeddings
+describeProt","with_hubness"
"4804","ACH-000853",0.643149301484459,"test","gex_pt_dp","gex
+protein embeddings
+describeProt","with_hubness"
"4805","ACH-000854",0.595206247810499,"test","gex_pt_dp","gex
+protein embeddings
+describeProt","with_hubness"
"4806","ACH-000855",0.61472960194144,"test","gex_pt_dp","gex
+protein embeddings
+describeProt","with_hubness"
"4807","ACH-000856",0.629432366868645,"test","gex_pt_dp","gex
+protein embeddings
+describeProt","with_hubness"
"4808","ACH-000858",0.631486706947127,"test","gex_pt_dp","gex
+protein embeddings
+describeProt","with_hubness"
"4809","ACH-000859",0.589407366988432,"test","gex_pt_dp","gex
+protein embeddings
+describeProt","with_hubness"
"4810","ACH-000860",0.606521032298378,"test","gex_pt_dp","gex
+protein embeddings
+describeProt","with_hubness"
"4811","ACH-000861",0.619891357440824,"test","gex_pt_dp","gex
+protein embeddings
+describeProt","with_hubness"
"4812","ACH-000862",0.609244263386795,"test","gex_pt_dp","gex
+protein embeddings
+describeProt","with_hubness"
"4813","ACH-000863",0.594632316170137,"test","gex_pt_dp","gex
+protein embeddings
+describeProt","with_hubness"
"4814","ACH-000864",0.624146546247917,"test","gex_pt_dp","gex
+protein embeddings
+describeProt","with_hubness"
"4815","ACH-000865",0.631933380049049,"test","gex_pt_dp","gex
+protein embeddings
+describeProt","with_hubness"
"4816","ACH-000866",0.647004362560955,"test","gex_pt_dp","gex
+protein embeddings
+describeProt","with_hubness"
"4817","ACH-000867",0.609086967457879,"test","gex_pt_dp","gex
+protein embeddings
+describeProt","with_hubness"
"4818","ACH-000869",0.59504584181677,"test","gex_pt_dp","gex
+protein embeddings
+describeProt","with_hubness"
"4819","ACH-000872",0.605368976740854,"test","gex_pt_dp","gex
+protein embeddings
+describeProt","with_hubness"
"4820","ACH-000873",0.628048227532809,"test","gex_pt_dp","gex
+protein embeddings
+describeProt","with_hubness"
"4821","ACH-000876",0.60748094502899,"test","gex_pt_dp","gex
+protein embeddings
+describeProt","with_hubness"
"4822","ACH-000878",0.590893218622094,"test","gex_pt_dp","gex
+protein embeddings
+describeProt","with_hubness"
"4823","ACH-000879",0.627829209547826,"test","gex_pt_dp","gex
+protein embeddings
+describeProt","with_hubness"
"4824","ACH-000880",0.630510262997754,"test","gex_pt_dp","gex
+protein embeddings
+describeProt","with_hubness"
"4825","ACH-000881",0.616611782100725,"test","gex_pt_dp","gex
+protein embeddings
+describeProt","with_hubness"
"4826","ACH-000882",0.641798439215495,"test","gex_pt_dp","gex
+protein embeddings
+describeProt","with_hubness"
"4827","ACH-000884",0.630526689478259,"test","gex_pt_dp","gex
+protein embeddings
+describeProt","with_hubness"
"4828","ACH-000885",0.621542408391307,"test","gex_pt_dp","gex
+protein embeddings
+describeProt","with_hubness"
"4829","ACH-000886",0.622447647893552,"test","gex_pt_dp","gex
+protein embeddings
+describeProt","with_hubness"
"4830","ACH-000887",0.635008872118437,"test","gex_pt_dp","gex
+protein embeddings
+describeProt","with_hubness"
"4831","ACH-000888",0.611779776117615,"test","gex_pt_dp","gex
+protein embeddings
+describeProt","with_hubness"
"4832","ACH-000889",0.618519872420865,"test","gex_pt_dp","gex
+protein embeddings
+describeProt","with_hubness"
"4833","ACH-000890",0.599516419134023,"test","gex_pt_dp","gex
+protein embeddings
+describeProt","with_hubness"
"4834","ACH-000894",0.605533572593599,"test","gex_pt_dp","gex
+protein embeddings
+describeProt","with_hubness"
"4835","ACH-000896",0.619323128509718,"test","gex_pt_dp","gex
+protein embeddings
+describeProt","with_hubness"
"4836","ACH-000898",0.615579252486486,"test","gex_pt_dp","gex
+protein embeddings
+describeProt","with_hubness"
"4837","ACH-000899",0.599283790394948,"test","gex_pt_dp","gex
+protein embeddings
+describeProt","with_hubness"
"4838","ACH-000900",0.610027949534564,"test","gex_pt_dp","gex
+protein embeddings
+describeProt","with_hubness"
"4839","ACH-000901",0.587569135346586,"test","gex_pt_dp","gex
+protein embeddings
+describeProt","with_hubness"
"4840","ACH-000903",0.611623271732072,"test","gex_pt_dp","gex
+protein embeddings
+describeProt","with_hubness"
"4841","ACH-000905",0.623352281212265,"test","gex_pt_dp","gex
+protein embeddings
+describeProt","with_hubness"
"4842","ACH-000906",0.622088494342344,"test","gex_pt_dp","gex
+protein embeddings
+describeProt","with_hubness"
"4843","ACH-000907",0.573813117344779,"test","gex_pt_dp","gex
+protein embeddings
+describeProt","with_hubness"
"4844","ACH-000910",0.597193256270877,"test","gex_pt_dp","gex
+protein embeddings
+describeProt","with_hubness"
"4845","ACH-000911",0.647478485801577,"test","gex_pt_dp","gex
+protein embeddings
+describeProt","with_hubness"
"4846","ACH-000912",0.639071328227907,"test","gex_pt_dp","gex
+protein embeddings
+describeProt","with_hubness"
"4847","ACH-000913",0.633931046369881,"test","gex_pt_dp","gex
+protein embeddings
+describeProt","with_hubness"
"4848","ACH-000914",0.624430103751182,"test","gex_pt_dp","gex
+protein embeddings
+describeProt","with_hubness"
"4849","ACH-000915",0.622304810347489,"test","gex_pt_dp","gex
+protein embeddings
+describeProt","with_hubness"
"4850","ACH-000917",0.619579812994639,"test","gex_pt_dp","gex
+protein embeddings
+describeProt","with_hubness"
"4851","ACH-000919",0.631606029735707,"test","gex_pt_dp","gex
+protein embeddings
+describeProt","with_hubness"
"4852","ACH-000920",0.596229346410183,"test","gex_pt_dp","gex
+protein embeddings
+describeProt","with_hubness"
"4853","ACH-000921",0.623954689056969,"test","gex_pt_dp","gex
+protein embeddings
+describeProt","with_hubness"
"4854","ACH-000922",0.626145597450017,"test","gex_pt_dp","gex
+protein embeddings
+describeProt","with_hubness"
"4855","ACH-000924",0.62621266505416,"test","gex_pt_dp","gex
+protein embeddings
+describeProt","with_hubness"
"4856","ACH-000926",0.610453097071375,"test","gex_pt_dp","gex
+protein embeddings
+describeProt","with_hubness"
"4857","ACH-000928",0.543060358788319,"test","gex_pt_dp","gex
+protein embeddings
+describeProt","with_hubness"
"4858","ACH-000929",0.588568169484809,"test","gex_pt_dp","gex
+protein embeddings
+describeProt","with_hubness"
"4859","ACH-000932",0.625620307611126,"test","gex_pt_dp","gex
+protein embeddings
+describeProt","with_hubness"
"4860","ACH-000934",0.546755236971223,"test","gex_pt_dp","gex
+protein embeddings
+describeProt","with_hubness"
"4861","ACH-000935",0.628284734579954,"test","gex_pt_dp","gex
+protein embeddings
+describeProt","with_hubness"
"4862","ACH-000936",0.628513366358111,"test","gex_pt_dp","gex
+protein embeddings
+describeProt","with_hubness"
"4863","ACH-000937",0.621502799115829,"test","gex_pt_dp","gex
+protein embeddings
+describeProt","with_hubness"
"4864","ACH-000938",0.621502137206278,"test","gex_pt_dp","gex
+protein embeddings
+describeProt","with_hubness"
"4865","ACH-000939",0.601955996209045,"test","gex_pt_dp","gex
+protein embeddings
+describeProt","with_hubness"
"4866","ACH-000941",0.604956997342557,"test","gex_pt_dp","gex
+protein embeddings
+describeProt","with_hubness"
"4867","ACH-000943",0.637774813493728,"test","gex_pt_dp","gex
+protein embeddings
+describeProt","with_hubness"
"4868","ACH-000944",0.628489895052511,"test","gex_pt_dp","gex
+protein embeddings
+describeProt","with_hubness"
"4869","ACH-000945",0.5829499795434,"test","gex_pt_dp","gex
+protein embeddings
+describeProt","with_hubness"
"4870","ACH-000946",0.616815384312759,"test","gex_pt_dp","gex
+protein embeddings
+describeProt","with_hubness"
"4871","ACH-000947",0.625789714777664,"test","gex_pt_dp","gex
+protein embeddings
+describeProt","with_hubness"
"4872","ACH-000948",0.642074334568461,"test","gex_pt_dp","gex
+protein embeddings
+describeProt","with_hubness"
"4873","ACH-000950",0.610390026790576,"test","gex_pt_dp","gex
+protein embeddings
+describeProt","with_hubness"
"4874","ACH-000953",0.576771673613775,"test","gex_pt_dp","gex
+protein embeddings
+describeProt","with_hubness"
"4875","ACH-000956",0.581468754554757,"test","gex_pt_dp","gex
+protein embeddings
+describeProt","with_hubness"
"4876","ACH-000957",0.618207386033994,"test","gex_pt_dp","gex
+protein embeddings
+describeProt","with_hubness"
"4877","ACH-000958",0.61440802575283,"test","gex_pt_dp","gex
+protein embeddings
+describeProt","with_hubness"
"4878","ACH-000959",0.622677352402812,"test","gex_pt_dp","gex
+protein embeddings
+describeProt","with_hubness"
"4879","ACH-000960",0.603961745888611,"test","gex_pt_dp","gex
+protein embeddings
+describeProt","with_hubness"
"4880","ACH-000961",0.596819919609257,"test","gex_pt_dp","gex
+protein embeddings
+describeProt","with_hubness"
"4881","ACH-000962",0.614253750801418,"test","gex_pt_dp","gex
+protein embeddings
+describeProt","with_hubness"
"4882","ACH-000965",0.63905593650652,"test","gex_pt_dp","gex
+protein embeddings
+describeProt","with_hubness"
"4883","ACH-000966",0.586592116842056,"test","gex_pt_dp","gex
+protein embeddings
+describeProt","with_hubness"
"4884","ACH-000968",0.617210714519755,"test","gex_pt_dp","gex
+protein embeddings
+describeProt","with_hubness"
"4885","ACH-000969",0.623985386619421,"test","gex_pt_dp","gex
+protein embeddings
+describeProt","with_hubness"
"4886","ACH-000970",0.612550029921913,"test","gex_pt_dp","gex
+protein embeddings
+describeProt","with_hubness"
"4887","ACH-000971",0.610645677271174,"test","gex_pt_dp","gex
+protein embeddings
+describeProt","with_hubness"
"4888","ACH-000973",0.642482336261407,"test","gex_pt_dp","gex
+protein embeddings
+describeProt","with_hubness"
"4889","ACH-000974",0.624896001516697,"test","gex_pt_dp","gex
+protein embeddings
+describeProt","with_hubness"
"4890","ACH-000975",0.621311195006004,"test","gex_pt_dp","gex
+protein embeddings
+describeProt","with_hubness"
"4891","ACH-000976",0.605516967078051,"test","gex_pt_dp","gex
+protein embeddings
+describeProt","with_hubness"
"4892","ACH-000977",0.641250810407981,"test","gex_pt_dp","gex
+protein embeddings
+describeProt","with_hubness"
"4893","ACH-000978",0.599584326555272,"test","gex_pt_dp","gex
+protein embeddings
+describeProt","with_hubness"
"4894","ACH-000979",0.604660146652885,"test","gex_pt_dp","gex
+protein embeddings
+describeProt","with_hubness"
"4895","ACH-000980",0.643040819082541,"test","gex_pt_dp","gex
+protein embeddings
+describeProt","with_hubness"
"4896","ACH-000983",0.624583486938177,"test","gex_pt_dp","gex
+protein embeddings
+describeProt","with_hubness"
"4897","ACH-000984",0.585266805503796,"test","gex_pt_dp","gex
+protein embeddings
+describeProt","with_hubness"
"4898","ACH-000985",0.579340979165571,"test","gex_pt_dp","gex
+protein embeddings
+describeProt","with_hubness"
"4899","ACH-000986",0.622547583760468,"test","gex_pt_dp","gex
+protein embeddings
+describeProt","with_hubness"
"4900","ACH-000988",0.58712344894028,"test","gex_pt_dp","gex
+protein embeddings
+describeProt","with_hubness"
"4901","ACH-000991",0.606743171602988,"test","gex_pt_dp","gex
+protein embeddings
+describeProt","with_hubness"
"4902","ACH-000993",0.584507910916203,"test","gex_pt_dp","gex
+protein embeddings
+describeProt","with_hubness"
"4903","ACH-000994",0.601709785421845,"test","gex_pt_dp","gex
+protein embeddings
+describeProt","with_hubness"
"4904","ACH-000995",0.584562724318124,"test","gex_pt_dp","gex
+protein embeddings
+describeProt","with_hubness"
"4905","ACH-000996",0.596576258844441,"test","gex_pt_dp","gex
+protein embeddings
+describeProt","with_hubness"
"4906","ACH-000997",0.615622937075822,"test","gex_pt_dp","gex
+protein embeddings
+describeProt","with_hubness"
"4907","ACH-001001",0.628006857655486,"test","gex_pt_dp","gex
+protein embeddings
+describeProt","with_hubness"
"4908","ACH-001016",0.628484824768882,"test","gex_pt_dp","gex
+protein embeddings
+describeProt","with_hubness"
"4909","ACH-001020",0.580904080180297,"test","gex_pt_dp","gex
+protein embeddings
+describeProt","with_hubness"
"4910","ACH-001028",0.629594768583876,"test","gex_pt_dp","gex
+protein embeddings
+describeProt","with_hubness"
"4911","ACH-001029",0.636172278893485,"test","gex_pt_dp","gex
+protein embeddings
+describeProt","with_hubness"
"4912","ACH-001031",0.622020471585652,"test","gex_pt_dp","gex
+protein embeddings
+describeProt","with_hubness"
"4913","ACH-001033",0.583759199757479,"test","gex_pt_dp","gex
+protein embeddings
+describeProt","with_hubness"
"4914","ACH-001036",0.585072957799777,"test","gex_pt_dp","gex
+protein embeddings
+describeProt","with_hubness"
"4915","ACH-001038",0.631165065462081,"test","gex_pt_dp","gex
+protein embeddings
+describeProt","with_hubness"
"4916","ACH-001039",0.606165113746785,"test","gex_pt_dp","gex
+protein embeddings
+describeProt","with_hubness"
"4917","ACH-001041",0.624404736590069,"test","gex_pt_dp","gex
+protein embeddings
+describeProt","with_hubness"
"4918","ACH-001048",0.608584429945244,"test","gex_pt_dp","gex
+protein embeddings
+describeProt","with_hubness"
"4919","ACH-001050",0.599529500035635,"test","gex_pt_dp","gex
+protein embeddings
+describeProt","with_hubness"
"4920","ACH-001053",0.582066614676741,"test","gex_pt_dp","gex
+protein embeddings
+describeProt","with_hubness"
"4921","ACH-001054",0.611865594529708,"test","gex_pt_dp","gex
+protein embeddings
+describeProt","with_hubness"
"4922","ACH-001061",0.628311680271324,"test","gex_pt_dp","gex
+protein embeddings
+describeProt","with_hubness"
"4923","ACH-001063",0.593885738445525,"test","gex_pt_dp","gex
+protein embeddings
+describeProt","with_hubness"
"4924","ACH-001065",0.617418665175712,"test","gex_pt_dp","gex
+protein embeddings
+describeProt","with_hubness"
"4925","ACH-001067",0.613279923405848,"test","gex_pt_dp","gex
+protein embeddings
+describeProt","with_hubness"
"4926","ACH-001075",0.604462427974375,"test","gex_pt_dp","gex
+protein embeddings
+describeProt","with_hubness"
"4927","ACH-001081",0.606791619461284,"test","gex_pt_dp","gex
+protein embeddings
+describeProt","with_hubness"
"4928","ACH-001096",0.616684411518294,"test","gex_pt_dp","gex
+protein embeddings
+describeProt","with_hubness"
"4929","ACH-001098",0.604713187835399,"test","gex_pt_dp","gex
+protein embeddings
+describeProt","with_hubness"
"4930","ACH-001099",0.589767262254097,"test","gex_pt_dp","gex
+protein embeddings
+describeProt","with_hubness"
"4931","ACH-001107",0.612558259310812,"test","gex_pt_dp","gex
+protein embeddings
+describeProt","with_hubness"
"4932","ACH-001126",0.622619768040905,"test","gex_pt_dp","gex
+protein embeddings
+describeProt","with_hubness"
"4933","ACH-001128",0.586416365748054,"test","gex_pt_dp","gex
+protein embeddings
+describeProt","with_hubness"
"4934","ACH-001129",0.597382847357612,"test","gex_pt_dp","gex
+protein embeddings
+describeProt","with_hubness"
"4935","ACH-001134",0.607104198123252,"test","gex_pt_dp","gex
+protein embeddings
+describeProt","with_hubness"
"4936","ACH-001137",0.579747094348072,"test","gex_pt_dp","gex
+protein embeddings
+describeProt","with_hubness"
"4937","ACH-001145",0.626027831349114,"test","gex_pt_dp","gex
+protein embeddings
+describeProt","with_hubness"
"4938","ACH-001151",0.604459779176164,"test","gex_pt_dp","gex
+protein embeddings
+describeProt","with_hubness"
"4939","ACH-001163",0.605574541985539,"test","gex_pt_dp","gex
+protein embeddings
+describeProt","with_hubness"
"4940","ACH-001164",0.589176941696482,"test","gex_pt_dp","gex
+protein embeddings
+describeProt","with_hubness"
"4941","ACH-001172",0.649683311355122,"test","gex_pt_dp","gex
+protein embeddings
+describeProt","with_hubness"
"4942","ACH-001183",0.606490371288881,"test","gex_pt_dp","gex
+protein embeddings
+describeProt","with_hubness"
"4943","ACH-001184",0.580411509875766,"test","gex_pt_dp","gex
+protein embeddings
+describeProt","with_hubness"
"4944","ACH-001188",0.59681728096479,"test","gex_pt_dp","gex
+protein embeddings
+describeProt","with_hubness"
"4945","ACH-001190",0.618421466374478,"test","gex_pt_dp","gex
+protein embeddings
+describeProt","with_hubness"
"4946","ACH-001192",0.604773855783291,"test","gex_pt_dp","gex
+protein embeddings
+describeProt","with_hubness"
"4947","ACH-001193",0.614734453460832,"test","gex_pt_dp","gex
+protein embeddings
+describeProt","with_hubness"
"4948","ACH-001194",0.577418090044101,"test","gex_pt_dp","gex
+protein embeddings
+describeProt","with_hubness"
"4949","ACH-001196",0.613119779878707,"test","gex_pt_dp","gex
+protein embeddings
+describeProt","with_hubness"
"4950","ACH-001197",0.603859806593692,"test","gex_pt_dp","gex
+protein embeddings
+describeProt","with_hubness"
"4951","ACH-001205",0.592317276905955,"test","gex_pt_dp","gex
+protein embeddings
+describeProt","with_hubness"
"4952","ACH-001211",0.598952164289921,"test","gex_pt_dp","gex
+protein embeddings
+describeProt","with_hubness"
"4953","ACH-001212",0.56489364636731,"test","gex_pt_dp","gex
+protein embeddings
+describeProt","with_hubness"
"4954","ACH-001228",0.595336016554262,"test","gex_pt_dp","gex
+protein embeddings
+describeProt","with_hubness"
"4955","ACH-001229",0.636465247266249,"test","gex_pt_dp","gex
+protein embeddings
+describeProt","with_hubness"
"4956","ACH-001232",0.612352851924628,"test","gex_pt_dp","gex
+protein embeddings
+describeProt","with_hubness"
"4957","ACH-001233",0.606151148116977,"test","gex_pt_dp","gex
+protein embeddings
+describeProt","with_hubness"
"4958","ACH-001239",0.621127025031049,"test","gex_pt_dp","gex
+protein embeddings
+describeProt","with_hubness"
"4959","ACH-001270",0.589501398439873,"test","gex_pt_dp","gex
+protein embeddings
+describeProt","with_hubness"
"4960","ACH-001274",0.594693771814648,"test","gex_pt_dp","gex
+protein embeddings
+describeProt","with_hubness"
"4961","ACH-001275",0.612827989774641,"test","gex_pt_dp","gex
+protein embeddings
+describeProt","with_hubness"
"4962","ACH-001277",0.604054744955445,"test","gex_pt_dp","gex
+protein embeddings
+describeProt","with_hubness"
"4963","ACH-001278",0.615847570316172,"test","gex_pt_dp","gex
+protein embeddings
+describeProt","with_hubness"
"4964","ACH-001279",0.60430330529276,"test","gex_pt_dp","gex
+protein embeddings
+describeProt","with_hubness"
"4965","ACH-001280",0.582627460607383,"test","gex_pt_dp","gex
+protein embeddings
+describeProt","with_hubness"
"4966","ACH-001283",0.61991530658561,"test","gex_pt_dp","gex
+protein embeddings
+describeProt","with_hubness"
"4967","ACH-001289",0.625405191310254,"test","gex_pt_dp","gex
+protein embeddings
+describeProt","with_hubness"
"4968","ACH-001295",0.604251545063698,"test","gex_pt_dp","gex
+protein embeddings
+describeProt","with_hubness"
"4969","ACH-001300",0.607180642223904,"test","gex_pt_dp","gex
+protein embeddings
+describeProt","with_hubness"
"4970","ACH-001301",0.594583525375027,"test","gex_pt_dp","gex
+protein embeddings
+describeProt","with_hubness"
"4971","ACH-001302",0.594739460132896,"test","gex_pt_dp","gex
+protein embeddings
+describeProt","with_hubness"
"4972","ACH-001303",0.571717330409072,"test","gex_pt_dp","gex
+protein embeddings
+describeProt","with_hubness"
"4973","ACH-001306",0.604757802659121,"test","gex_pt_dp","gex
+protein embeddings
+describeProt","with_hubness"
"4974","ACH-001307",0.603397237208372,"test","gex_pt_dp","gex
+protein embeddings
+describeProt","with_hubness"
"4975","ACH-001310",0.598606292557277,"test","gex_pt_dp","gex
+protein embeddings
+describeProt","with_hubness"
"4976","ACH-001318",0.620826424499346,"test","gex_pt_dp","gex
+protein embeddings
+describeProt","with_hubness"
"4977","ACH-001322",0.613649708578075,"test","gex_pt_dp","gex
+protein embeddings
+describeProt","with_hubness"
"4978","ACH-001328",0.613237646113162,"test","gex_pt_dp","gex
+protein embeddings
+describeProt","with_hubness"
"4979","ACH-001329",0.611295604117326,"test","gex_pt_dp","gex
+protein embeddings
+describeProt","with_hubness"
"4980","ACH-001331",0.607491350380913,"test","gex_pt_dp","gex
+protein embeddings
+describeProt","with_hubness"
"4981","ACH-001332",0.604051397432458,"test","gex_pt_dp","gex
+protein embeddings
+describeProt","with_hubness"
"4982","ACH-001333",0.61893832418794,"test","gex_pt_dp","gex
+protein embeddings
+describeProt","with_hubness"
"4983","ACH-001334",0.628305292209749,"test","gex_pt_dp","gex
+protein embeddings
+describeProt","with_hubness"
"4984","ACH-001335",0.615407846373,"test","gex_pt_dp","gex
+protein embeddings
+describeProt","with_hubness"
"4985","ACH-001336",0.626443426223691,"test","gex_pt_dp","gex
+protein embeddings
+describeProt","with_hubness"
"4986","ACH-001338",0.612295322002377,"test","gex_pt_dp","gex
+protein embeddings
+describeProt","with_hubness"
"4987","ACH-001340",0.628049545678627,"test","gex_pt_dp","gex
+protein embeddings
+describeProt","with_hubness"
"4988","ACH-001341",0.63095625950216,"test","gex_pt_dp","gex
+protein embeddings
+describeProt","with_hubness"
"4989","ACH-001344",0.589436536541997,"test","gex_pt_dp","gex
+protein embeddings
+describeProt","with_hubness"
"4990","ACH-001345",0.627958849619385,"test","gex_pt_dp","gex
+protein embeddings
+describeProt","with_hubness"
"4991","ACH-001346",0.642125985680965,"test","gex_pt_dp","gex
+protein embeddings
+describeProt","with_hubness"
"4992","ACH-001347",0.616092518436215,"test","gex_pt_dp","gex
+protein embeddings
+describeProt","with_hubness"
"4993","ACH-001353",0.611181000430098,"test","gex_pt_dp","gex
+protein embeddings
+describeProt","with_hubness"
"4994","ACH-001354",0.587127651553781,"test","gex_pt_dp","gex
+protein embeddings
+describeProt","with_hubness"
"4995","ACH-001356",0.584335932440581,"test","gex_pt_dp","gex
+protein embeddings
+describeProt","with_hubness"
"4996","ACH-001366",0.610992730721389,"test","gex_pt_dp","gex
+protein embeddings
+describeProt","with_hubness"
"4997","ACH-001367",0.591072324502722,"test","gex_pt_dp","gex
+protein embeddings
+describeProt","with_hubness"
"4998","ACH-001368",0.623953971627735,"test","gex_pt_dp","gex
+protein embeddings
+describeProt","with_hubness"
"4999","ACH-001370",0.605803142690377,"test","gex_pt_dp","gex
+protein embeddings
+describeProt","with_hubness"
"5000","ACH-001374",0.595205641786914,"test","gex_pt_dp","gex
+protein embeddings
+describeProt","with_hubness"
"5001","ACH-001375",0.597735685851846,"test","gex_pt_dp","gex
+protein embeddings
+describeProt","with_hubness"
"5002","ACH-001377",0.618297325880495,"test","gex_pt_dp","gex
+protein embeddings
+describeProt","with_hubness"
"5003","ACH-001379",0.610619975201354,"test","gex_pt_dp","gex
+protein embeddings
+describeProt","with_hubness"
"5004","ACH-001380",0.632570304175162,"test","gex_pt_dp","gex
+protein embeddings
+describeProt","with_hubness"
"5005","ACH-001382",0.571682081849027,"test","gex_pt_dp","gex
+protein embeddings
+describeProt","with_hubness"
"5006","ACH-001385",0.632973028965858,"test","gex_pt_dp","gex
+protein embeddings
+describeProt","with_hubness"
"5007","ACH-001386",0.610385421541685,"test","gex_pt_dp","gex
+protein embeddings
+describeProt","with_hubness"
"5008","ACH-001389",0.624560383448284,"test","gex_pt_dp","gex
+protein embeddings
+describeProt","with_hubness"
"5009","ACH-001390",0.592361500975888,"test","gex_pt_dp","gex
+protein embeddings
+describeProt","with_hubness"
"5010","ACH-001391",0.593422586653719,"test","gex_pt_dp","gex
+protein embeddings
+describeProt","with_hubness"
"5011","ACH-001392",0.59509725035573,"test","gex_pt_dp","gex
+protein embeddings
+describeProt","with_hubness"
"5012","ACH-001393",0.592622701652709,"test","gex_pt_dp","gex
+protein embeddings
+describeProt","with_hubness"
"5013","ACH-001394",0.599589269124615,"test","gex_pt_dp","gex
+protein embeddings
+describeProt","with_hubness"
"5014","ACH-001398",0.581286111438813,"test","gex_pt_dp","gex
+protein embeddings
+describeProt","with_hubness"
"5015","ACH-001399",0.606169328410627,"test","gex_pt_dp","gex
+protein embeddings
+describeProt","with_hubness"
"5016","ACH-001400",0.59899598213978,"test","gex_pt_dp","gex
+protein embeddings
+describeProt","with_hubness"
"5017","ACH-001402",0.609380667341567,"test","gex_pt_dp","gex
+protein embeddings
+describeProt","with_hubness"
"5018","ACH-001403",0.583998045563394,"test","gex_pt_dp","gex
+protein embeddings
+describeProt","with_hubness"
"5019","ACH-001407",0.617442161864258,"test","gex_pt_dp","gex
+protein embeddings
+describeProt","with_hubness"
"5020","ACH-001408",0.614417946868992,"test","gex_pt_dp","gex
+protein embeddings
+describeProt","with_hubness"
"5021","ACH-001409",0.554432056927804,"test","gex_pt_dp","gex
+protein embeddings
+describeProt","with_hubness"
"5022","ACH-001411",0.605946860318379,"test","gex_pt_dp","gex
+protein embeddings
+describeProt","with_hubness"
"5023","ACH-001412",0.593335691378305,"test","gex_pt_dp","gex
+protein embeddings
+describeProt","with_hubness"
"5024","ACH-001413",0.615541887686107,"test","gex_pt_dp","gex
+protein embeddings
+describeProt","with_hubness"
"5025","ACH-001414",0.628053535691188,"test","gex_pt_dp","gex
+protein embeddings
+describeProt","with_hubness"
"5026","ACH-001415",0.581618154234215,"test","gex_pt_dp","gex
+protein embeddings
+describeProt","with_hubness"
"5027","ACH-001416",0.590188305434545,"test","gex_pt_dp","gex
+protein embeddings
+describeProt","with_hubness"
"5028","ACH-001418",0.630447563296227,"test","gex_pt_dp","gex
+protein embeddings
+describeProt","with_hubness"
"5029","ACH-001419",0.596084749466545,"test","gex_pt_dp","gex
+protein embeddings
+describeProt","with_hubness"
"5030","ACH-001421",0.563305447797752,"test","gex_pt_dp","gex
+protein embeddings
+describeProt","with_hubness"
"5031","ACH-001422",0.574680152152822,"test","gex_pt_dp","gex
+protein embeddings
+describeProt","with_hubness"
"5032","ACH-001430",0.604898118916515,"test","gex_pt_dp","gex
+protein embeddings
+describeProt","with_hubness"
"5033","ACH-001431",0.59467195266701,"test","gex_pt_dp","gex
+protein embeddings
+describeProt","with_hubness"
"5034","ACH-001433",0.609414965602315,"test","gex_pt_dp","gex
+protein embeddings
+describeProt","with_hubness"
"5035","ACH-001442",0.589061240073033,"test","gex_pt_dp","gex
+protein embeddings
+describeProt","with_hubness"
"5036","ACH-001443",0.60554012816722,"test","gex_pt_dp","gex
+protein embeddings
+describeProt","with_hubness"
"5037","ACH-001450",0.585527266810169,"test","gex_pt_dp","gex
+protein embeddings
+describeProt","with_hubness"
"5038","ACH-001451",0.603738947300832,"test","gex_pt_dp","gex
+protein embeddings
+describeProt","with_hubness"
"5039","ACH-001453",0.607886152628168,"test","gex_pt_dp","gex
+protein embeddings
+describeProt","with_hubness"
"5040","ACH-001458",0.576061262257961,"test","gex_pt_dp","gex
+protein embeddings
+describeProt","with_hubness"
"5041","ACH-001459",0.589271041895613,"test","gex_pt_dp","gex
+protein embeddings
+describeProt","with_hubness"
"5042","ACH-001460",0.597603798741817,"test","gex_pt_dp","gex
+protein embeddings
+describeProt","with_hubness"
"5043","ACH-001494",0.622509554279111,"test","gex_pt_dp","gex
+protein embeddings
+describeProt","with_hubness"
"5044","ACH-001495",0.596488863794338,"test","gex_pt_dp","gex
+protein embeddings
+describeProt","with_hubness"
"5045","ACH-001496",0.642173726123065,"test","gex_pt_dp","gex
+protein embeddings
+describeProt","with_hubness"
"5046","ACH-001497",0.618848038639839,"test","gex_pt_dp","gex
+protein embeddings
+describeProt","with_hubness"
"5047","ACH-001498",0.598912266526454,"test","gex_pt_dp","gex
+protein embeddings
+describeProt","with_hubness"
"5048","ACH-001500",0.614416194498945,"test","gex_pt_dp","gex
+protein embeddings
+describeProt","with_hubness"
"5049","ACH-001509",0.58033916183809,"test","gex_pt_dp","gex
+protein embeddings
+describeProt","with_hubness"
"5050","ACH-001510",0.625518455745819,"test","gex_pt_dp","gex
+protein embeddings
+describeProt","with_hubness"
"5051","ACH-001511",0.611220224857932,"test","gex_pt_dp","gex
+protein embeddings
+describeProt","with_hubness"
"5052","ACH-001513",0.599321755452787,"test","gex_pt_dp","gex
+protein embeddings
+describeProt","with_hubness"
"5053","ACH-001515",0.600376234212244,"test","gex_pt_dp","gex
+protein embeddings
+describeProt","with_hubness"
"5054","ACH-001517",0.602851156339675,"test","gex_pt_dp","gex
+protein embeddings
+describeProt","with_hubness"
"5055","ACH-001518",0.580603737525948,"test","gex_pt_dp","gex
+protein embeddings
+describeProt","with_hubness"
"5056","ACH-001520",0.594563398702511,"test","gex_pt_dp","gex
+protein embeddings
+describeProt","with_hubness"
"5057","ACH-001521",0.585087139032167,"test","gex_pt_dp","gex
+protein embeddings
+describeProt","with_hubness"
"5058","ACH-001522",0.594055825566368,"test","gex_pt_dp","gex
+protein embeddings
+describeProt","with_hubness"
"5059","ACH-001523",0.627381059229593,"test","gex_pt_dp","gex
+protein embeddings
+describeProt","with_hubness"
"5060","ACH-001524",0.607099440381816,"test","gex_pt_dp","gex
+protein embeddings
+describeProt","with_hubness"
"5061","ACH-001525",0.612425545364275,"test","gex_pt_dp","gex
+protein embeddings
+describeProt","with_hubness"
"5062","ACH-001526",0.586056182896845,"test","gex_pt_dp","gex
+protein embeddings
+describeProt","with_hubness"
"5063","ACH-001528",0.638526598406315,"test","gex_pt_dp","gex
+protein embeddings
+describeProt","with_hubness"
"5064","ACH-001529",0.629214367124679,"test","gex_pt_dp","gex
+protein embeddings
+describeProt","with_hubness"
"5065","ACH-001530",0.585624610848557,"test","gex_pt_dp","gex
+protein embeddings
+describeProt","with_hubness"
"5066","ACH-001532",0.649571633695125,"test","gex_pt_dp","gex
+protein embeddings
+describeProt","with_hubness"
"5067","ACH-001533",0.625035528462548,"test","gex_pt_dp","gex
+protein embeddings
+describeProt","with_hubness"
"5068","ACH-001536",0.583784141229502,"test","gex_pt_dp","gex
+protein embeddings
+describeProt","with_hubness"
"5069","ACH-001538",0.608905205137134,"test","gex_pt_dp","gex
+protein embeddings
+describeProt","with_hubness"
"5070","ACH-001539",0.600022377779295,"test","gex_pt_dp","gex
+protein embeddings
+describeProt","with_hubness"
"5071","ACH-001542",0.645306267637643,"test","gex_pt_dp","gex
+protein embeddings
+describeProt","with_hubness"
"5072","ACH-001543",0.599377847811159,"test","gex_pt_dp","gex
+protein embeddings
+describeProt","with_hubness"
"5073","ACH-001544",0.606614691768324,"test","gex_pt_dp","gex
+protein embeddings
+describeProt","with_hubness"
"5074","ACH-001547",0.59427052145562,"test","gex_pt_dp","gex
+protein embeddings
+describeProt","with_hubness"
"5075","ACH-001548",0.598827821071579,"test","gex_pt_dp","gex
+protein embeddings
+describeProt","with_hubness"
"5076","ACH-001549",0.632156331133254,"test","gex_pt_dp","gex
+protein embeddings
+describeProt","with_hubness"
"5077","ACH-001550",0.590274871741003,"test","gex_pt_dp","gex
+protein embeddings
+describeProt","with_hubness"
"5078","ACH-001551",0.639489667027519,"test","gex_pt_dp","gex
+protein embeddings
+describeProt","with_hubness"
"5079","ACH-001552",0.593768795651818,"test","gex_pt_dp","gex
+protein embeddings
+describeProt","with_hubness"
"5080","ACH-001554",0.643475441138302,"test","gex_pt_dp","gex
+protein embeddings
+describeProt","with_hubness"
"5081","ACH-001555",0.588151212278602,"test","gex_pt_dp","gex
+protein embeddings
+describeProt","with_hubness"
"5082","ACH-001556",0.613455199586389,"test","gex_pt_dp","gex
+protein embeddings
+describeProt","with_hubness"
"5083","ACH-001557",0.594114331620408,"test","gex_pt_dp","gex
+protein embeddings
+describeProt","with_hubness"
"5084","ACH-001558",0.593269176661811,"test","gex_pt_dp","gex
+protein embeddings
+describeProt","with_hubness"
"5085","ACH-001559",0.589600192050871,"test","gex_pt_dp","gex
+protein embeddings
+describeProt","with_hubness"
"5086","ACH-001560",0.613776927948608,"test","gex_pt_dp","gex
+protein embeddings
+describeProt","with_hubness"
"5087","ACH-001562",0.634170952317719,"test","gex_pt_dp","gex
+protein embeddings
+describeProt","with_hubness"
"5088","ACH-001563",0.593160216464756,"test","gex_pt_dp","gex
+protein embeddings
+describeProt","with_hubness"
"5089","ACH-001566",0.603272277941167,"test","gex_pt_dp","gex
+protein embeddings
+describeProt","with_hubness"
"5090","ACH-001567",0.612652457152073,"test","gex_pt_dp","gex
+protein embeddings
+describeProt","with_hubness"
"5091","ACH-001568",0.613571525516108,"test","gex_pt_dp","gex
+protein embeddings
+describeProt","with_hubness"
"5092","ACH-001570",0.628100352311887,"test","gex_pt_dp","gex
+protein embeddings
+describeProt","with_hubness"
"5093","ACH-001574",0.603716252602585,"test","gex_pt_dp","gex
+protein embeddings
+describeProt","with_hubness"
"5094","ACH-001577",0.57770817939175,"test","gex_pt_dp","gex
+protein embeddings
+describeProt","with_hubness"
"5095","ACH-001603",0.580383954447994,"test","gex_pt_dp","gex
+protein embeddings
+describeProt","with_hubness"
"5096","ACH-001605",0.622859119353028,"test","gex_pt_dp","gex
+protein embeddings
+describeProt","with_hubness"
"5097","ACH-001606",0.602136143752021,"test","gex_pt_dp","gex
+protein embeddings
+describeProt","with_hubness"
"5098","ACH-001607",0.617824648114919,"test","gex_pt_dp","gex
+protein embeddings
+describeProt","with_hubness"
"5099","ACH-001608",0.619220676927372,"test","gex_pt_dp","gex
+protein embeddings
+describeProt","with_hubness"
"5100","ACH-001609",0.631255871435806,"test","gex_pt_dp","gex
+protein embeddings
+describeProt","with_hubness"
"5101","ACH-001610",0.577011632574334,"test","gex_pt_dp","gex
+protein embeddings
+describeProt","with_hubness"
"5102","ACH-001611",0.599564072020208,"test","gex_pt_dp","gex
+protein embeddings
+describeProt","with_hubness"
"5103","ACH-001616",0.628842949774714,"test","gex_pt_dp","gex
+protein embeddings
+describeProt","with_hubness"
"5104","ACH-001618",0.59821373403327,"test","gex_pt_dp","gex
+protein embeddings
+describeProt","with_hubness"
"5105","ACH-001619",0.549853993559675,"test","gex_pt_dp","gex
+protein embeddings
+describeProt","with_hubness"
"5106","ACH-001622",0.615619894258077,"test","gex_pt_dp","gex
+protein embeddings
+describeProt","with_hubness"
"5107","ACH-001623",0.589776819013542,"test","gex_pt_dp","gex
+protein embeddings
+describeProt","with_hubness"
"5108","ACH-001624",0.570369894461074,"test","gex_pt_dp","gex
+protein embeddings
+describeProt","with_hubness"
"5109","ACH-001625",0.611722976434688,"test","gex_pt_dp","gex
+protein embeddings
+describeProt","with_hubness"
"5110","ACH-001626",0.595782819911015,"test","gex_pt_dp","gex
+protein embeddings
+describeProt","with_hubness"
"5111","ACH-001627",0.633100785135469,"test","gex_pt_dp","gex
+protein embeddings
+describeProt","with_hubness"
"5112","ACH-001628",0.590105428869768,"test","gex_pt_dp","gex
+protein embeddings
+describeProt","with_hubness"
"5113","ACH-001630",0.638809887182663,"test","gex_pt_dp","gex
+protein embeddings
+describeProt","with_hubness"
"5114","ACH-001632",0.584533919443707,"test","gex_pt_dp","gex
+protein embeddings
+describeProt","with_hubness"
"5115","ACH-001634",0.616806984006675,"test","gex_pt_dp","gex
+protein embeddings
+describeProt","with_hubness"
"5116","ACH-001639",0.564043686180291,"test","gex_pt_dp","gex
+protein embeddings
+describeProt","with_hubness"
"5117","ACH-001641",0.601892565629291,"test","gex_pt_dp","gex
+protein embeddings
+describeProt","with_hubness"
"5118","ACH-001645",0.580763561632631,"test","gex_pt_dp","gex
+protein embeddings
+describeProt","with_hubness"
"5119","ACH-001647",0.603898280268523,"test","gex_pt_dp","gex
+protein embeddings
+describeProt","with_hubness"
"5120","ACH-001648",0.645183607353979,"test","gex_pt_dp","gex
+protein embeddings
+describeProt","with_hubness"
"5121","ACH-001649",0.606622630094662,"test","gex_pt_dp","gex
+protein embeddings
+describeProt","with_hubness"
"5122","ACH-001650",0.609410736361709,"test","gex_pt_dp","gex
+protein embeddings
+describeProt","with_hubness"
"5123","ACH-001652",0.623315753638255,"test","gex_pt_dp","gex
+protein embeddings
+describeProt","with_hubness"
"5124","ACH-001653",0.629077733261465,"test","gex_pt_dp","gex
+protein embeddings
+describeProt","with_hubness"
"5125","ACH-001654",0.632344634769235,"test","gex_pt_dp","gex
+protein embeddings
+describeProt","with_hubness"
"5126","ACH-001655",0.60240945194169,"test","gex_pt_dp","gex
+protein embeddings
+describeProt","with_hubness"
"5127","ACH-001656",0.62435570952536,"test","gex_pt_dp","gex
+protein embeddings
+describeProt","with_hubness"
"5128","ACH-001664",0.638094793233943,"test","gex_pt_dp","gex
+protein embeddings
+describeProt","with_hubness"
"5129","ACH-001668",0.612650373840305,"test","gex_pt_dp","gex
+protein embeddings
+describeProt","with_hubness"
"5130","ACH-001669",0.633419821310568,"test","gex_pt_dp","gex
+protein embeddings
+describeProt","with_hubness"
"5131","ACH-001670",0.611050516971985,"test","gex_pt_dp","gex
+protein embeddings
+describeProt","with_hubness"
"5132","ACH-001673",0.621379003634862,"test","gex_pt_dp","gex
+protein embeddings
+describeProt","with_hubness"
"5133","ACH-001674",0.601743620284992,"test","gex_pt_dp","gex
+protein embeddings
+describeProt","with_hubness"
"5134","ACH-001675",0.605792207414612,"test","gex_pt_dp","gex
+protein embeddings
+describeProt","with_hubness"
"5135","ACH-001677",0.61278891929445,"test","gex_pt_dp","gex
+protein embeddings
+describeProt","with_hubness"
"5136","ACH-001685",0.612409541410278,"test","gex_pt_dp","gex
+protein embeddings
+describeProt","with_hubness"
"5137","ACH-001687",0.613713253301799,"test","gex_pt_dp","gex
+protein embeddings
+describeProt","with_hubness"
"5138","ACH-001688",0.576039199757373,"test","gex_pt_dp","gex
+protein embeddings
+describeProt","with_hubness"
"5139","ACH-001690",0.641084348350948,"test","gex_pt_dp","gex
+protein embeddings
+describeProt","with_hubness"
"5140","ACH-001692",0.63861900818493,"test","gex_pt_dp","gex
+protein embeddings
+describeProt","with_hubness"
"5141","ACH-001694",0.626457998690023,"test","gex_pt_dp","gex
+protein embeddings
+describeProt","with_hubness"
"5142","ACH-001696",0.631437269838229,"test","gex_pt_dp","gex
+protein embeddings
+describeProt","with_hubness"
"5143","ACH-001698",0.593159629858013,"test","gex_pt_dp","gex
+protein embeddings
+describeProt","with_hubness"
"5144","ACH-001699",0.638026900234612,"test","gex_pt_dp","gex
+protein embeddings
+describeProt","with_hubness"
"5145","ACH-001701",0.588228872960446,"test","gex_pt_dp","gex
+protein embeddings
+describeProt","with_hubness"
"5146","ACH-001702",0.59839438597042,"test","gex_pt_dp","gex
+protein embeddings
+describeProt","with_hubness"
"5147","ACH-001707",0.592066204723384,"test","gex_pt_dp","gex
+protein embeddings
+describeProt","with_hubness"
"5148","ACH-001709",0.630603715588517,"test","gex_pt_dp","gex
+protein embeddings
+describeProt","with_hubness"
"5149","ACH-001711",0.575531706481965,"test","gex_pt_dp","gex
+protein embeddings
+describeProt","with_hubness"
"5150","ACH-001715",0.605851009155183,"test","gex_pt_dp","gex
+protein embeddings
+describeProt","with_hubness"
"5151","ACH-001719",0.615604878057068,"test","gex_pt_dp","gex
+protein embeddings
+describeProt","with_hubness"
"5152","ACH-001735",0.618608023855341,"test","gex_pt_dp","gex
+protein embeddings
+describeProt","with_hubness"
"5153","ACH-001736",0.631679272261104,"test","gex_pt_dp","gex
+protein embeddings
+describeProt","with_hubness"
"5154","ACH-001737",0.546027391292249,"test","gex_pt_dp","gex
+protein embeddings
+describeProt","with_hubness"
"5155","ACH-001740",0.612574864361024,"test","gex_pt_dp","gex
+protein embeddings
+describeProt","with_hubness"
"5156","ACH-001745",0.620927035132075,"test","gex_pt_dp","gex
+protein embeddings
+describeProt","with_hubness"
"5157","ACH-001750",0.627014340311069,"test","gex_pt_dp","gex
+protein embeddings
+describeProt","with_hubness"
"5158","ACH-001765",0.638930397031302,"test","gex_pt_dp","gex
+protein embeddings
+describeProt","with_hubness"
"5159","ACH-001786",0.563857770279173,"test","gex_pt_dp","gex
+protein embeddings
+describeProt","with_hubness"
"5160","ACH-001791",0.570718119186545,"test","gex_pt_dp","gex
+protein embeddings
+describeProt","with_hubness"
"5161","ACH-001793",0.590392718105552,"test","gex_pt_dp","gex
+protein embeddings
+describeProt","with_hubness"
"5162","ACH-001794",0.583991016506161,"test","gex_pt_dp","gex
+protein embeddings
+describeProt","with_hubness"
"5163","ACH-001795",0.616617891525958,"test","gex_pt_dp","gex
+protein embeddings
+describeProt","with_hubness"
"5164","ACH-001796",0.578080861952359,"test","gex_pt_dp","gex
+protein embeddings
+describeProt","with_hubness"
"5165","ACH-001799",0.594466926338144,"test","gex_pt_dp","gex
+protein embeddings
+describeProt","with_hubness"
"5166","ACH-001802",0.615602157204535,"test","gex_pt_dp","gex
+protein embeddings
+describeProt","with_hubness"
"5167","ACH-001804",0.563922509833833,"test","gex_pt_dp","gex
+protein embeddings
+describeProt","with_hubness"
"5168","ACH-001814",0.589973967042208,"test","gex_pt_dp","gex
+protein embeddings
+describeProt","with_hubness"
"5169","ACH-001819",0.630210321071803,"test","gex_pt_dp","gex
+protein embeddings
+describeProt","with_hubness"
"5170","ACH-001820",0.617205251277503,"test","gex_pt_dp","gex
+protein embeddings
+describeProt","with_hubness"
"5171","ACH-001834",0.602271797749964,"test","gex_pt_dp","gex
+protein embeddings
+describeProt","with_hubness"
"5172","ACH-001835",0.613923369904978,"test","gex_pt_dp","gex
+protein embeddings
+describeProt","with_hubness"
"5173","ACH-001836",0.606486403051894,"test","gex_pt_dp","gex
+protein embeddings
+describeProt","with_hubness"
"5174","ACH-001838",0.56994138610342,"test","gex_pt_dp","gex
+protein embeddings
+describeProt","with_hubness"
"5175","ACH-001839",0.618800921841791,"test","gex_pt_dp","gex
+protein embeddings
+describeProt","with_hubness"
"5176","ACH-001841",0.644976045472575,"test","gex_pt_dp","gex
+protein embeddings
+describeProt","with_hubness"
"5177","ACH-001842",0.567436561844299,"test","gex_pt_dp","gex
+protein embeddings
+describeProt","with_hubness"
"5178","ACH-001843",0.646018802420791,"test","gex_pt_dp","gex
+protein embeddings
+describeProt","with_hubness"
"5179","ACH-001844",0.619602079100364,"test","gex_pt_dp","gex
+protein embeddings
+describeProt","with_hubness"
"5180","ACH-001848",0.625687571484398,"test","gex_pt_dp","gex
+protein embeddings
+describeProt","with_hubness"
"5181","ACH-001849",0.612566201936003,"test","gex_pt_dp","gex
+protein embeddings
+describeProt","with_hubness"
"5182","ACH-001850",0.610861312552035,"test","gex_pt_dp","gex
+protein embeddings
+describeProt","with_hubness"
"5183","ACH-001852",0.648474032202882,"test","gex_pt_dp","gex
+protein embeddings
+describeProt","with_hubness"
"5184","ACH-001853",0.588638618498563,"test","gex_pt_dp","gex
+protein embeddings
+describeProt","with_hubness"
"5185","ACH-001856",0.61054792126072,"test","gex_pt_dp","gex
+protein embeddings
+describeProt","with_hubness"
"5186","ACH-001857",0.591394020298346,"test","gex_pt_dp","gex
+protein embeddings
+describeProt","with_hubness"
"5187","ACH-001858",0.626669531682892,"test","gex_pt_dp","gex
+protein embeddings
+describeProt","with_hubness"
"5188","ACH-001861",0.619235788436026,"test","gex_pt_dp","gex
+protein embeddings
+describeProt","with_hubness"
"5189","ACH-001862",0.605846342647828,"test","gex_pt_dp","gex
+protein embeddings
+describeProt","with_hubness"
"5190","ACH-001863",0.597946797165688,"test","gex_pt_dp","gex
+protein embeddings
+describeProt","with_hubness"
"5191","ACH-001864",0.615566278571236,"test","gex_pt_dp","gex
+protein embeddings
+describeProt","with_hubness"
"5192","ACH-001959",0.630921116238769,"test","gex_pt_dp","gex
+protein embeddings
+describeProt","with_hubness"
"5193","ACH-001960",0.637800079727257,"test","gex_pt_dp","gex
+protein embeddings
+describeProt","with_hubness"
"5194","ACH-001961",0.606562653808288,"test","gex_pt_dp","gex
+protein embeddings
+describeProt","with_hubness"
"5195","ACH-001970",0.560038651415757,"test","gex_pt_dp","gex
+protein embeddings
+describeProt","with_hubness"
"5196","ACH-001973",0.616309323465053,"test","gex_pt_dp","gex
+protein embeddings
+describeProt","with_hubness"
"5197","ACH-001977",0.621303853588131,"test","gex_pt_dp","gex
+protein embeddings
+describeProt","with_hubness"
"5198","ACH-001982",0.613818610241555,"test","gex_pt_dp","gex
+protein embeddings
+describeProt","with_hubness"
"5199","ACH-001991",0.587221031558748,"test","gex_pt_dp","gex
+protein embeddings
+describeProt","with_hubness"
"5200","ACH-001992",0.631086838919964,"test","gex_pt_dp","gex
+protein embeddings
+describeProt","with_hubness"
"5201","ACH-001993",0.605923660565464,"test","gex_pt_dp","gex
+protein embeddings
+describeProt","with_hubness"
"5202","ACH-001997",0.601770115481156,"test","gex_pt_dp","gex
+protein embeddings
+describeProt","with_hubness"
"5203","ACH-001999",0.612651460800895,"test","gex_pt_dp","gex
+protein embeddings
+describeProt","with_hubness"
"5204","ACH-002001",0.635562693545001,"test","gex_pt_dp","gex
+protein embeddings
+describeProt","with_hubness"
"5205","ACH-002002",0.64347051085026,"test","gex_pt_dp","gex
+protein embeddings
+describeProt","with_hubness"
"5206","ACH-002003",0.587393500740884,"test","gex_pt_dp","gex
+protein embeddings
+describeProt","with_hubness"
"5207","ACH-002005",0.58994736766199,"test","gex_pt_dp","gex
+protein embeddings
+describeProt","with_hubness"
"5208","ACH-002014",0.550076700627939,"test","gex_pt_dp","gex
+protein embeddings
+describeProt","with_hubness"
"5209","ACH-002015",0.618592646617652,"test","gex_pt_dp","gex
+protein embeddings
+describeProt","with_hubness"
"5210","ACH-002016",0.594555433538182,"test","gex_pt_dp","gex
+protein embeddings
+describeProt","with_hubness"
"5211","ACH-002017",0.602814864185015,"test","gex_pt_dp","gex
+protein embeddings
+describeProt","with_hubness"
"5212","ACH-002018",0.638092622847313,"test","gex_pt_dp","gex
+protein embeddings
+describeProt","with_hubness"
"5213","ACH-002019",0.605983252861063,"test","gex_pt_dp","gex
+protein embeddings
+describeProt","with_hubness"
"5214","ACH-002021",0.583038800185555,"test","gex_pt_dp","gex
+protein embeddings
+describeProt","with_hubness"
"5215","ACH-002023",0.620343778227865,"test","gex_pt_dp","gex
+protein embeddings
+describeProt","with_hubness"
"5216","ACH-002024",0.585422337305373,"test","gex_pt_dp","gex
+protein embeddings
+describeProt","with_hubness"
"5217","ACH-002025",0.616798808053559,"test","gex_pt_dp","gex
+protein embeddings
+describeProt","with_hubness"
"5218","ACH-002026",0.619581933797878,"test","gex_pt_dp","gex
+protein embeddings
+describeProt","with_hubness"
"5219","ACH-002027",0.620157700440858,"test","gex_pt_dp","gex
+protein embeddings
+describeProt","with_hubness"
"5220","ACH-002029",0.638089338024054,"test","gex_pt_dp","gex
+protein embeddings
+describeProt","with_hubness"
"5221","ACH-002039",0.594026928649984,"test","gex_pt_dp","gex
+protein embeddings
+describeProt","with_hubness"
"5222","ACH-002041",0.619593235532863,"test","gex_pt_dp","gex
+protein embeddings
+describeProt","with_hubness"
"5223","ACH-002042",0.619643754855281,"test","gex_pt_dp","gex
+protein embeddings
+describeProt","with_hubness"
"5224","ACH-002043",0.628350742121374,"test","gex_pt_dp","gex
+protein embeddings
+describeProt","with_hubness"
"5225","ACH-002044",0.647758859710202,"test","gex_pt_dp","gex
+protein embeddings
+describeProt","with_hubness"
"5226","ACH-002045",0.617764777834253,"test","gex_pt_dp","gex
+protein embeddings
+describeProt","with_hubness"
"5227","ACH-002046",0.615226630961968,"test","gex_pt_dp","gex
+protein embeddings
+describeProt","with_hubness"
"5228","ACH-002048",0.636523520471113,"test","gex_pt_dp","gex
+protein embeddings
+describeProt","with_hubness"
"5229","ACH-002059",0.642584306272616,"test","gex_pt_dp","gex
+protein embeddings
+describeProt","with_hubness"
"5230","ACH-002061",0.58750805462177,"test","gex_pt_dp","gex
+protein embeddings
+describeProt","with_hubness"
"5231","ACH-002062",0.590107669435084,"test","gex_pt_dp","gex
+protein embeddings
+describeProt","with_hubness"
"5232","ACH-002066",0.629427488001614,"test","gex_pt_dp","gex
+protein embeddings
+describeProt","with_hubness"
"5233","ACH-002067",0.590840717062984,"test","gex_pt_dp","gex
+protein embeddings
+describeProt","with_hubness"
"5234","ACH-002069",0.58515928196604,"test","gex_pt_dp","gex
+protein embeddings
+describeProt","with_hubness"
"5235","ACH-002080",0.638661980013983,"test","gex_pt_dp","gex
+protein embeddings
+describeProt","with_hubness"
"5236","ACH-002083",0.58913626681522,"test","gex_pt_dp","gex
+protein embeddings
+describeProt","with_hubness"
"5237","ACH-002084",0.608754130378343,"test","gex_pt_dp","gex
+protein embeddings
+describeProt","with_hubness"
"5238","ACH-002105",0.59260012298086,"test","gex_pt_dp","gex
+protein embeddings
+describeProt","with_hubness"
"5239","ACH-002106",0.590074697770855,"test","gex_pt_dp","gex
+protein embeddings
+describeProt","with_hubness"
"5240","ACH-002109",0.598448069038499,"test","gex_pt_dp","gex
+protein embeddings
+describeProt","with_hubness"
"5241","ACH-002110",0.628235156890155,"test","gex_pt_dp","gex
+protein embeddings
+describeProt","with_hubness"
"5242","ACH-002114",0.603012363040228,"test","gex_pt_dp","gex
+protein embeddings
+describeProt","with_hubness"
"5243","ACH-002116",0.607908098260104,"test","gex_pt_dp","gex
+protein embeddings
+describeProt","with_hubness"
"5244","ACH-002119",0.623051325348204,"test","gex_pt_dp","gex
+protein embeddings
+describeProt","with_hubness"
"5245","ACH-002140",0.607646214654062,"test","gex_pt_dp","gex
+protein embeddings
+describeProt","with_hubness"
"5246","ACH-002141",0.605927786181148,"test","gex_pt_dp","gex
+protein embeddings
+describeProt","with_hubness"
"5247","ACH-002143",0.574659112470369,"test","gex_pt_dp","gex
+protein embeddings
+describeProt","with_hubness"
"5248","ACH-002150",0.62751808873846,"test","gex_pt_dp","gex
+protein embeddings
+describeProt","with_hubness"
"5249","ACH-002156",0.603507588491559,"test","gex_pt_dp","gex
+protein embeddings
+describeProt","with_hubness"
"5250","ACH-002160",0.617011239817079,"test","gex_pt_dp","gex
+protein embeddings
+describeProt","with_hubness"
"5251","ACH-002161",0.622589534857486,"test","gex_pt_dp","gex
+protein embeddings
+describeProt","with_hubness"
"5252","ACH-002179",0.58469078707524,"test","gex_pt_dp","gex
+protein embeddings
+describeProt","with_hubness"
"5253","ACH-002181",0.594141862663532,"test","gex_pt_dp","gex
+protein embeddings
+describeProt","with_hubness"
"5254","ACH-002183",0.593014357210413,"test","gex_pt_dp","gex
+protein embeddings
+describeProt","with_hubness"
"5255","ACH-002186",0.607253023965356,"test","gex_pt_dp","gex
+protein embeddings
+describeProt","with_hubness"
"5256","ACH-002189",0.598420611168989,"test","gex_pt_dp","gex
+protein embeddings
+describeProt","with_hubness"
"5257","ACH-002198",0.630211151746771,"test","gex_pt_dp","gex
+protein embeddings
+describeProt","with_hubness"
"5258","ACH-002202",0.615480480451421,"test","gex_pt_dp","gex
+protein embeddings
+describeProt","with_hubness"
"5259","ACH-002210",0.621767207297543,"test","gex_pt_dp","gex
+protein embeddings
+describeProt","with_hubness"
"5260","ACH-002212",0.604279787430154,"test","gex_pt_dp","gex
+protein embeddings
+describeProt","with_hubness"
"5261","ACH-002217",0.598465634490459,"test","gex_pt_dp","gex
+protein embeddings
+describeProt","with_hubness"
"5262","ACH-002228",0.623661951426878,"test","gex_pt_dp","gex
+protein embeddings
+describeProt","with_hubness"
"5263","ACH-002229",0.589994903831629,"test","gex_pt_dp","gex
+protein embeddings
+describeProt","with_hubness"
"5264","ACH-002230",0.592478476422456,"test","gex_pt_dp","gex
+protein embeddings
+describeProt","with_hubness"
"5265","ACH-002233",0.569278866600506,"test","gex_pt_dp","gex
+protein embeddings
+describeProt","with_hubness"
"5266","ACH-002234",0.612416648878062,"test","gex_pt_dp","gex
+protein embeddings
+describeProt","with_hubness"
"5267","ACH-002239",0.60055065042934,"test","gex_pt_dp","gex
+protein embeddings
+describeProt","with_hubness"
"5268","ACH-002243",0.611682133175527,"test","gex_pt_dp","gex
+protein embeddings
+describeProt","with_hubness"
"5269","ACH-002247",0.644948389007597,"test","gex_pt_dp","gex
+protein embeddings
+describeProt","with_hubness"
"5270","ACH-002249",0.615835963070066,"test","gex_pt_dp","gex
+protein embeddings
+describeProt","with_hubness"
"5271","ACH-002250",0.619810211292906,"test","gex_pt_dp","gex
+protein embeddings
+describeProt","with_hubness"
"5272","ACH-002251",0.613200857155679,"test","gex_pt_dp","gex
+protein embeddings
+describeProt","with_hubness"
"5273","ACH-002257",0.587865702587079,"test","gex_pt_dp","gex
+protein embeddings
+describeProt","with_hubness"
"5274","ACH-002261",0.601655274553238,"test","gex_pt_dp","gex
+protein embeddings
+describeProt","with_hubness"
"5275","ACH-002263",0.623945252684685,"test","gex_pt_dp","gex
+protein embeddings
+describeProt","with_hubness"
"5276","ACH-002265",0.594608362439303,"test","gex_pt_dp","gex
+protein embeddings
+describeProt","with_hubness"
"5277","ACH-002269",0.603347476935967,"test","gex_pt_dp","gex
+protein embeddings
+describeProt","with_hubness"
"5278","ACH-002278",0.569774703318098,"test","gex_pt_dp","gex
+protein embeddings
+describeProt","with_hubness"
"5279","ACH-002280",0.582229372911319,"test","gex_pt_dp","gex
+protein embeddings
+describeProt","with_hubness"
"5280","ACH-002282",0.585402024648645,"test","gex_pt_dp","gex
+protein embeddings
+describeProt","with_hubness"
"5281","ACH-002283",0.600922895672519,"test","gex_pt_dp","gex
+protein embeddings
+describeProt","with_hubness"
"5282","ACH-002284",0.596845803068194,"test","gex_pt_dp","gex
+protein embeddings
+describeProt","with_hubness"
"5283","ACH-002285",0.617395175619067,"test","gex_pt_dp","gex
+protein embeddings
+describeProt","with_hubness"
"5284","ACH-002294",0.607339767867185,"test","gex_pt_dp","gex
+protein embeddings
+describeProt","with_hubness"
"5285","ACH-002295",0.607093951656885,"test","gex_pt_dp","gex
+protein embeddings
+describeProt","with_hubness"
"5286","ACH-002296",0.622756098229183,"test","gex_pt_dp","gex
+protein embeddings
+describeProt","with_hubness"
"5287","ACH-002297",0.618127112628375,"test","gex_pt_dp","gex
+protein embeddings
+describeProt","with_hubness"
"5288","ACH-002298",0.611633286059372,"test","gex_pt_dp","gex
+protein embeddings
+describeProt","with_hubness"
"5289","ACH-002304",0.607462043946952,"test","gex_pt_dp","gex
+protein embeddings
+describeProt","with_hubness"
"5290","ACH-002305",0.627481927201819,"test","gex_pt_dp","gex
+protein embeddings
+describeProt","with_hubness"
"5291","ACH-002399",0.59759544758077,"test","gex_pt_dp","gex
+protein embeddings
+describeProt","with_hubness"
"5292","ACH-002446",0.587864510462767,"test","gex_pt_dp","gex
+protein embeddings
+describeProt","with_hubness"
"5293","ACH-002458",0.581188525819235,"test","gex_pt_dp","gex
+protein embeddings
+describeProt","with_hubness"
"5294","ACH-002459",0.630688668118121,"test","gex_pt_dp","gex
+protein embeddings
+describeProt","with_hubness"
"5295","ACH-002460",0.602366800432174,"test","gex_pt_dp","gex
+protein embeddings
+describeProt","with_hubness"
"5296","ACH-002461",0.604185658338056,"test","gex_pt_dp","gex
+protein embeddings
+describeProt","with_hubness"
"5297","ACH-002462",0.607164972274573,"test","gex_pt_dp","gex
+protein embeddings
+describeProt","with_hubness"
"5298","ACH-002463",0.59116091730123,"test","gex_pt_dp","gex
+protein embeddings
+describeProt","with_hubness"
"5299","ACH-002464",0.587019051106078,"test","gex_pt_dp","gex
+protein embeddings
+describeProt","with_hubness"
"5300","ACH-002465",0.605937776103152,"test","gex_pt_dp","gex
+protein embeddings
+describeProt","with_hubness"
"5301","ACH-002467",0.599477923011421,"test","gex_pt_dp","gex
+protein embeddings
+describeProt","with_hubness"
"5302","ACH-002471",0.569601670333828,"test","gex_pt_dp","gex
+protein embeddings
+describeProt","with_hubness"
"5303","ACH-002508",0.607763230555079,"test","gex_pt_dp","gex
+protein embeddings
+describeProt","with_hubness"
"5304","ACH-002510",0.607102324984199,"test","gex_pt_dp","gex
+protein embeddings
+describeProt","with_hubness"
"5305","ACH-002511",0.59247500434283,"test","gex_pt_dp","gex
+protein embeddings
+describeProt","with_hubness"
"5306","ACH-002512",0.573675295868363,"test","gex_pt_dp","gex
+protein embeddings
+describeProt","with_hubness"
"5307","ACH-002647",0.571714399413495,"test","gex_pt_dp","gex
+protein embeddings
+describeProt","with_hubness"
"5308","ACH-002659",0.613036489310298,"test","gex_pt_dp","gex
+protein embeddings
+describeProt","with_hubness"
"5309","ACH-002664",0.633162651153725,"test","gex_pt_dp","gex
+protein embeddings
+describeProt","with_hubness"
"5310","ACH-002669",0.616078754880159,"test","gex_pt_dp","gex
+protein embeddings
+describeProt","with_hubness"
"5311","ACH-002672",0.611052282385432,"test","gex_pt_dp","gex
+protein embeddings
+describeProt","with_hubness"
"5312","ACH-002680",0.61960415072912,"test","gex_pt_dp","gex
+protein embeddings
+describeProt","with_hubness"
"5313","ACH-002687",0.605253246100462,"test","gex_pt_dp","gex
+protein embeddings
+describeProt","with_hubness"
"5314","ACH-002693",0.597714414696856,"test","gex_pt_dp","gex
+protein embeddings
+describeProt","with_hubness"
"5315","ACH-002710",0.623209210076392,"test","gex_pt_dp","gex
+protein embeddings
+describeProt","with_hubness"
"5316","ACH-002785",0.610722287147717,"test","gex_pt_dp","gex
+protein embeddings
+describeProt","with_hubness"
"5317","ACH-002800",0.595456588104638,"test","gex_pt_dp","gex
+protein embeddings
+describeProt","with_hubness"
"5318","ACH-002834",0.577086628295631,"test","gex_pt_dp","gex
+protein embeddings
+describeProt","with_hubness"
"5319","ACH-002847",0.612167898329246,"test","gex_pt_dp","gex
+protein embeddings
+describeProt","with_hubness"
"5320","ACH-002926",0.616058972676092,"test","gex_pt_dp","gex
+protein embeddings
+describeProt","with_hubness"
"5321","ACH-000001",0.628215303036026,"test","gex_pt_dp.wohub","gex
+protein embeddings
+describeProt","without_hubness"
"5322","ACH-000004",0.607262146318775,"test","gex_pt_dp.wohub","gex
+protein embeddings
+describeProt","without_hubness"
"5323","ACH-000005",0.613582660849334,"test","gex_pt_dp.wohub","gex
+protein embeddings
+describeProt","without_hubness"
"5324","ACH-000007",0.6315960940921,"test","gex_pt_dp.wohub","gex
+protein embeddings
+describeProt","without_hubness"
"5325","ACH-000009",0.628794930993958,"test","gex_pt_dp.wohub","gex
+protein embeddings
+describeProt","without_hubness"
"5326","ACH-000011",0.631979360622026,"test","gex_pt_dp.wohub","gex
+protein embeddings
+describeProt","without_hubness"
"5327","ACH-000012",0.648538163607621,"test","gex_pt_dp.wohub","gex
+protein embeddings
+describeProt","without_hubness"
"5328","ACH-000013",0.640857640792695,"test","gex_pt_dp.wohub","gex
+protein embeddings
+describeProt","without_hubness"
"5329","ACH-000014",0.63270298530426,"test","gex_pt_dp.wohub","gex
+protein embeddings
+describeProt","without_hubness"
"5330","ACH-000015",0.646620420601642,"test","gex_pt_dp.wohub","gex
+protein embeddings
+describeProt","without_hubness"
"5331","ACH-000017",0.629279843840684,"test","gex_pt_dp.wohub","gex
+protein embeddings
+describeProt","without_hubness"
"5332","ACH-000018",0.631730849119673,"test","gex_pt_dp.wohub","gex
+protein embeddings
+describeProt","without_hubness"
"5333","ACH-000019",0.63687861125186,"test","gex_pt_dp.wohub","gex
+protein embeddings
+describeProt","without_hubness"
"5334","ACH-000021",0.631853146984274,"test","gex_pt_dp.wohub","gex
+protein embeddings
+describeProt","without_hubness"
"5335","ACH-000022",0.631878887609875,"test","gex_pt_dp.wohub","gex
+protein embeddings
+describeProt","without_hubness"
"5336","ACH-000023",0.646448578092327,"test","gex_pt_dp.wohub","gex
+protein embeddings
+describeProt","without_hubness"
"5337","ACH-000024",0.637233212792282,"test","gex_pt_dp.wohub","gex
+protein embeddings
+describeProt","without_hubness"
"5338","ACH-000025",0.636495939850897,"test","gex_pt_dp.wohub","gex
+protein embeddings
+describeProt","without_hubness"
"5339","ACH-000028",0.625353523291917,"test","gex_pt_dp.wohub","gex
+protein embeddings
+describeProt","without_hubness"
"5340","ACH-000029",0.655612870409482,"test","gex_pt_dp.wohub","gex
+protein embeddings
+describeProt","without_hubness"
"5341","ACH-000030",0.632947553694347,"test","gex_pt_dp.wohub","gex
+protein embeddings
+describeProt","without_hubness"
"5342","ACH-000035",0.640871882466251,"test","gex_pt_dp.wohub","gex
+protein embeddings
+describeProt","without_hubness"
"5343","ACH-000036",0.622168899466434,"test","gex_pt_dp.wohub","gex
+protein embeddings
+describeProt","without_hubness"
"5344","ACH-000037",0.615445569634901,"test","gex_pt_dp.wohub","gex
+protein embeddings
+describeProt","without_hubness"
"5345","ACH-000039",0.614236796941395,"test","gex_pt_dp.wohub","gex
+protein embeddings
+describeProt","without_hubness"
"5346","ACH-000040",0.619424278329233,"test","gex_pt_dp.wohub","gex
+protein embeddings
+describeProt","without_hubness"
"5347","ACH-000041",0.620141850288871,"test","gex_pt_dp.wohub","gex
+protein embeddings
+describeProt","without_hubness"
"5348","ACH-000042",0.623242153195771,"test","gex_pt_dp.wohub","gex
+protein embeddings
+describeProt","without_hubness"
"5349","ACH-000045",0.64134875547723,"test","gex_pt_dp.wohub","gex
+protein embeddings
+describeProt","without_hubness"
"5350","ACH-000047",0.652743143175426,"test","gex_pt_dp.wohub","gex
+protein embeddings
+describeProt","without_hubness"
"5351","ACH-000048",0.64542340663923,"test","gex_pt_dp.wohub","gex
+protein embeddings
+describeProt","without_hubness"
"5352","ACH-000052",0.61344974055535,"test","gex_pt_dp.wohub","gex
+protein embeddings
+describeProt","without_hubness"
"5353","ACH-000053",0.626176878098971,"test","gex_pt_dp.wohub","gex
+protein embeddings
+describeProt","without_hubness"
"5354","ACH-000054",0.638491851080466,"test","gex_pt_dp.wohub","gex
+protein embeddings
+describeProt","without_hubness"
"5355","ACH-000055",0.612826439433253,"test","gex_pt_dp.wohub","gex
+protein embeddings
+describeProt","without_hubness"
"5356","ACH-000060",0.647334635188877,"test","gex_pt_dp.wohub","gex
+protein embeddings
+describeProt","without_hubness"
"5357","ACH-000067",0.642227034523967,"test","gex_pt_dp.wohub","gex
+protein embeddings
+describeProt","without_hubness"
"5358","ACH-000070",0.624444968871981,"test","gex_pt_dp.wohub","gex
+protein embeddings
+describeProt","without_hubness"
"5359","ACH-000074",0.623691293375945,"test","gex_pt_dp.wohub","gex
+protein embeddings
+describeProt","without_hubness"
"5360","ACH-000075",0.640588029586535,"test","gex_pt_dp.wohub","gex
+protein embeddings
+describeProt","without_hubness"
"5361","ACH-000076",0.626089283270911,"test","gex_pt_dp.wohub","gex
+protein embeddings
+describeProt","without_hubness"
"5362","ACH-000077",0.593048274272628,"test","gex_pt_dp.wohub","gex
+protein embeddings
+describeProt","without_hubness"
"5363","ACH-000078",0.610067322692283,"test","gex_pt_dp.wohub","gex
+protein embeddings
+describeProt","without_hubness"
"5364","ACH-000082",0.626355085733512,"test","gex_pt_dp.wohub","gex
+protein embeddings
+describeProt","without_hubness"
"5365","ACH-000085",0.617355512642681,"test","gex_pt_dp.wohub","gex
+protein embeddings
+describeProt","without_hubness"
"5366","ACH-000086",0.639602021779689,"test","gex_pt_dp.wohub","gex
+protein embeddings
+describeProt","without_hubness"
"5367","ACH-000087",0.625859961226918,"test","gex_pt_dp.wohub","gex
+protein embeddings
+describeProt","without_hubness"
"5368","ACH-000090",0.612767180786769,"test","gex_pt_dp.wohub","gex
+protein embeddings
+describeProt","without_hubness"
"5369","ACH-000092",0.622588131720607,"test","gex_pt_dp.wohub","gex
+protein embeddings
+describeProt","without_hubness"
"5370","ACH-000093",0.57631150485537,"test","gex_pt_dp.wohub","gex
+protein embeddings
+describeProt","without_hubness"
"5371","ACH-000094",0.612457474427149,"test","gex_pt_dp.wohub","gex
+protein embeddings
+describeProt","without_hubness"
"5372","ACH-000095",0.638636850152079,"test","gex_pt_dp.wohub","gex
+protein embeddings
+describeProt","without_hubness"
"5373","ACH-000097",0.652407112488708,"test","gex_pt_dp.wohub","gex
+protein embeddings
+describeProt","without_hubness"
"5374","ACH-000098",0.645574711693987,"test","gex_pt_dp.wohub","gex
+protein embeddings
+describeProt","without_hubness"
"5375","ACH-000099",0.644887146275556,"test","gex_pt_dp.wohub","gex
+protein embeddings
+describeProt","without_hubness"
"5376","ACH-000101",0.625119522097225,"test","gex_pt_dp.wohub","gex
+protein embeddings
+describeProt","without_hubness"
"5377","ACH-000103",0.600671021009967,"test","gex_pt_dp.wohub","gex
+protein embeddings
+describeProt","without_hubness"
"5378","ACH-000108",0.632855157546894,"test","gex_pt_dp.wohub","gex
+protein embeddings
+describeProt","without_hubness"
"5379","ACH-000111",0.640903956810771,"test","gex_pt_dp.wohub","gex
+protein embeddings
+describeProt","without_hubness"
"5380","ACH-000113",0.655893781926215,"test","gex_pt_dp.wohub","gex
+protein embeddings
+describeProt","without_hubness"
"5381","ACH-000114",0.625226017398004,"test","gex_pt_dp.wohub","gex
+protein embeddings
+describeProt","without_hubness"
"5382","ACH-000115",0.592489057685385,"test","gex_pt_dp.wohub","gex
+protein embeddings
+describeProt","without_hubness"
"5383","ACH-000118",0.657815665169042,"test","gex_pt_dp.wohub","gex
+protein embeddings
+describeProt","without_hubness"
"5384","ACH-000120",0.644610190548659,"test","gex_pt_dp.wohub","gex
+protein embeddings
+describeProt","without_hubness"
"5385","ACH-000123",0.658331833408135,"test","gex_pt_dp.wohub","gex
+protein embeddings
+describeProt","without_hubness"
"5386","ACH-000124",0.62447719453563,"test","gex_pt_dp.wohub","gex
+protein embeddings
+describeProt","without_hubness"
"5387","ACH-000127",0.663542471589708,"test","gex_pt_dp.wohub","gex
+protein embeddings
+describeProt","without_hubness"
"5388","ACH-000128",0.633138910757511,"test","gex_pt_dp.wohub","gex
+protein embeddings
+describeProt","without_hubness"
"5389","ACH-000132",0.657547427410862,"test","gex_pt_dp.wohub","gex
+protein embeddings
+describeProt","without_hubness"
"5390","ACH-000133",0.622922077598184,"test","gex_pt_dp.wohub","gex
+protein embeddings
+describeProt","without_hubness"
"5391","ACH-000137",0.643647250657864,"test","gex_pt_dp.wohub","gex
+protein embeddings
+describeProt","without_hubness"
"5392","ACH-000138",0.635904170221484,"test","gex_pt_dp.wohub","gex
+protein embeddings
+describeProt","without_hubness"
"5393","ACH-000139",0.592685957448571,"test","gex_pt_dp.wohub","gex
+protein embeddings
+describeProt","without_hubness"
"5394","ACH-000141",0.633152735847424,"test","gex_pt_dp.wohub","gex
+protein embeddings
+describeProt","without_hubness"
"5395","ACH-000142",0.626146789439693,"test","gex_pt_dp.wohub","gex
+protein embeddings
+describeProt","without_hubness"
"5396","ACH-000143",0.64358527396361,"test","gex_pt_dp.wohub","gex
+protein embeddings
+describeProt","without_hubness"
"5397","ACH-000144",0.610368212431709,"test","gex_pt_dp.wohub","gex
+protein embeddings
+describeProt","without_hubness"
"5398","ACH-000145",0.628513693483704,"test","gex_pt_dp.wohub","gex
+protein embeddings
+describeProt","without_hubness"
"5399","ACH-000146",0.631380379456985,"test","gex_pt_dp.wohub","gex
+protein embeddings
+describeProt","without_hubness"
"5400","ACH-000147",0.655156236326566,"test","gex_pt_dp.wohub","gex
+protein embeddings
+describeProt","without_hubness"
"5401","ACH-000148",0.635127489609346,"test","gex_pt_dp.wohub","gex
+protein embeddings
+describeProt","without_hubness"
"5402","ACH-000149",0.643933472046372,"test","gex_pt_dp.wohub","gex
+protein embeddings
+describeProt","without_hubness"
"5403","ACH-000150",0.630121806445593,"test","gex_pt_dp.wohub","gex
+protein embeddings
+describeProt","without_hubness"
"5404","ACH-000151",0.612356035386651,"test","gex_pt_dp.wohub","gex
+protein embeddings
+describeProt","without_hubness"
"5405","ACH-000152",0.62016264482588,"test","gex_pt_dp.wohub","gex
+protein embeddings
+describeProt","without_hubness"
"5406","ACH-000153",0.606476920857021,"test","gex_pt_dp.wohub","gex
+protein embeddings
+describeProt","without_hubness"
"5407","ACH-000155",0.626694052545829,"test","gex_pt_dp.wohub","gex
+protein embeddings
+describeProt","without_hubness"
"5408","ACH-000159",0.641971906711972,"test","gex_pt_dp.wohub","gex
+protein embeddings
+describeProt","without_hubness"
"5409","ACH-000160",0.635461556610529,"test","gex_pt_dp.wohub","gex
+protein embeddings
+describeProt","without_hubness"
"5410","ACH-000161",0.634446150806428,"test","gex_pt_dp.wohub","gex
+protein embeddings
+describeProt","without_hubness"
"5411","ACH-000163",0.614429034940292,"test","gex_pt_dp.wohub","gex
+protein embeddings
+describeProt","without_hubness"
"5412","ACH-000164",0.636785514517032,"test","gex_pt_dp.wohub","gex
+protein embeddings
+describeProt","without_hubness"
"5413","ACH-000168",0.585202069991773,"test","gex_pt_dp.wohub","gex
+protein embeddings
+describeProt","without_hubness"
"5414","ACH-000169",0.650136525171717,"test","gex_pt_dp.wohub","gex
+protein embeddings
+describeProt","without_hubness"
"5415","ACH-000174",0.637750308934059,"test","gex_pt_dp.wohub","gex
+protein embeddings
+describeProt","without_hubness"
"5416","ACH-000176",0.621109904067868,"test","gex_pt_dp.wohub","gex
+protein embeddings
+describeProt","without_hubness"
"5417","ACH-000178",0.651721275156395,"test","gex_pt_dp.wohub","gex
+protein embeddings
+describeProt","without_hubness"
"5418","ACH-000181",0.648519948594319,"test","gex_pt_dp.wohub","gex
+protein embeddings
+describeProt","without_hubness"
"5419","ACH-000182",0.637153979158851,"test","gex_pt_dp.wohub","gex
+protein embeddings
+describeProt","without_hubness"
"5420","ACH-000183",0.652087856823319,"test","gex_pt_dp.wohub","gex
+protein embeddings
+describeProt","without_hubness"
"5421","ACH-000187",0.626102756686555,"test","gex_pt_dp.wohub","gex
+protein embeddings
+describeProt","without_hubness"
"5422","ACH-000188",0.639593157826377,"test","gex_pt_dp.wohub","gex
+protein embeddings
+describeProt","without_hubness"
"5423","ACH-000189",0.604367343337696,"test","gex_pt_dp.wohub","gex
+protein embeddings
+describeProt","without_hubness"
"5424","ACH-000190",0.63831388111612,"test","gex_pt_dp.wohub","gex
+protein embeddings
+describeProt","without_hubness"
"5425","ACH-000191",0.620989368448479,"test","gex_pt_dp.wohub","gex
+protein embeddings
+describeProt","without_hubness"
"5426","ACH-000195",0.605780368428484,"test","gex_pt_dp.wohub","gex
+protein embeddings
+describeProt","without_hubness"
"5427","ACH-000198",0.645632609904815,"test","gex_pt_dp.wohub","gex
+protein embeddings
+describeProt","without_hubness"
"5428","ACH-000200",0.631826451009691,"test","gex_pt_dp.wohub","gex
+protein embeddings
+describeProt","without_hubness"
"5429","ACH-000202",0.603727137776898,"test","gex_pt_dp.wohub","gex
+protein embeddings
+describeProt","without_hubness"
"5430","ACH-000204",0.62426064134149,"test","gex_pt_dp.wohub","gex
+protein embeddings
+describeProt","without_hubness"
"5431","ACH-000206",0.609692618303749,"test","gex_pt_dp.wohub","gex
+protein embeddings
+describeProt","without_hubness"
"5432","ACH-000207",0.627504446243211,"test","gex_pt_dp.wohub","gex
+protein embeddings
+describeProt","without_hubness"
"5433","ACH-000209",0.609415302869674,"test","gex_pt_dp.wohub","gex
+protein embeddings
+describeProt","without_hubness"
"5434","ACH-000211",0.641661062354841,"test","gex_pt_dp.wohub","gex
+protein embeddings
+describeProt","without_hubness"
"5435","ACH-000212",0.614882943997068,"test","gex_pt_dp.wohub","gex
+protein embeddings
+describeProt","without_hubness"
"5436","ACH-000213",0.625034564332124,"test","gex_pt_dp.wohub","gex
+protein embeddings
+describeProt","without_hubness"
"5437","ACH-000215",0.644211433024705,"test","gex_pt_dp.wohub","gex
+protein embeddings
+describeProt","without_hubness"
"5438","ACH-000216",0.659230882852716,"test","gex_pt_dp.wohub","gex
+protein embeddings
+describeProt","without_hubness"
"5439","ACH-000217",0.642148972753281,"test","gex_pt_dp.wohub","gex
+protein embeddings
+describeProt","without_hubness"
"5440","ACH-000219",0.671490886560008,"test","gex_pt_dp.wohub","gex
+protein embeddings
+describeProt","without_hubness"
"5441","ACH-000221",0.621235377304431,"test","gex_pt_dp.wohub","gex
+protein embeddings
+describeProt","without_hubness"
"5442","ACH-000222",0.62873430364673,"test","gex_pt_dp.wohub","gex
+protein embeddings
+describeProt","without_hubness"
"5443","ACH-000223",0.640214196922166,"test","gex_pt_dp.wohub","gex
+protein embeddings
+describeProt","without_hubness"
"5444","ACH-000226",0.629010980605507,"test","gex_pt_dp.wohub","gex
+protein embeddings
+describeProt","without_hubness"
"5445","ACH-000227",0.605048521120271,"test","gex_pt_dp.wohub","gex
+protein embeddings
+describeProt","without_hubness"
"5446","ACH-000228",0.617697610097486,"test","gex_pt_dp.wohub","gex
+protein embeddings
+describeProt","without_hubness"
"5447","ACH-000231",0.630207043620023,"test","gex_pt_dp.wohub","gex
+protein embeddings
+describeProt","without_hubness"
"5448","ACH-000232",0.658849591554536,"test","gex_pt_dp.wohub","gex
+protein embeddings
+describeProt","without_hubness"
"5449","ACH-000233",0.646047039934214,"test","gex_pt_dp.wohub","gex
+protein embeddings
+describeProt","without_hubness"
"5450","ACH-000234",0.607316745409315,"test","gex_pt_dp.wohub","gex
+protein embeddings
+describeProt","without_hubness"
"5451","ACH-000235",0.637800277955616,"test","gex_pt_dp.wohub","gex
+protein embeddings
+describeProt","without_hubness"
"5452","ACH-000237",0.630051233637772,"test","gex_pt_dp.wohub","gex
+protein embeddings
+describeProt","without_hubness"
"5453","ACH-000238",0.640038612691574,"test","gex_pt_dp.wohub","gex
+protein embeddings
+describeProt","without_hubness"
"5454","ACH-000243",0.664878044795274,"test","gex_pt_dp.wohub","gex
+protein embeddings
+describeProt","without_hubness"
"5455","ACH-000244",0.609995465799346,"test","gex_pt_dp.wohub","gex
+protein embeddings
+describeProt","without_hubness"
"5456","ACH-000246",0.648616736043825,"test","gex_pt_dp.wohub","gex
+protein embeddings
+describeProt","without_hubness"
"5457","ACH-000247",0.632146899795541,"test","gex_pt_dp.wohub","gex
+protein embeddings
+describeProt","without_hubness"
"5458","ACH-000248",0.631763305069205,"test","gex_pt_dp.wohub","gex
+protein embeddings
+describeProt","without_hubness"
"5459","ACH-000249",0.645836382385709,"test","gex_pt_dp.wohub","gex
+protein embeddings
+describeProt","without_hubness"
"5460","ACH-000250",0.634621536784973,"test","gex_pt_dp.wohub","gex
+protein embeddings
+describeProt","without_hubness"
"5461","ACH-000251",0.584469227336591,"test","gex_pt_dp.wohub","gex
+protein embeddings
+describeProt","without_hubness"
"5462","ACH-000252",0.641291710692646,"test","gex_pt_dp.wohub","gex
+protein embeddings
+describeProt","without_hubness"
"5463","ACH-000253",0.635073644995535,"test","gex_pt_dp.wohub","gex
+protein embeddings
+describeProt","without_hubness"
"5464","ACH-000255",0.636958977178812,"test","gex_pt_dp.wohub","gex
+protein embeddings
+describeProt","without_hubness"
"5465","ACH-000256",0.623979381213154,"test","gex_pt_dp.wohub","gex
+protein embeddings
+describeProt","without_hubness"
"5466","ACH-000257",0.602119751980077,"test","gex_pt_dp.wohub","gex
+protein embeddings
+describeProt","without_hubness"
"5467","ACH-000258",0.553377470977811,"test","gex_pt_dp.wohub","gex
+protein embeddings
+describeProt","without_hubness"
"5468","ACH-000259",0.654029462723588,"test","gex_pt_dp.wohub","gex
+protein embeddings
+describeProt","without_hubness"
"5469","ACH-000260",0.658593807043215,"test","gex_pt_dp.wohub","gex
+protein embeddings
+describeProt","without_hubness"
"5470","ACH-000261",0.643866622761789,"test","gex_pt_dp.wohub","gex
+protein embeddings
+describeProt","without_hubness"
"5471","ACH-000262",0.600588570825339,"test","gex_pt_dp.wohub","gex
+protein embeddings
+describeProt","without_hubness"
"5472","ACH-000263",0.596787840305087,"test","gex_pt_dp.wohub","gex
+protein embeddings
+describeProt","without_hubness"
"5473","ACH-000264",0.639856558162248,"test","gex_pt_dp.wohub","gex
+protein embeddings
+describeProt","without_hubness"
"5474","ACH-000265",0.657641523454559,"test","gex_pt_dp.wohub","gex
+protein embeddings
+describeProt","without_hubness"
"5475","ACH-000266",0.629374432811309,"test","gex_pt_dp.wohub","gex
+protein embeddings
+describeProt","without_hubness"
"5476","ACH-000269",0.604843338592142,"test","gex_pt_dp.wohub","gex
+protein embeddings
+describeProt","without_hubness"
"5477","ACH-000271",0.633395757609081,"test","gex_pt_dp.wohub","gex
+protein embeddings
+describeProt","without_hubness"
"5478","ACH-000272",0.628631048898354,"test","gex_pt_dp.wohub","gex
+protein embeddings
+describeProt","without_hubness"
"5479","ACH-000273",0.645694492331155,"test","gex_pt_dp.wohub","gex
+protein embeddings
+describeProt","without_hubness"
"5480","ACH-000274",0.61219716068967,"test","gex_pt_dp.wohub","gex
+protein embeddings
+describeProt","without_hubness"
"5481","ACH-000276",0.621072957437171,"test","gex_pt_dp.wohub","gex
+protein embeddings
+describeProt","without_hubness"
"5482","ACH-000277",0.622985296170625,"test","gex_pt_dp.wohub","gex
+protein embeddings
+describeProt","without_hubness"
"5483","ACH-000278",0.6203024163499,"test","gex_pt_dp.wohub","gex
+protein embeddings
+describeProt","without_hubness"
"5484","ACH-000279",0.640265421311012,"test","gex_pt_dp.wohub","gex
+protein embeddings
+describeProt","without_hubness"
"5485","ACH-000280",0.577731226605247,"test","gex_pt_dp.wohub","gex
+protein embeddings
+describeProt","without_hubness"
"5486","ACH-000281",0.593763386668528,"test","gex_pt_dp.wohub","gex
+protein embeddings
+describeProt","without_hubness"
"5487","ACH-000282",0.630305869477472,"test","gex_pt_dp.wohub","gex
+protein embeddings
+describeProt","without_hubness"
"5488","ACH-000286",0.611699926311657,"test","gex_pt_dp.wohub","gex
+protein embeddings
+describeProt","without_hubness"
"5489","ACH-000288",0.629185273783564,"test","gex_pt_dp.wohub","gex
+protein embeddings
+describeProt","without_hubness"
"5490","ACH-000290",0.661134602962338,"test","gex_pt_dp.wohub","gex
+protein embeddings
+describeProt","without_hubness"
"5491","ACH-000291",0.636250628727294,"test","gex_pt_dp.wohub","gex
+protein embeddings
+describeProt","without_hubness"
"5492","ACH-000292",0.628345796401939,"test","gex_pt_dp.wohub","gex
+protein embeddings
+describeProt","without_hubness"
"5493","ACH-000293",0.644255258355875,"test","gex_pt_dp.wohub","gex
+protein embeddings
+describeProt","without_hubness"
"5494","ACH-000294",0.576847454662256,"test","gex_pt_dp.wohub","gex
+protein embeddings
+describeProt","without_hubness"
"5495","ACH-000295",0.609856117727812,"test","gex_pt_dp.wohub","gex
+protein embeddings
+describeProt","without_hubness"
"5496","ACH-000296",0.614235341175945,"test","gex_pt_dp.wohub","gex
+protein embeddings
+describeProt","without_hubness"
"5497","ACH-000302",0.642939494823624,"test","gex_pt_dp.wohub","gex
+protein embeddings
+describeProt","without_hubness"
"5498","ACH-000303",0.638957800486059,"test","gex_pt_dp.wohub","gex
+protein embeddings
+describeProt","without_hubness"
"5499","ACH-000304",0.59057123314037,"test","gex_pt_dp.wohub","gex
+protein embeddings
+describeProt","without_hubness"
"5500","ACH-000305",0.644780071450492,"test","gex_pt_dp.wohub","gex
+protein embeddings
+describeProt","without_hubness"
"5501","ACH-000307",0.654733166022075,"test","gex_pt_dp.wohub","gex
+protein embeddings
+describeProt","without_hubness"
"5502","ACH-000308",0.622944761779573,"test","gex_pt_dp.wohub","gex
+protein embeddings
+describeProt","without_hubness"
"5503","ACH-000310",0.581801931281036,"test","gex_pt_dp.wohub","gex
+protein embeddings
+describeProt","without_hubness"
"5504","ACH-000311",0.627216514374889,"test","gex_pt_dp.wohub","gex
+protein embeddings
+describeProt","without_hubness"
"5505","ACH-000312",0.63963256478839,"test","gex_pt_dp.wohub","gex
+protein embeddings
+describeProt","without_hubness"
"5506","ACH-000313",0.623961825614304,"test","gex_pt_dp.wohub","gex
+protein embeddings
+describeProt","without_hubness"
"5507","ACH-000315",0.601486325221924,"test","gex_pt_dp.wohub","gex
+protein embeddings
+describeProt","without_hubness"
"5508","ACH-000316",0.618310794499345,"test","gex_pt_dp.wohub","gex
+protein embeddings
+describeProt","without_hubness"
"5509","ACH-000317",0.580003866989802,"test","gex_pt_dp.wohub","gex
+protein embeddings
+describeProt","without_hubness"
"5510","ACH-000318",0.650140784105875,"test","gex_pt_dp.wohub","gex
+protein embeddings
+describeProt","without_hubness"
"5511","ACH-000319",0.633224621859769,"test","gex_pt_dp.wohub","gex
+protein embeddings
+describeProt","without_hubness"
"5512","ACH-000320",0.647651088845241,"test","gex_pt_dp.wohub","gex
+protein embeddings
+describeProt","without_hubness"
"5513","ACH-000322",0.607010066076155,"test","gex_pt_dp.wohub","gex
+protein embeddings
+describeProt","without_hubness"
"5514","ACH-000323",0.643979741731201,"test","gex_pt_dp.wohub","gex
+protein embeddings
+describeProt","without_hubness"
"5515","ACH-000324",0.635206738091783,"test","gex_pt_dp.wohub","gex
+protein embeddings
+describeProt","without_hubness"
"5516","ACH-000325",0.622339649331678,"test","gex_pt_dp.wohub","gex
+protein embeddings
+describeProt","without_hubness"
"5517","ACH-000326",0.646196814652002,"test","gex_pt_dp.wohub","gex
+protein embeddings
+describeProt","without_hubness"
"5518","ACH-000329",0.629769898121416,"test","gex_pt_dp.wohub","gex
+protein embeddings
+describeProt","without_hubness"
"5519","ACH-000330",0.612540495910429,"test","gex_pt_dp.wohub","gex
+protein embeddings
+describeProt","without_hubness"
"5520","ACH-000331",0.644413245134168,"test","gex_pt_dp.wohub","gex
+protein embeddings
+describeProt","without_hubness"
"5521","ACH-000332",0.636500174781754,"test","gex_pt_dp.wohub","gex
+protein embeddings
+describeProt","without_hubness"
"5522","ACH-000334",0.609770416956309,"test","gex_pt_dp.wohub","gex
+protein embeddings
+describeProt","without_hubness"
"5523","ACH-000335",0.616920771666027,"test","gex_pt_dp.wohub","gex
+protein embeddings
+describeProt","without_hubness"
"5524","ACH-000336",0.647929404865251,"test","gex_pt_dp.wohub","gex
+protein embeddings
+describeProt","without_hubness"
"5525","ACH-000337",0.643615498580349,"test","gex_pt_dp.wohub","gex
+protein embeddings
+describeProt","without_hubness"
"5526","ACH-000339",0.642168133310347,"test","gex_pt_dp.wohub","gex
+protein embeddings
+describeProt","without_hubness"
"5527","ACH-000341",0.630305452328147,"test","gex_pt_dp.wohub","gex
+protein embeddings
+describeProt","without_hubness"
"5528","ACH-000343",0.635202122522599,"test","gex_pt_dp.wohub","gex
+protein embeddings
+describeProt","without_hubness"
"5529","ACH-000344",0.615249377628077,"test","gex_pt_dp.wohub","gex
+protein embeddings
+describeProt","without_hubness"
"5530","ACH-000346",0.609554672789603,"test","gex_pt_dp.wohub","gex
+protein embeddings
+describeProt","without_hubness"
"5531","ACH-000348",0.637525235265705,"test","gex_pt_dp.wohub","gex
+protein embeddings
+describeProt","without_hubness"
"5532","ACH-000352",0.653269806221202,"test","gex_pt_dp.wohub","gex
+protein embeddings
+describeProt","without_hubness"
"5533","ACH-000354",0.612103730205491,"test","gex_pt_dp.wohub","gex
+protein embeddings
+describeProt","without_hubness"
"5534","ACH-000355",0.573391874801325,"test","gex_pt_dp.wohub","gex
+protein embeddings
+describeProt","without_hubness"
"5535","ACH-000356",0.632083653724214,"test","gex_pt_dp.wohub","gex
+protein embeddings
+describeProt","without_hubness"
"5536","ACH-000359",0.603618883020599,"test","gex_pt_dp.wohub","gex
+protein embeddings
+describeProt","without_hubness"
"5537","ACH-000361",0.606058003035712,"test","gex_pt_dp.wohub","gex
+protein embeddings
+describeProt","without_hubness"
"5538","ACH-000362",0.638777768444933,"test","gex_pt_dp.wohub","gex
+protein embeddings
+describeProt","without_hubness"
"5539","ACH-000363",0.637168977842517,"test","gex_pt_dp.wohub","gex
+protein embeddings
+describeProt","without_hubness"
"5540","ACH-000364",0.638654261702121,"test","gex_pt_dp.wohub","gex
+protein embeddings
+describeProt","without_hubness"
"5541","ACH-000365",0.641503372134135,"test","gex_pt_dp.wohub","gex
+protein embeddings
+describeProt","without_hubness"
"5542","ACH-000366",0.616764367383237,"test","gex_pt_dp.wohub","gex
+protein embeddings
+describeProt","without_hubness"
"5543","ACH-000367",0.598639157344663,"test","gex_pt_dp.wohub","gex
+protein embeddings
+describeProt","without_hubness"
"5544","ACH-000368",0.623746759199094,"test","gex_pt_dp.wohub","gex
+protein embeddings
+describeProt","without_hubness"
"5545","ACH-000370",0.603020976416071,"test","gex_pt_dp.wohub","gex
+protein embeddings
+describeProt","without_hubness"
"5546","ACH-000371",0.635934548813458,"test","gex_pt_dp.wohub","gex
+protein embeddings
+describeProt","without_hubness"
"5547","ACH-000374",0.621784114688513,"test","gex_pt_dp.wohub","gex
+protein embeddings
+describeProt","without_hubness"
"5548","ACH-000375",0.615251145676151,"test","gex_pt_dp.wohub","gex
+protein embeddings
+describeProt","without_hubness"
"5549","ACH-000376",0.654136864643781,"test","gex_pt_dp.wohub","gex
+protein embeddings
+describeProt","without_hubness"
"5550","ACH-000377",0.630404186119407,"test","gex_pt_dp.wohub","gex
+protein embeddings
+describeProt","without_hubness"
"5551","ACH-000378",0.636381354486958,"test","gex_pt_dp.wohub","gex
+protein embeddings
+describeProt","without_hubness"
"5552","ACH-000381",0.646996771563216,"test","gex_pt_dp.wohub","gex
+protein embeddings
+describeProt","without_hubness"
"5553","ACH-000383",0.638294819933348,"test","gex_pt_dp.wohub","gex
+protein embeddings
+describeProt","without_hubness"
"5554","ACH-000385",0.603741539100893,"test","gex_pt_dp.wohub","gex
+protein embeddings
+describeProt","without_hubness"
"5555","ACH-000387",0.63475345282372,"test","gex_pt_dp.wohub","gex
+protein embeddings
+describeProt","without_hubness"
"5556","ACH-000389",0.604747128340533,"test","gex_pt_dp.wohub","gex
+protein embeddings
+describeProt","without_hubness"
"5557","ACH-000390",0.617948433430675,"test","gex_pt_dp.wohub","gex
+protein embeddings
+describeProt","without_hubness"
"5558","ACH-000391",0.654601782969728,"test","gex_pt_dp.wohub","gex
+protein embeddings
+describeProt","without_hubness"
"5559","ACH-000393",0.619156858539212,"test","gex_pt_dp.wohub","gex
+protein embeddings
+describeProt","without_hubness"
"5560","ACH-000395",0.646523588692382,"test","gex_pt_dp.wohub","gex
+protein embeddings
+describeProt","without_hubness"
"5561","ACH-000396",0.614481059383312,"test","gex_pt_dp.wohub","gex
+protein embeddings
+describeProt","without_hubness"
"5562","ACH-000397",0.630440573906145,"test","gex_pt_dp.wohub","gex
+protein embeddings
+describeProt","without_hubness"
"5563","ACH-000398",0.623222783421039,"test","gex_pt_dp.wohub","gex
+protein embeddings
+describeProt","without_hubness"
"5564","ACH-000401",0.614870287476904,"test","gex_pt_dp.wohub","gex
+protein embeddings
+describeProt","without_hubness"
"5565","ACH-000402",0.59429593102316,"test","gex_pt_dp.wohub","gex
+protein embeddings
+describeProt","without_hubness"
"5566","ACH-000403",0.626008607750722,"test","gex_pt_dp.wohub","gex
+protein embeddings
+describeProt","without_hubness"
"5567","ACH-000404",0.619357724950236,"test","gex_pt_dp.wohub","gex
+protein embeddings
+describeProt","without_hubness"
"5568","ACH-000405",0.631073001772909,"test","gex_pt_dp.wohub","gex
+protein embeddings
+describeProt","without_hubness"
"5569","ACH-000406",0.66303313261258,"test","gex_pt_dp.wohub","gex
+protein embeddings
+describeProt","without_hubness"
"5570","ACH-000407",0.620353799378247,"test","gex_pt_dp.wohub","gex
+protein embeddings
+describeProt","without_hubness"
"5571","ACH-000408",0.632735646938545,"test","gex_pt_dp.wohub","gex
+protein embeddings
+describeProt","without_hubness"
"5572","ACH-000410",0.646039161755356,"test","gex_pt_dp.wohub","gex
+protein embeddings
+describeProt","without_hubness"
"5573","ACH-000411",0.636200678176608,"test","gex_pt_dp.wohub","gex
+protein embeddings
+describeProt","without_hubness"
"5574","ACH-000414",0.65558943029968,"test","gex_pt_dp.wohub","gex
+protein embeddings
+describeProt","without_hubness"
"5575","ACH-000415",0.624757206120793,"test","gex_pt_dp.wohub","gex
+protein embeddings
+describeProt","without_hubness"
"5576","ACH-000416",0.650844165081649,"test","gex_pt_dp.wohub","gex
+protein embeddings
+describeProt","without_hubness"
"5577","ACH-000417",0.639291254660734,"test","gex_pt_dp.wohub","gex
+protein embeddings
+describeProt","without_hubness"
"5578","ACH-000420",0.626731727919111,"test","gex_pt_dp.wohub","gex
+protein embeddings
+describeProt","without_hubness"
"5579","ACH-000421",0.645211070958513,"test","gex_pt_dp.wohub","gex
+protein embeddings
+describeProt","without_hubness"
"5580","ACH-000422",0.631537678180488,"test","gex_pt_dp.wohub","gex
+protein embeddings
+describeProt","without_hubness"
"5581","ACH-000424",0.646851984051786,"test","gex_pt_dp.wohub","gex
+protein embeddings
+describeProt","without_hubness"
"5582","ACH-000425",0.633352552298511,"test","gex_pt_dp.wohub","gex
+protein embeddings
+describeProt","without_hubness"
"5583","ACH-000426",0.599464690505972,"test","gex_pt_dp.wohub","gex
+protein embeddings
+describeProt","without_hubness"
"5584","ACH-000427",0.656744614363066,"test","gex_pt_dp.wohub","gex
+protein embeddings
+describeProt","without_hubness"
"5585","ACH-000430",0.640417292929324,"test","gex_pt_dp.wohub","gex
+protein embeddings
+describeProt","without_hubness"
"5586","ACH-000431",0.641486258769709,"test","gex_pt_dp.wohub","gex
+protein embeddings
+describeProt","without_hubness"
"5587","ACH-000433",0.607043231346086,"test","gex_pt_dp.wohub","gex
+protein embeddings
+describeProt","without_hubness"
"5588","ACH-000434",0.627094273279761,"test","gex_pt_dp.wohub","gex
+protein embeddings
+describeProt","without_hubness"
"5589","ACH-000435",0.612363955062276,"test","gex_pt_dp.wohub","gex
+protein embeddings
+describeProt","without_hubness"
"5590","ACH-000436",0.615970581606528,"test","gex_pt_dp.wohub","gex
+protein embeddings
+describeProt","without_hubness"
"5591","ACH-000437",0.646685135506425,"test","gex_pt_dp.wohub","gex
+protein embeddings
+describeProt","without_hubness"
"5592","ACH-000438",0.630660362176312,"test","gex_pt_dp.wohub","gex
+protein embeddings
+describeProt","without_hubness"
"5593","ACH-000441",0.633237237020092,"test","gex_pt_dp.wohub","gex
+protein embeddings
+describeProt","without_hubness"
"5594","ACH-000442",0.625889436186212,"test","gex_pt_dp.wohub","gex
+protein embeddings
+describeProt","without_hubness"
"5595","ACH-000444",0.648310434688869,"test","gex_pt_dp.wohub","gex
+protein embeddings
+describeProt","without_hubness"
"5596","ACH-000445",0.62980558958134,"test","gex_pt_dp.wohub","gex
+protein embeddings
+describeProt","without_hubness"
"5597","ACH-000448",0.629193051038442,"test","gex_pt_dp.wohub","gex
+protein embeddings
+describeProt","without_hubness"
"5598","ACH-000450",0.606998814984793,"test","gex_pt_dp.wohub","gex
+protein embeddings
+describeProt","without_hubness"
"5599","ACH-000452",0.657738962435914,"test","gex_pt_dp.wohub","gex
+protein embeddings
+describeProt","without_hubness"
"5600","ACH-000454",0.604838829475449,"test","gex_pt_dp.wohub","gex
+protein embeddings
+describeProt","without_hubness"
"5601","ACH-000455",0.659436253765002,"test","gex_pt_dp.wohub","gex
+protein embeddings
+describeProt","without_hubness"
"5602","ACH-000456",0.65888325399805,"test","gex_pt_dp.wohub","gex
+protein embeddings
+describeProt","without_hubness"
"5603","ACH-000458",0.652815215693352,"test","gex_pt_dp.wohub","gex
+protein embeddings
+describeProt","without_hubness"
"5604","ACH-000460",0.653136152560946,"test","gex_pt_dp.wohub","gex
+protein embeddings
+describeProt","without_hubness"
"5605","ACH-000461",0.622015280977663,"test","gex_pt_dp.wohub","gex
+protein embeddings
+describeProt","without_hubness"
"5606","ACH-000463",0.61855654558173,"test","gex_pt_dp.wohub","gex
+protein embeddings
+describeProt","without_hubness"
"5607","ACH-000464",0.631185262820575,"test","gex_pt_dp.wohub","gex
+protein embeddings
+describeProt","without_hubness"
"5608","ACH-000466",0.603277596307392,"test","gex_pt_dp.wohub","gex
+protein embeddings
+describeProt","without_hubness"
"5609","ACH-000467",0.64343540155146,"test","gex_pt_dp.wohub","gex
+protein embeddings
+describeProt","without_hubness"
"5610","ACH-000468",0.604157405901726,"test","gex_pt_dp.wohub","gex
+protein embeddings
+describeProt","without_hubness"
"5611","ACH-000469",0.653439902294034,"test","gex_pt_dp.wohub","gex
+protein embeddings
+describeProt","without_hubness"
"5612","ACH-000470",0.605163096829023,"test","gex_pt_dp.wohub","gex
+protein embeddings
+describeProt","without_hubness"
"5613","ACH-000471",0.632085715140435,"test","gex_pt_dp.wohub","gex
+protein embeddings
+describeProt","without_hubness"
"5614","ACH-000472",0.648395656503973,"test","gex_pt_dp.wohub","gex
+protein embeddings
+describeProt","without_hubness"
"5615","ACH-000473",0.611423365969558,"test","gex_pt_dp.wohub","gex
+protein embeddings
+describeProt","without_hubness"
"5616","ACH-000475",0.652623590305851,"test","gex_pt_dp.wohub","gex
+protein embeddings
+describeProt","without_hubness"
"5617","ACH-000476",0.621961998783684,"test","gex_pt_dp.wohub","gex
+protein embeddings
+describeProt","without_hubness"
"5618","ACH-000477",0.601477249443357,"test","gex_pt_dp.wohub","gex
+protein embeddings
+describeProt","without_hubness"
"5619","ACH-000478",0.629588181325452,"test","gex_pt_dp.wohub","gex
+protein embeddings
+describeProt","without_hubness"
"5620","ACH-000479",0.592626316775725,"test","gex_pt_dp.wohub","gex
+protein embeddings
+describeProt","without_hubness"
"5621","ACH-000480",0.627116148280891,"test","gex_pt_dp.wohub","gex
+protein embeddings
+describeProt","without_hubness"
"5622","ACH-000481",0.635032583925781,"test","gex_pt_dp.wohub","gex
+protein embeddings
+describeProt","without_hubness"
"5623","ACH-000483",0.618622340391061,"test","gex_pt_dp.wohub","gex
+protein embeddings
+describeProt","without_hubness"
"5624","ACH-000484",0.58441138297206,"test","gex_pt_dp.wohub","gex
+protein embeddings
+describeProt","without_hubness"
"5625","ACH-000485",0.616644933571139,"test","gex_pt_dp.wohub","gex
+protein embeddings
+describeProt","without_hubness"
"5626","ACH-000486",0.660168632962579,"test","gex_pt_dp.wohub","gex
+protein embeddings
+describeProt","without_hubness"
"5627","ACH-000487",0.643480794364071,"test","gex_pt_dp.wohub","gex
+protein embeddings
+describeProt","without_hubness"
"5628","ACH-000488",0.656206778113484,"test","gex_pt_dp.wohub","gex
+protein embeddings
+describeProt","without_hubness"
"5629","ACH-000489",0.627060021848823,"test","gex_pt_dp.wohub","gex
+protein embeddings
+describeProt","without_hubness"
"5630","ACH-000490",0.643242128781976,"test","gex_pt_dp.wohub","gex
+protein embeddings
+describeProt","without_hubness"
"5631","ACH-000491",0.610356621950187,"test","gex_pt_dp.wohub","gex
+protein embeddings
+describeProt","without_hubness"
"5632","ACH-000493",0.633006743360506,"test","gex_pt_dp.wohub","gex
+protein embeddings
+describeProt","without_hubness"
"5633","ACH-000495",0.614455815543072,"test","gex_pt_dp.wohub","gex
+protein embeddings
+describeProt","without_hubness"
"5634","ACH-000496",0.619348770763879,"test","gex_pt_dp.wohub","gex
+protein embeddings
+describeProt","without_hubness"
"5635","ACH-000499",0.618997337441981,"test","gex_pt_dp.wohub","gex
+protein embeddings
+describeProt","without_hubness"
"5636","ACH-000500",0.619740274155935,"test","gex_pt_dp.wohub","gex
+protein embeddings
+describeProt","without_hubness"
"5637","ACH-000501",0.644986402425571,"test","gex_pt_dp.wohub","gex
+protein embeddings
+describeProt","without_hubness"
"5638","ACH-000502",0.636985793202882,"test","gex_pt_dp.wohub","gex
+protein embeddings
+describeProt","without_hubness"
"5639","ACH-000503",0.620008945846805,"test","gex_pt_dp.wohub","gex
+protein embeddings
+describeProt","without_hubness"
"5640","ACH-000504",0.636343711438314,"test","gex_pt_dp.wohub","gex
+protein embeddings
+describeProt","without_hubness"
"5641","ACH-000505",0.617597492458974,"test","gex_pt_dp.wohub","gex
+protein embeddings
+describeProt","without_hubness"
"5642","ACH-000507",0.654678632880683,"test","gex_pt_dp.wohub","gex
+protein embeddings
+describeProt","without_hubness"
"5643","ACH-000510",0.646572328215188,"test","gex_pt_dp.wohub","gex
+protein embeddings
+describeProt","without_hubness"
"5644","ACH-000511",0.634222389250865,"test","gex_pt_dp.wohub","gex
+protein embeddings
+describeProt","without_hubness"
"5645","ACH-000512",0.5964932313289,"test","gex_pt_dp.wohub","gex
+protein embeddings
+describeProt","without_hubness"
"5646","ACH-000514",0.624890921251214,"test","gex_pt_dp.wohub","gex
+protein embeddings
+describeProt","without_hubness"
"5647","ACH-000516",0.633451055264921,"test","gex_pt_dp.wohub","gex
+protein embeddings
+describeProt","without_hubness"
"5648","ACH-000517",0.633925791683203,"test","gex_pt_dp.wohub","gex
+protein embeddings
+describeProt","without_hubness"
"5649","ACH-000518",0.662952949838438,"test","gex_pt_dp.wohub","gex
+protein embeddings
+describeProt","without_hubness"
"5650","ACH-000520",0.614264325533851,"test","gex_pt_dp.wohub","gex
+protein embeddings
+describeProt","without_hubness"
"5651","ACH-000521",0.594852281573263,"test","gex_pt_dp.wohub","gex
+protein embeddings
+describeProt","without_hubness"
"5652","ACH-000522",0.650602693042718,"test","gex_pt_dp.wohub","gex
+protein embeddings
+describeProt","without_hubness"
"5653","ACH-000524",0.653482851378843,"test","gex_pt_dp.wohub","gex
+protein embeddings
+describeProt","without_hubness"
"5654","ACH-000525",0.640730690392705,"test","gex_pt_dp.wohub","gex
+protein embeddings
+describeProt","without_hubness"
"5655","ACH-000527",0.663891428734189,"test","gex_pt_dp.wohub","gex
+protein embeddings
+describeProt","without_hubness"
"5656","ACH-000528",0.671562165285325,"test","gex_pt_dp.wohub","gex
+protein embeddings
+describeProt","without_hubness"
"5657","ACH-000532",0.621253808870631,"test","gex_pt_dp.wohub","gex
+protein embeddings
+describeProt","without_hubness"
"5658","ACH-000533",0.60956482159799,"test","gex_pt_dp.wohub","gex
+protein embeddings
+describeProt","without_hubness"
"5659","ACH-000535",0.652137268271541,"test","gex_pt_dp.wohub","gex
+protein embeddings
+describeProt","without_hubness"
"5660","ACH-000537",0.640602879370101,"test","gex_pt_dp.wohub","gex
+protein embeddings
+describeProt","without_hubness"
"5661","ACH-000541",0.615029076450919,"test","gex_pt_dp.wohub","gex
+protein embeddings
+describeProt","without_hubness"
"5662","ACH-000542",0.643271021072234,"test","gex_pt_dp.wohub","gex
+protein embeddings
+describeProt","without_hubness"
"5663","ACH-000544",0.650667165878307,"test","gex_pt_dp.wohub","gex
+protein embeddings
+describeProt","without_hubness"
"5664","ACH-000545",0.646437707280829,"test","gex_pt_dp.wohub","gex
+protein embeddings
+describeProt","without_hubness"
"5665","ACH-000546",0.636515650516028,"test","gex_pt_dp.wohub","gex
+protein embeddings
+describeProt","without_hubness"
"5666","ACH-000547",0.622863745430018,"test","gex_pt_dp.wohub","gex
+protein embeddings
+describeProt","without_hubness"
"5667","ACH-000548",0.64067264478786,"test","gex_pt_dp.wohub","gex
+protein embeddings
+describeProt","without_hubness"
"5668","ACH-000549",0.631318624950815,"test","gex_pt_dp.wohub","gex
+protein embeddings
+describeProt","without_hubness"
"5669","ACH-000550",0.608455005583055,"test","gex_pt_dp.wohub","gex
+protein embeddings
+describeProt","without_hubness"
"5670","ACH-000551",0.616966730407258,"test","gex_pt_dp.wohub","gex
+protein embeddings
+describeProt","without_hubness"
"5671","ACH-000552",0.646448882553055,"test","gex_pt_dp.wohub","gex
+protein embeddings
+describeProt","without_hubness"
"5672","ACH-000554",0.616020967228211,"test","gex_pt_dp.wohub","gex
+protein embeddings
+describeProt","without_hubness"
"5673","ACH-000556",0.6382151807468,"test","gex_pt_dp.wohub","gex
+protein embeddings
+describeProt","without_hubness"
"5674","ACH-000557",0.610566049889926,"test","gex_pt_dp.wohub","gex
+protein embeddings
+describeProt","without_hubness"
"5675","ACH-000558",0.612600886539464,"test","gex_pt_dp.wohub","gex
+protein embeddings
+describeProt","without_hubness"
"5676","ACH-000559",0.61026867968734,"test","gex_pt_dp.wohub","gex
+protein embeddings
+describeProt","without_hubness"
"5677","ACH-000561",0.638951368908585,"test","gex_pt_dp.wohub","gex
+protein embeddings
+describeProt","without_hubness"
"5678","ACH-000562",0.593214450319193,"test","gex_pt_dp.wohub","gex
+protein embeddings
+describeProt","without_hubness"
"5679","ACH-000563",0.613872364818967,"test","gex_pt_dp.wohub","gex
+protein embeddings
+describeProt","without_hubness"
"5680","ACH-000565",0.614882858125224,"test","gex_pt_dp.wohub","gex
+protein embeddings
+describeProt","without_hubness"
"5681","ACH-000567",0.646004935782365,"test","gex_pt_dp.wohub","gex
+protein embeddings
+describeProt","without_hubness"
"5682","ACH-000570",0.620849628844651,"test","gex_pt_dp.wohub","gex
+protein embeddings
+describeProt","without_hubness"
"5683","ACH-000571",0.650847179207991,"test","gex_pt_dp.wohub","gex
+protein embeddings
+describeProt","without_hubness"
"5684","ACH-000573",0.660353882079031,"test","gex_pt_dp.wohub","gex
+protein embeddings
+describeProt","without_hubness"
"5685","ACH-000576",0.62504034126386,"test","gex_pt_dp.wohub","gex
+protein embeddings
+describeProt","without_hubness"
"5686","ACH-000577",0.594355991241131,"test","gex_pt_dp.wohub","gex
+protein embeddings
+describeProt","without_hubness"
"5687","ACH-000579",0.605875811007012,"test","gex_pt_dp.wohub","gex
+protein embeddings
+describeProt","without_hubness"
"5688","ACH-000580",0.601224939758499,"test","gex_pt_dp.wohub","gex
+protein embeddings
+describeProt","without_hubness"
"5689","ACH-000581",0.639975804056443,"test","gex_pt_dp.wohub","gex
+protein embeddings
+describeProt","without_hubness"
"5690","ACH-000584",0.655819314539151,"test","gex_pt_dp.wohub","gex
+protein embeddings
+describeProt","without_hubness"
"5691","ACH-000585",0.628771126271497,"test","gex_pt_dp.wohub","gex
+protein embeddings
+describeProt","without_hubness"
"5692","ACH-000587",0.642351670050641,"test","gex_pt_dp.wohub","gex
+protein embeddings
+describeProt","without_hubness"
"5693","ACH-000588",0.625554324520629,"test","gex_pt_dp.wohub","gex
+protein embeddings
+describeProt","without_hubness"
"5694","ACH-000589",0.647447163597092,"test","gex_pt_dp.wohub","gex
+protein embeddings
+describeProt","without_hubness"
"5695","ACH-000591",0.609618906051634,"test","gex_pt_dp.wohub","gex
+protein embeddings
+describeProt","without_hubness"
"5696","ACH-000592",0.6153772124218,"test","gex_pt_dp.wohub","gex
+protein embeddings
+describeProt","without_hubness"
"5697","ACH-000593",0.635532345478184,"test","gex_pt_dp.wohub","gex
+protein embeddings
+describeProt","without_hubness"
"5698","ACH-000595",0.644525656364656,"test","gex_pt_dp.wohub","gex
+protein embeddings
+describeProt","without_hubness"
"5699","ACH-000596",0.645325399030804,"test","gex_pt_dp.wohub","gex
+protein embeddings
+describeProt","without_hubness"
"5700","ACH-000597",0.612105836563588,"test","gex_pt_dp.wohub","gex
+protein embeddings
+describeProt","without_hubness"
"5701","ACH-000599",0.62490974852626,"test","gex_pt_dp.wohub","gex
+protein embeddings
+describeProt","without_hubness"
"5702","ACH-000600",0.608622559104964,"test","gex_pt_dp.wohub","gex
+protein embeddings
+describeProt","without_hubness"
"5703","ACH-000601",0.655936634274073,"test","gex_pt_dp.wohub","gex
+protein embeddings
+describeProt","without_hubness"
"5704","ACH-000602",0.630677618106246,"test","gex_pt_dp.wohub","gex
+protein embeddings
+describeProt","without_hubness"
"5705","ACH-000604",0.602469266439073,"test","gex_pt_dp.wohub","gex
+protein embeddings
+describeProt","without_hubness"
"5706","ACH-000605",0.623732349091302,"test","gex_pt_dp.wohub","gex
+protein embeddings
+describeProt","without_hubness"
"5707","ACH-000606",0.633486369727667,"test","gex_pt_dp.wohub","gex
+protein embeddings
+describeProt","without_hubness"
"5708","ACH-000607",0.618012068118138,"test","gex_pt_dp.wohub","gex
+protein embeddings
+describeProt","without_hubness"
"5709","ACH-000609",0.631798965862485,"test","gex_pt_dp.wohub","gex
+protein embeddings
+describeProt","without_hubness"
"5710","ACH-000614",0.623213306358857,"test","gex_pt_dp.wohub","gex
+protein embeddings
+describeProt","without_hubness"
"5711","ACH-000616",0.62197456322187,"test","gex_pt_dp.wohub","gex
+protein embeddings
+describeProt","without_hubness"
"5712","ACH-000618",0.645498659508996,"test","gex_pt_dp.wohub","gex
+protein embeddings
+describeProt","without_hubness"
"5713","ACH-000619",0.641927032509606,"test","gex_pt_dp.wohub","gex
+protein embeddings
+describeProt","without_hubness"
"5714","ACH-000620",0.652652895597889,"test","gex_pt_dp.wohub","gex
+protein embeddings
+describeProt","without_hubness"
"5715","ACH-000621",0.624433277598834,"test","gex_pt_dp.wohub","gex
+protein embeddings
+describeProt","without_hubness"
"5716","ACH-000622",0.608667542297382,"test","gex_pt_dp.wohub","gex
+protein embeddings
+describeProt","without_hubness"
"5717","ACH-000623",0.630616433978041,"test","gex_pt_dp.wohub","gex
+protein embeddings
+describeProt","without_hubness"
"5718","ACH-000624",0.657591345932286,"test","gex_pt_dp.wohub","gex
+protein embeddings
+describeProt","without_hubness"
"5719","ACH-000627",0.633585315899687,"test","gex_pt_dp.wohub","gex
+protein embeddings
+describeProt","without_hubness"
"5720","ACH-000630",0.643751900421948,"test","gex_pt_dp.wohub","gex
+protein embeddings
+describeProt","without_hubness"
"5721","ACH-000632",0.645459809339552,"test","gex_pt_dp.wohub","gex
+protein embeddings
+describeProt","without_hubness"
"5722","ACH-000633",0.637384800606882,"test","gex_pt_dp.wohub","gex
+protein embeddings
+describeProt","without_hubness"
"5723","ACH-000634",0.629159474999626,"test","gex_pt_dp.wohub","gex
+protein embeddings
+describeProt","without_hubness"
"5724","ACH-000637",0.638076793324869,"test","gex_pt_dp.wohub","gex
+protein embeddings
+describeProt","without_hubness"
"5725","ACH-000638",0.624689869796319,"test","gex_pt_dp.wohub","gex
+protein embeddings
+describeProt","without_hubness"
"5726","ACH-000639",0.661647036311048,"test","gex_pt_dp.wohub","gex
+protein embeddings
+describeProt","without_hubness"
"5727","ACH-000645",0.620929178455941,"test","gex_pt_dp.wohub","gex
+protein embeddings
+describeProt","without_hubness"
"5728","ACH-000646",0.612745704980627,"test","gex_pt_dp.wohub","gex
+protein embeddings
+describeProt","without_hubness"
"5729","ACH-000647",0.649723513125996,"test","gex_pt_dp.wohub","gex
+protein embeddings
+describeProt","without_hubness"
"5730","ACH-000648",0.611193223081552,"test","gex_pt_dp.wohub","gex
+protein embeddings
+describeProt","without_hubness"
"5731","ACH-000649",0.635350818374729,"test","gex_pt_dp.wohub","gex
+protein embeddings
+describeProt","without_hubness"
"5732","ACH-000651",0.644174311144625,"test","gex_pt_dp.wohub","gex
+protein embeddings
+describeProt","without_hubness"
"5733","ACH-000652",0.62068526304969,"test","gex_pt_dp.wohub","gex
+protein embeddings
+describeProt","without_hubness"
"5734","ACH-000653",0.638525329407604,"test","gex_pt_dp.wohub","gex
+protein embeddings
+describeProt","without_hubness"
"5735","ACH-000654",0.634970049409139,"test","gex_pt_dp.wohub","gex
+protein embeddings
+describeProt","without_hubness"
"5736","ACH-000655",0.646626990057695,"test","gex_pt_dp.wohub","gex
+protein embeddings
+describeProt","without_hubness"
"5737","ACH-000656",0.627991612011638,"test","gex_pt_dp.wohub","gex
+protein embeddings
+describeProt","without_hubness"
"5738","ACH-000657",0.66500513203261,"test","gex_pt_dp.wohub","gex
+protein embeddings
+describeProt","without_hubness"
"5739","ACH-000658",0.624443961793353,"test","gex_pt_dp.wohub","gex
+protein embeddings
+describeProt","without_hubness"
"5740","ACH-000660",0.639447520869646,"test","gex_pt_dp.wohub","gex
+protein embeddings
+describeProt","without_hubness"
"5741","ACH-000661",0.62089496210387,"test","gex_pt_dp.wohub","gex
+protein embeddings
+describeProt","without_hubness"
"5742","ACH-000662",0.63559834248159,"test","gex_pt_dp.wohub","gex
+protein embeddings
+describeProt","without_hubness"
"5743","ACH-000663",0.5922604281241,"test","gex_pt_dp.wohub","gex
+protein embeddings
+describeProt","without_hubness"
"5744","ACH-000664",0.640498780487221,"test","gex_pt_dp.wohub","gex
+protein embeddings
+describeProt","without_hubness"
"5745","ACH-000665",0.622484903295129,"test","gex_pt_dp.wohub","gex
+protein embeddings
+describeProt","without_hubness"
"5746","ACH-000666",0.634167232198905,"test","gex_pt_dp.wohub","gex
+protein embeddings
+describeProt","without_hubness"
"5747","ACH-000667",0.631533568808244,"test","gex_pt_dp.wohub","gex
+protein embeddings
+describeProt","without_hubness"
"5748","ACH-000668",0.60095948710936,"test","gex_pt_dp.wohub","gex
+protein embeddings
+describeProt","without_hubness"
"5749","ACH-000671",0.61225008930574,"test","gex_pt_dp.wohub","gex
+protein embeddings
+describeProt","without_hubness"
"5750","ACH-000673",0.636575293254435,"test","gex_pt_dp.wohub","gex
+protein embeddings
+describeProt","without_hubness"
"5751","ACH-000676",0.648350053607613,"test","gex_pt_dp.wohub","gex
+protein embeddings
+describeProt","without_hubness"
"5752","ACH-000677",0.636314655143669,"test","gex_pt_dp.wohub","gex
+protein embeddings
+describeProt","without_hubness"
"5753","ACH-000680",0.60422458813878,"test","gex_pt_dp.wohub","gex
+protein embeddings
+describeProt","without_hubness"
"5754","ACH-000681",0.640627371977255,"test","gex_pt_dp.wohub","gex
+protein embeddings
+describeProt","without_hubness"
"5755","ACH-000682",0.651371258331813,"test","gex_pt_dp.wohub","gex
+protein embeddings
+describeProt","without_hubness"
"5756","ACH-000683",0.633239695413408,"test","gex_pt_dp.wohub","gex
+protein embeddings
+describeProt","without_hubness"
"5757","ACH-000684",0.603504910088044,"test","gex_pt_dp.wohub","gex
+protein embeddings
+describeProt","without_hubness"
"5758","ACH-000685",0.622227688990268,"test","gex_pt_dp.wohub","gex
+protein embeddings
+describeProt","without_hubness"
"5759","ACH-000693",0.651511867060955,"test","gex_pt_dp.wohub","gex
+protein embeddings
+describeProt","without_hubness"
"5760","ACH-000694",0.6527157748356,"test","gex_pt_dp.wohub","gex
+protein embeddings
+describeProt","without_hubness"
"5761","ACH-000695",0.616744869434847,"test","gex_pt_dp.wohub","gex
+protein embeddings
+describeProt","without_hubness"
"5762","ACH-000696",0.665857242593647,"test","gex_pt_dp.wohub","gex
+protein embeddings
+describeProt","without_hubness"
"5763","ACH-000697",0.62641492744765,"test","gex_pt_dp.wohub","gex
+protein embeddings
+describeProt","without_hubness"
"5764","ACH-000698",0.64695538645077,"test","gex_pt_dp.wohub","gex
+protein embeddings
+describeProt","without_hubness"
"5765","ACH-000699",0.631695376705347,"test","gex_pt_dp.wohub","gex
+protein embeddings
+describeProt","without_hubness"
"5766","ACH-000700",0.594810496836704,"test","gex_pt_dp.wohub","gex
+protein embeddings
+describeProt","without_hubness"
"5767","ACH-000701",0.600502515720911,"test","gex_pt_dp.wohub","gex
+protein embeddings
+describeProt","without_hubness"
"5768","ACH-000702",0.644408946984279,"test","gex_pt_dp.wohub","gex
+protein embeddings
+describeProt","without_hubness"
"5769","ACH-000704",0.601033588670965,"test","gex_pt_dp.wohub","gex
+protein embeddings
+describeProt","without_hubness"
"5770","ACH-000706",0.654871772978774,"test","gex_pt_dp.wohub","gex
+protein embeddings
+describeProt","without_hubness"
"5771","ACH-000709",0.594220719780714,"test","gex_pt_dp.wohub","gex
+protein embeddings
+describeProt","without_hubness"
"5772","ACH-000711",0.642885750882134,"test","gex_pt_dp.wohub","gex
+protein embeddings
+describeProt","without_hubness"
"5773","ACH-000713",0.604364131927883,"test","gex_pt_dp.wohub","gex
+protein embeddings
+describeProt","without_hubness"
"5774","ACH-000714",0.637882488956257,"test","gex_pt_dp.wohub","gex
+protein embeddings
+describeProt","without_hubness"
"5775","ACH-000716",0.650012295880985,"test","gex_pt_dp.wohub","gex
+protein embeddings
+describeProt","without_hubness"
"5776","ACH-000717",0.625303068295975,"test","gex_pt_dp.wohub","gex
+protein embeddings
+describeProt","without_hubness"
"5777","ACH-000718",0.610990014510933,"test","gex_pt_dp.wohub","gex
+protein embeddings
+describeProt","without_hubness"
"5778","ACH-000719",0.648867892049778,"test","gex_pt_dp.wohub","gex
+protein embeddings
+describeProt","without_hubness"
"5779","ACH-000720",0.64990876893265,"test","gex_pt_dp.wohub","gex
+protein embeddings
+describeProt","without_hubness"
"5780","ACH-000721",0.641845290319898,"test","gex_pt_dp.wohub","gex
+protein embeddings
+describeProt","without_hubness"
"5781","ACH-000722",0.630077177089969,"test","gex_pt_dp.wohub","gex
+protein embeddings
+describeProt","without_hubness"
"5782","ACH-000724",0.611976492078647,"test","gex_pt_dp.wohub","gex
+protein embeddings
+describeProt","without_hubness"
"5783","ACH-000725",0.584637082487853,"test","gex_pt_dp.wohub","gex
+protein embeddings
+describeProt","without_hubness"
"5784","ACH-000732",0.634390928873669,"test","gex_pt_dp.wohub","gex
+protein embeddings
+describeProt","without_hubness"
"5785","ACH-000734",0.63845019262781,"test","gex_pt_dp.wohub","gex
+protein embeddings
+describeProt","without_hubness"
"5786","ACH-000735",0.640323377862501,"test","gex_pt_dp.wohub","gex
+protein embeddings
+describeProt","without_hubness"
"5787","ACH-000736",0.63294669634402,"test","gex_pt_dp.wohub","gex
+protein embeddings
+describeProt","without_hubness"
"5788","ACH-000738",0.656802609926901,"test","gex_pt_dp.wohub","gex
+protein embeddings
+describeProt","without_hubness"
"5789","ACH-000739",0.63934376970193,"test","gex_pt_dp.wohub","gex
+protein embeddings
+describeProt","without_hubness"
"5790","ACH-000740",0.644046115745655,"test","gex_pt_dp.wohub","gex
+protein embeddings
+describeProt","without_hubness"
"5791","ACH-000741",0.652816200375266,"test","gex_pt_dp.wohub","gex
+protein embeddings
+describeProt","without_hubness"
"5792","ACH-000746",0.632170364954033,"test","gex_pt_dp.wohub","gex
+protein embeddings
+describeProt","without_hubness"
"5793","ACH-000747",0.637933686661505,"test","gex_pt_dp.wohub","gex
+protein embeddings
+describeProt","without_hubness"
"5794","ACH-000748",0.645605802703457,"test","gex_pt_dp.wohub","gex
+protein embeddings
+describeProt","without_hubness"
"5795","ACH-000753",0.662056091614071,"test","gex_pt_dp.wohub","gex
+protein embeddings
+describeProt","without_hubness"
"5796","ACH-000754",0.609007947619381,"test","gex_pt_dp.wohub","gex
+protein embeddings
+describeProt","without_hubness"
"5797","ACH-000756",0.64343645192518,"test","gex_pt_dp.wohub","gex
+protein embeddings
+describeProt","without_hubness"
"5798","ACH-000757",0.611199315718926,"test","gex_pt_dp.wohub","gex
+protein embeddings
+describeProt","without_hubness"
"5799","ACH-000758",0.635429886106898,"test","gex_pt_dp.wohub","gex
+protein embeddings
+describeProt","without_hubness"
"5800","ACH-000760",0.648904401234752,"test","gex_pt_dp.wohub","gex
+protein embeddings
+describeProt","without_hubness"
"5801","ACH-000762",0.619289137339027,"test","gex_pt_dp.wohub","gex
+protein embeddings
+describeProt","without_hubness"
"5802","ACH-000763",0.629079119008064,"test","gex_pt_dp.wohub","gex
+protein embeddings
+describeProt","without_hubness"
"5803","ACH-000764",0.617148448066909,"test","gex_pt_dp.wohub","gex
+protein embeddings
+describeProt","without_hubness"
"5804","ACH-000765",0.620056085055448,"test","gex_pt_dp.wohub","gex
+protein embeddings
+describeProt","without_hubness"
"5805","ACH-000766",0.627264661125456,"test","gex_pt_dp.wohub","gex
+protein embeddings
+describeProt","without_hubness"
"5806","ACH-000767",0.616378510369826,"test","gex_pt_dp.wohub","gex
+protein embeddings
+describeProt","without_hubness"
"5807","ACH-000768",0.649711879919418,"test","gex_pt_dp.wohub","gex
+protein embeddings
+describeProt","without_hubness"
"5808","ACH-000769",0.650470439682926,"test","gex_pt_dp.wohub","gex
+protein embeddings
+describeProt","without_hubness"
"5809","ACH-000770",0.649467943321156,"test","gex_pt_dp.wohub","gex
+protein embeddings
+describeProt","without_hubness"
"5810","ACH-000771",0.648033821969507,"test","gex_pt_dp.wohub","gex
+protein embeddings
+describeProt","without_hubness"
"5811","ACH-000773",0.621823975584863,"test","gex_pt_dp.wohub","gex
+protein embeddings
+describeProt","without_hubness"
"5812","ACH-000774",0.599034099986407,"test","gex_pt_dp.wohub","gex
+protein embeddings
+describeProt","without_hubness"
"5813","ACH-000775",0.658400250118234,"test","gex_pt_dp.wohub","gex
+protein embeddings
+describeProt","without_hubness"
"5814","ACH-000776",0.621658656903605,"test","gex_pt_dp.wohub","gex
+protein embeddings
+describeProt","without_hubness"
"5815","ACH-000777",0.644186820215078,"test","gex_pt_dp.wohub","gex
+protein embeddings
+describeProt","without_hubness"
"5816","ACH-000778",0.63003546477555,"test","gex_pt_dp.wohub","gex
+protein embeddings
+describeProt","without_hubness"
"5817","ACH-000781",0.647940017745282,"test","gex_pt_dp.wohub","gex
+protein embeddings
+describeProt","without_hubness"
"5818","ACH-000782",0.629648740703586,"test","gex_pt_dp.wohub","gex
+protein embeddings
+describeProt","without_hubness"
"5819","ACH-000783",0.593954536415213,"test","gex_pt_dp.wohub","gex
+protein embeddings
+describeProt","without_hubness"
"5820","ACH-000784",0.656182869877444,"test","gex_pt_dp.wohub","gex
+protein embeddings
+describeProt","without_hubness"
"5821","ACH-000785",0.606810227164568,"test","gex_pt_dp.wohub","gex
+protein embeddings
+describeProt","without_hubness"
"5822","ACH-000787",0.653117605456206,"test","gex_pt_dp.wohub","gex
+protein embeddings
+describeProt","without_hubness"
"5823","ACH-000788",0.659015038514599,"test","gex_pt_dp.wohub","gex
+protein embeddings
+describeProt","without_hubness"
"5824","ACH-000790",0.631144880613931,"test","gex_pt_dp.wohub","gex
+protein embeddings
+describeProt","without_hubness"
"5825","ACH-000791",0.621222136558916,"test","gex_pt_dp.wohub","gex
+protein embeddings
+describeProt","without_hubness"
"5826","ACH-000792",0.632041860948437,"test","gex_pt_dp.wohub","gex
+protein embeddings
+describeProt","without_hubness"
"5827","ACH-000793",0.655107608289528,"test","gex_pt_dp.wohub","gex
+protein embeddings
+describeProt","without_hubness"
"5828","ACH-000794",0.652836458496312,"test","gex_pt_dp.wohub","gex
+protein embeddings
+describeProt","without_hubness"
"5829","ACH-000796",0.6333356200633,"test","gex_pt_dp.wohub","gex
+protein embeddings
+describeProt","without_hubness"
"5830","ACH-000799",0.601984682535958,"test","gex_pt_dp.wohub","gex
+protein embeddings
+describeProt","without_hubness"
"5831","ACH-000800",0.595348185987874,"test","gex_pt_dp.wohub","gex
+protein embeddings
+describeProt","without_hubness"
"5832","ACH-000801",0.641849024272618,"test","gex_pt_dp.wohub","gex
+protein embeddings
+describeProt","without_hubness"
"5833","ACH-000802",0.642373502035471,"test","gex_pt_dp.wohub","gex
+protein embeddings
+describeProt","without_hubness"
"5834","ACH-000804",0.596439707268273,"test","gex_pt_dp.wohub","gex
+protein embeddings
+describeProt","without_hubness"
"5835","ACH-000805",0.627749761460247,"test","gex_pt_dp.wohub","gex
+protein embeddings
+describeProt","without_hubness"
"5836","ACH-000807",0.627669508897999,"test","gex_pt_dp.wohub","gex
+protein embeddings
+describeProt","without_hubness"
"5837","ACH-000809",0.647105183197253,"test","gex_pt_dp.wohub","gex
+protein embeddings
+describeProt","without_hubness"
"5838","ACH-000810",0.601791594200974,"test","gex_pt_dp.wohub","gex
+protein embeddings
+describeProt","without_hubness"
"5839","ACH-000811",0.619884428933068,"test","gex_pt_dp.wohub","gex
+protein embeddings
+describeProt","without_hubness"
"5840","ACH-000817",0.640695105108349,"test","gex_pt_dp.wohub","gex
+protein embeddings
+describeProt","without_hubness"
"5841","ACH-000819",0.630834859930034,"test","gex_pt_dp.wohub","gex
+protein embeddings
+describeProt","without_hubness"
"5842","ACH-000820",0.605567887053197,"test","gex_pt_dp.wohub","gex
+protein embeddings
+describeProt","without_hubness"
"5843","ACH-000821",0.59592963006971,"test","gex_pt_dp.wohub","gex
+protein embeddings
+describeProt","without_hubness"
"5844","ACH-000822",0.614093415162928,"test","gex_pt_dp.wohub","gex
+protein embeddings
+describeProt","without_hubness"
"5845","ACH-000823",0.653691908728233,"test","gex_pt_dp.wohub","gex
+protein embeddings
+describeProt","without_hubness"
"5846","ACH-000824",0.624977186578636,"test","gex_pt_dp.wohub","gex
+protein embeddings
+describeProt","without_hubness"
"5847","ACH-000826",0.62477006931042,"test","gex_pt_dp.wohub","gex
+protein embeddings
+describeProt","without_hubness"
"5848","ACH-000827",0.629262146650969,"test","gex_pt_dp.wohub","gex
+protein embeddings
+describeProt","without_hubness"
"5849","ACH-000829",0.620977329707041,"test","gex_pt_dp.wohub","gex
+protein embeddings
+describeProt","without_hubness"
"5850","ACH-000831",0.648475546893221,"test","gex_pt_dp.wohub","gex
+protein embeddings
+describeProt","without_hubness"
"5851","ACH-000832",0.649377525664408,"test","gex_pt_dp.wohub","gex
+protein embeddings
+describeProt","without_hubness"
"5852","ACH-000833",0.614411317136266,"test","gex_pt_dp.wohub","gex
+protein embeddings
+describeProt","without_hubness"
"5853","ACH-000834",0.630586400139593,"test","gex_pt_dp.wohub","gex
+protein embeddings
+describeProt","without_hubness"
"5854","ACH-000835",0.658724589044075,"test","gex_pt_dp.wohub","gex
+protein embeddings
+describeProt","without_hubness"
"5855","ACH-000836",0.634962685419594,"test","gex_pt_dp.wohub","gex
+protein embeddings
+describeProt","without_hubness"
"5856","ACH-000837",0.64611157034402,"test","gex_pt_dp.wohub","gex
+protein embeddings
+describeProt","without_hubness"
"5857","ACH-000838",0.607820589457336,"test","gex_pt_dp.wohub","gex
+protein embeddings
+describeProt","without_hubness"
"5858","ACH-000839",0.612513068483779,"test","gex_pt_dp.wohub","gex
+protein embeddings
+describeProt","without_hubness"
"5859","ACH-000840",0.595597646442026,"test","gex_pt_dp.wohub","gex
+protein embeddings
+describeProt","without_hubness"
"5860","ACH-000841",0.638087903939283,"test","gex_pt_dp.wohub","gex
+protein embeddings
+describeProt","without_hubness"
"5861","ACH-000843",0.667674909831072,"test","gex_pt_dp.wohub","gex
+protein embeddings
+describeProt","without_hubness"
"5862","ACH-000845",0.634260055404545,"test","gex_pt_dp.wohub","gex
+protein embeddings
+describeProt","without_hubness"
"5863","ACH-000846",0.64348032195381,"test","gex_pt_dp.wohub","gex
+protein embeddings
+describeProt","without_hubness"
"5864","ACH-000847",0.645718514061927,"test","gex_pt_dp.wohub","gex
+protein embeddings
+describeProt","without_hubness"
"5865","ACH-000848",0.65327731916274,"test","gex_pt_dp.wohub","gex
+protein embeddings
+describeProt","without_hubness"
"5866","ACH-000849",0.654216061739683,"test","gex_pt_dp.wohub","gex
+protein embeddings
+describeProt","without_hubness"
"5867","ACH-000851",0.637567395891365,"test","gex_pt_dp.wohub","gex
+protein embeddings
+describeProt","without_hubness"
"5868","ACH-000853",0.662915896632015,"test","gex_pt_dp.wohub","gex
+protein embeddings
+describeProt","without_hubness"
"5869","ACH-000854",0.612080054948245,"test","gex_pt_dp.wohub","gex
+protein embeddings
+describeProt","without_hubness"
"5870","ACH-000855",0.638852751916199,"test","gex_pt_dp.wohub","gex
+protein embeddings
+describeProt","without_hubness"
"5871","ACH-000856",0.653546421627675,"test","gex_pt_dp.wohub","gex
+protein embeddings
+describeProt","without_hubness"
"5872","ACH-000858",0.646652438541114,"test","gex_pt_dp.wohub","gex
+protein embeddings
+describeProt","without_hubness"
"5873","ACH-000859",0.612451075677375,"test","gex_pt_dp.wohub","gex
+protein embeddings
+describeProt","without_hubness"
"5874","ACH-000860",0.637958161828369,"test","gex_pt_dp.wohub","gex
+protein embeddings
+describeProt","without_hubness"
"5875","ACH-000861",0.642776099762014,"test","gex_pt_dp.wohub","gex
+protein embeddings
+describeProt","without_hubness"
"5876","ACH-000862",0.632078081469163,"test","gex_pt_dp.wohub","gex
+protein embeddings
+describeProt","without_hubness"
"5877","ACH-000863",0.624910702518398,"test","gex_pt_dp.wohub","gex
+protein embeddings
+describeProt","without_hubness"
"5878","ACH-000864",0.644952435879338,"test","gex_pt_dp.wohub","gex
+protein embeddings
+describeProt","without_hubness"
"5879","ACH-000865",0.655007617124363,"test","gex_pt_dp.wohub","gex
+protein embeddings
+describeProt","without_hubness"
"5880","ACH-000866",0.664735543022107,"test","gex_pt_dp.wohub","gex
+protein embeddings
+describeProt","without_hubness"
"5881","ACH-000867",0.635341065568442,"test","gex_pt_dp.wohub","gex
+protein embeddings
+describeProt","without_hubness"
"5882","ACH-000869",0.614459098370873,"test","gex_pt_dp.wohub","gex
+protein embeddings
+describeProt","without_hubness"
"5883","ACH-000872",0.624482806046708,"test","gex_pt_dp.wohub","gex
+protein embeddings
+describeProt","without_hubness"
"5884","ACH-000873",0.647669795272768,"test","gex_pt_dp.wohub","gex
+protein embeddings
+describeProt","without_hubness"
"5885","ACH-000876",0.633038705214029,"test","gex_pt_dp.wohub","gex
+protein embeddings
+describeProt","without_hubness"
"5886","ACH-000878",0.606117749077741,"test","gex_pt_dp.wohub","gex
+protein embeddings
+describeProt","without_hubness"
"5887","ACH-000879",0.639430597834761,"test","gex_pt_dp.wohub","gex
+protein embeddings
+describeProt","without_hubness"
"5888","ACH-000880",0.659268802400961,"test","gex_pt_dp.wohub","gex
+protein embeddings
+describeProt","without_hubness"
"5889","ACH-000881",0.632008828281381,"test","gex_pt_dp.wohub","gex
+protein embeddings
+describeProt","without_hubness"
"5890","ACH-000882",0.663747586456082,"test","gex_pt_dp.wohub","gex
+protein embeddings
+describeProt","without_hubness"
"5891","ACH-000884",0.649602231227144,"test","gex_pt_dp.wohub","gex
+protein embeddings
+describeProt","without_hubness"
"5892","ACH-000885",0.643951695681548,"test","gex_pt_dp.wohub","gex
+protein embeddings
+describeProt","without_hubness"
"5893","ACH-000886",0.653788885148547,"test","gex_pt_dp.wohub","gex
+protein embeddings
+describeProt","without_hubness"
"5894","ACH-000887",0.662879234527309,"test","gex_pt_dp.wohub","gex
+protein embeddings
+describeProt","without_hubness"
"5895","ACH-000888",0.637049692410043,"test","gex_pt_dp.wohub","gex
+protein embeddings
+describeProt","without_hubness"
"5896","ACH-000889",0.629007172028515,"test","gex_pt_dp.wohub","gex
+protein embeddings
+describeProt","without_hubness"
"5897","ACH-000890",0.630775145950826,"test","gex_pt_dp.wohub","gex
+protein embeddings
+describeProt","without_hubness"
"5898","ACH-000894",0.633913088751273,"test","gex_pt_dp.wohub","gex
+protein embeddings
+describeProt","without_hubness"
"5899","ACH-000896",0.64454806636598,"test","gex_pt_dp.wohub","gex
+protein embeddings
+describeProt","without_hubness"
"5900","ACH-000898",0.63429759883863,"test","gex_pt_dp.wohub","gex
+protein embeddings
+describeProt","without_hubness"
"5901","ACH-000899",0.61869305155026,"test","gex_pt_dp.wohub","gex
+protein embeddings
+describeProt","without_hubness"
"5902","ACH-000900",0.636942646708645,"test","gex_pt_dp.wohub","gex
+protein embeddings
+describeProt","without_hubness"
"5903","ACH-000901",0.616528794239146,"test","gex_pt_dp.wohub","gex
+protein embeddings
+describeProt","without_hubness"
"5904","ACH-000903",0.6360772204087,"test","gex_pt_dp.wohub","gex
+protein embeddings
+describeProt","without_hubness"
"5905","ACH-000905",0.642754119955322,"test","gex_pt_dp.wohub","gex
+protein embeddings
+describeProt","without_hubness"
"5906","ACH-000906",0.647961453279694,"test","gex_pt_dp.wohub","gex
+protein embeddings
+describeProt","without_hubness"
"5907","ACH-000907",0.59792577045595,"test","gex_pt_dp.wohub","gex
+protein embeddings
+describeProt","without_hubness"
"5908","ACH-000910",0.61423618805973,"test","gex_pt_dp.wohub","gex
+protein embeddings
+describeProt","without_hubness"
"5909","ACH-000911",0.667247864614006,"test","gex_pt_dp.wohub","gex
+protein embeddings
+describeProt","without_hubness"
"5910","ACH-000912",0.647051450395415,"test","gex_pt_dp.wohub","gex
+protein embeddings
+describeProt","without_hubness"
"5911","ACH-000913",0.649566030553671,"test","gex_pt_dp.wohub","gex
+protein embeddings
+describeProt","without_hubness"
"5912","ACH-000914",0.642188245238332,"test","gex_pt_dp.wohub","gex
+protein embeddings
+describeProt","without_hubness"
"5913","ACH-000915",0.636344277148151,"test","gex_pt_dp.wohub","gex
+protein embeddings
+describeProt","without_hubness"
"5914","ACH-000917",0.637441691676534,"test","gex_pt_dp.wohub","gex
+protein embeddings
+describeProt","without_hubness"
"5915","ACH-000919",0.651607430529174,"test","gex_pt_dp.wohub","gex
+protein embeddings
+describeProt","without_hubness"
"5916","ACH-000920",0.614458121263302,"test","gex_pt_dp.wohub","gex
+protein embeddings
+describeProt","without_hubness"
"5917","ACH-000921",0.643847685095187,"test","gex_pt_dp.wohub","gex
+protein embeddings
+describeProt","without_hubness"
"5918","ACH-000922",0.642205425612028,"test","gex_pt_dp.wohub","gex
+protein embeddings
+describeProt","without_hubness"
"5919","ACH-000924",0.64832162706659,"test","gex_pt_dp.wohub","gex
+protein embeddings
+describeProt","without_hubness"
"5920","ACH-000926",0.626470569308343,"test","gex_pt_dp.wohub","gex
+protein embeddings
+describeProt","without_hubness"
"5921","ACH-000928",0.563936191435387,"test","gex_pt_dp.wohub","gex
+protein embeddings
+describeProt","without_hubness"
"5922","ACH-000929",0.617231533389106,"test","gex_pt_dp.wohub","gex
+protein embeddings
+describeProt","without_hubness"
"5923","ACH-000932",0.649118640823474,"test","gex_pt_dp.wohub","gex
+protein embeddings
+describeProt","without_hubness"
"5924","ACH-000934",0.577735643572669,"test","gex_pt_dp.wohub","gex
+protein embeddings
+describeProt","without_hubness"
"5925","ACH-000935",0.643736803536156,"test","gex_pt_dp.wohub","gex
+protein embeddings
+describeProt","without_hubness"
"5926","ACH-000936",0.653819536393915,"test","gex_pt_dp.wohub","gex
+protein embeddings
+describeProt","without_hubness"
"5927","ACH-000937",0.636944073315544,"test","gex_pt_dp.wohub","gex
+protein embeddings
+describeProt","without_hubness"
"5928","ACH-000938",0.634124598106517,"test","gex_pt_dp.wohub","gex
+protein embeddings
+describeProt","without_hubness"
"5929","ACH-000939",0.616695619664909,"test","gex_pt_dp.wohub","gex
+protein embeddings
+describeProt","without_hubness"
"5930","ACH-000941",0.633927958850843,"test","gex_pt_dp.wohub","gex
+protein embeddings
+describeProt","without_hubness"
"5931","ACH-000943",0.653482911413937,"test","gex_pt_dp.wohub","gex
+protein embeddings
+describeProt","without_hubness"
"5932","ACH-000944",0.645006709142007,"test","gex_pt_dp.wohub","gex
+protein embeddings
+describeProt","without_hubness"
"5933","ACH-000945",0.603186057051995,"test","gex_pt_dp.wohub","gex
+protein embeddings
+describeProt","without_hubness"
"5934","ACH-000946",0.642742568504577,"test","gex_pt_dp.wohub","gex
+protein embeddings
+describeProt","without_hubness"
"5935","ACH-000947",0.646490504024953,"test","gex_pt_dp.wohub","gex
+protein embeddings
+describeProt","without_hubness"
"5936","ACH-000948",0.664249768207494,"test","gex_pt_dp.wohub","gex
+protein embeddings
+describeProt","without_hubness"
"5937","ACH-000950",0.6313085482277,"test","gex_pt_dp.wohub","gex
+protein embeddings
+describeProt","without_hubness"
"5938","ACH-000953",0.59566334612248,"test","gex_pt_dp.wohub","gex
+protein embeddings
+describeProt","without_hubness"
"5939","ACH-000956",0.60005901274855,"test","gex_pt_dp.wohub","gex
+protein embeddings
+describeProt","without_hubness"
"5940","ACH-000957",0.641212436044661,"test","gex_pt_dp.wohub","gex
+protein embeddings
+describeProt","without_hubness"
"5941","ACH-000958",0.645350027370926,"test","gex_pt_dp.wohub","gex
+protein embeddings
+describeProt","without_hubness"
"5942","ACH-000959",0.646017559481438,"test","gex_pt_dp.wohub","gex
+protein embeddings
+describeProt","without_hubness"
"5943","ACH-000960",0.615532533943945,"test","gex_pt_dp.wohub","gex
+protein embeddings
+describeProt","without_hubness"
"5944","ACH-000961",0.624704869002565,"test","gex_pt_dp.wohub","gex
+protein embeddings
+describeProt","without_hubness"
"5945","ACH-000962",0.634832425905341,"test","gex_pt_dp.wohub","gex
+protein embeddings
+describeProt","without_hubness"
"5946","ACH-000965",0.662196521483647,"test","gex_pt_dp.wohub","gex
+protein embeddings
+describeProt","without_hubness"
"5947","ACH-000966",0.602853367599567,"test","gex_pt_dp.wohub","gex
+protein embeddings
+describeProt","without_hubness"
"5948","ACH-000968",0.639122699600728,"test","gex_pt_dp.wohub","gex
+protein embeddings
+describeProt","without_hubness"
"5949","ACH-000969",0.6424317815836,"test","gex_pt_dp.wohub","gex
+protein embeddings
+describeProt","without_hubness"
"5950","ACH-000970",0.643866441691094,"test","gex_pt_dp.wohub","gex
+protein embeddings
+describeProt","without_hubness"
"5951","ACH-000971",0.644115982708131,"test","gex_pt_dp.wohub","gex
+protein embeddings
+describeProt","without_hubness"
"5952","ACH-000973",0.657516817965216,"test","gex_pt_dp.wohub","gex
+protein embeddings
+describeProt","without_hubness"
"5953","ACH-000974",0.648513697078118,"test","gex_pt_dp.wohub","gex
+protein embeddings
+describeProt","without_hubness"
"5954","ACH-000975",0.643491829776519,"test","gex_pt_dp.wohub","gex
+protein embeddings
+describeProt","without_hubness"
"5955","ACH-000976",0.628475238003996,"test","gex_pt_dp.wohub","gex
+protein embeddings
+describeProt","without_hubness"
"5956","ACH-000977",0.663187133606099,"test","gex_pt_dp.wohub","gex
+protein embeddings
+describeProt","without_hubness"
"5957","ACH-000978",0.621738705216287,"test","gex_pt_dp.wohub","gex
+protein embeddings
+describeProt","without_hubness"
"5958","ACH-000979",0.62120702306522,"test","gex_pt_dp.wohub","gex
+protein embeddings
+describeProt","without_hubness"
"5959","ACH-000980",0.665251595844335,"test","gex_pt_dp.wohub","gex
+protein embeddings
+describeProt","without_hubness"
"5960","ACH-000983",0.637606742854942,"test","gex_pt_dp.wohub","gex
+protein embeddings
+describeProt","without_hubness"
"5961","ACH-000984",0.60980922030277,"test","gex_pt_dp.wohub","gex
+protein embeddings
+describeProt","without_hubness"
"5962","ACH-000985",0.600277258520445,"test","gex_pt_dp.wohub","gex
+protein embeddings
+describeProt","without_hubness"
"5963","ACH-000986",0.650886409850715,"test","gex_pt_dp.wohub","gex
+protein embeddings
+describeProt","without_hubness"
"5964","ACH-000988",0.614394021529144,"test","gex_pt_dp.wohub","gex
+protein embeddings
+describeProt","without_hubness"
"5965","ACH-000991",0.625356619843365,"test","gex_pt_dp.wohub","gex
+protein embeddings
+describeProt","without_hubness"
"5966","ACH-000993",0.61071462145806,"test","gex_pt_dp.wohub","gex
+protein embeddings
+describeProt","without_hubness"
"5967","ACH-000994",0.623025968200925,"test","gex_pt_dp.wohub","gex
+protein embeddings
+describeProt","without_hubness"
"5968","ACH-000995",0.597327308170056,"test","gex_pt_dp.wohub","gex
+protein embeddings
+describeProt","without_hubness"
"5969","ACH-000996",0.620443299035567,"test","gex_pt_dp.wohub","gex
+protein embeddings
+describeProt","without_hubness"
"5970","ACH-000997",0.633579418237071,"test","gex_pt_dp.wohub","gex
+protein embeddings
+describeProt","without_hubness"
"5971","ACH-001001",0.649198017302907,"test","gex_pt_dp.wohub","gex
+protein embeddings
+describeProt","without_hubness"
"5972","ACH-001016",0.644645439043174,"test","gex_pt_dp.wohub","gex
+protein embeddings
+describeProt","without_hubness"
"5973","ACH-001020",0.599966081423019,"test","gex_pt_dp.wohub","gex
+protein embeddings
+describeProt","without_hubness"
"5974","ACH-001028",0.649467822948051,"test","gex_pt_dp.wohub","gex
+protein embeddings
+describeProt","without_hubness"
"5975","ACH-001029",0.650542939630329,"test","gex_pt_dp.wohub","gex
+protein embeddings
+describeProt","without_hubness"
"5976","ACH-001031",0.640462172153508,"test","gex_pt_dp.wohub","gex
+protein embeddings
+describeProt","without_hubness"
"5977","ACH-001033",0.606755951562009,"test","gex_pt_dp.wohub","gex
+protein embeddings
+describeProt","without_hubness"
"5978","ACH-001036",0.605219111322831,"test","gex_pt_dp.wohub","gex
+protein embeddings
+describeProt","without_hubness"
"5979","ACH-001038",0.648537049137255,"test","gex_pt_dp.wohub","gex
+protein embeddings
+describeProt","without_hubness"
"5980","ACH-001039",0.620926959286272,"test","gex_pt_dp.wohub","gex
+protein embeddings
+describeProt","without_hubness"
"5981","ACH-001041",0.648955276057327,"test","gex_pt_dp.wohub","gex
+protein embeddings
+describeProt","without_hubness"
"5982","ACH-001048",0.625378863458532,"test","gex_pt_dp.wohub","gex
+protein embeddings
+describeProt","without_hubness"
"5983","ACH-001050",0.627227164745224,"test","gex_pt_dp.wohub","gex
+protein embeddings
+describeProt","without_hubness"
"5984","ACH-001053",0.604021391885853,"test","gex_pt_dp.wohub","gex
+protein embeddings
+describeProt","without_hubness"
"5985","ACH-001054",0.630710903803968,"test","gex_pt_dp.wohub","gex
+protein embeddings
+describeProt","without_hubness"
"5986","ACH-001061",0.652144599242292,"test","gex_pt_dp.wohub","gex
+protein embeddings
+describeProt","without_hubness"
"5987","ACH-001063",0.616677393268946,"test","gex_pt_dp.wohub","gex
+protein embeddings
+describeProt","without_hubness"
"5988","ACH-001065",0.633783617492078,"test","gex_pt_dp.wohub","gex
+protein embeddings
+describeProt","without_hubness"
"5989","ACH-001067",0.632651170201637,"test","gex_pt_dp.wohub","gex
+protein embeddings
+describeProt","without_hubness"
"5990","ACH-001075",0.623418561294971,"test","gex_pt_dp.wohub","gex
+protein embeddings
+describeProt","without_hubness"
"5991","ACH-001081",0.629020864456346,"test","gex_pt_dp.wohub","gex
+protein embeddings
+describeProt","without_hubness"
"5992","ACH-001096",0.631612864626413,"test","gex_pt_dp.wohub","gex
+protein embeddings
+describeProt","without_hubness"
"5993","ACH-001098",0.625607811642302,"test","gex_pt_dp.wohub","gex
+protein embeddings
+describeProt","without_hubness"
"5994","ACH-001099",0.598132181652485,"test","gex_pt_dp.wohub","gex
+protein embeddings
+describeProt","without_hubness"
"5995","ACH-001107",0.635256402768536,"test","gex_pt_dp.wohub","gex
+protein embeddings
+describeProt","without_hubness"
"5996","ACH-001126",0.638482586706073,"test","gex_pt_dp.wohub","gex
+protein embeddings
+describeProt","without_hubness"
"5997","ACH-001128",0.600297644561111,"test","gex_pt_dp.wohub","gex
+protein embeddings
+describeProt","without_hubness"
"5998","ACH-001129",0.616937849335753,"test","gex_pt_dp.wohub","gex
+protein embeddings
+describeProt","without_hubness"
"5999","ACH-001134",0.631295725824576,"test","gex_pt_dp.wohub","gex
+protein embeddings
+describeProt","without_hubness"
"6000","ACH-001137",0.5931012577257,"test","gex_pt_dp.wohub","gex
+protein embeddings
+describeProt","without_hubness"
"6001","ACH-001145",0.64820927619858,"test","gex_pt_dp.wohub","gex
+protein embeddings
+describeProt","without_hubness"
"6002","ACH-001151",0.633972119294058,"test","gex_pt_dp.wohub","gex
+protein embeddings
+describeProt","without_hubness"
"6003","ACH-001163",0.62144457501551,"test","gex_pt_dp.wohub","gex
+protein embeddings
+describeProt","without_hubness"
"6004","ACH-001164",0.607498897891199,"test","gex_pt_dp.wohub","gex
+protein embeddings
+describeProt","without_hubness"
"6005","ACH-001172",0.664366271769862,"test","gex_pt_dp.wohub","gex
+protein embeddings
+describeProt","without_hubness"
"6006","ACH-001183",0.627861635774617,"test","gex_pt_dp.wohub","gex
+protein embeddings
+describeProt","without_hubness"
"6007","ACH-001184",0.600418224979885,"test","gex_pt_dp.wohub","gex
+protein embeddings
+describeProt","without_hubness"
"6008","ACH-001188",0.613935254184558,"test","gex_pt_dp.wohub","gex
+protein embeddings
+describeProt","without_hubness"
"6009","ACH-001190",0.639413295725137,"test","gex_pt_dp.wohub","gex
+protein embeddings
+describeProt","without_hubness"
"6010","ACH-001192",0.62314887831316,"test","gex_pt_dp.wohub","gex
+protein embeddings
+describeProt","without_hubness"
"6011","ACH-001193",0.641783701688189,"test","gex_pt_dp.wohub","gex
+protein embeddings
+describeProt","without_hubness"
"6012","ACH-001194",0.597358108755584,"test","gex_pt_dp.wohub","gex
+protein embeddings
+describeProt","without_hubness"
"6013","ACH-001196",0.631574122058888,"test","gex_pt_dp.wohub","gex
+protein embeddings
+describeProt","without_hubness"
"6014","ACH-001197",0.610356714854456,"test","gex_pt_dp.wohub","gex
+protein embeddings
+describeProt","without_hubness"
"6015","ACH-001205",0.618702284946827,"test","gex_pt_dp.wohub","gex
+protein embeddings
+describeProt","without_hubness"
"6016","ACH-001211",0.620338248657431,"test","gex_pt_dp.wohub","gex
+protein embeddings
+describeProt","without_hubness"
"6017","ACH-001212",0.578909077170167,"test","gex_pt_dp.wohub","gex
+protein embeddings
+describeProt","without_hubness"
"6018","ACH-001228",0.627875716612854,"test","gex_pt_dp.wohub","gex
+protein embeddings
+describeProt","without_hubness"
"6019","ACH-001229",0.661990766034181,"test","gex_pt_dp.wohub","gex
+protein embeddings
+describeProt","without_hubness"
"6020","ACH-001232",0.631524833332144,"test","gex_pt_dp.wohub","gex
+protein embeddings
+describeProt","without_hubness"
"6021","ACH-001233",0.631978065799155,"test","gex_pt_dp.wohub","gex
+protein embeddings
+describeProt","without_hubness"
"6022","ACH-001239",0.644654883555571,"test","gex_pt_dp.wohub","gex
+protein embeddings
+describeProt","without_hubness"
"6023","ACH-001270",0.601657142606524,"test","gex_pt_dp.wohub","gex
+protein embeddings
+describeProt","without_hubness"
"6024","ACH-001274",0.61779445703801,"test","gex_pt_dp.wohub","gex
+protein embeddings
+describeProt","without_hubness"
"6025","ACH-001275",0.6370786965255,"test","gex_pt_dp.wohub","gex
+protein embeddings
+describeProt","without_hubness"
"6026","ACH-001277",0.61888083291833,"test","gex_pt_dp.wohub","gex
+protein embeddings
+describeProt","without_hubness"
"6027","ACH-001278",0.636508609780281,"test","gex_pt_dp.wohub","gex
+protein embeddings
+describeProt","without_hubness"
"6028","ACH-001279",0.623417795063522,"test","gex_pt_dp.wohub","gex
+protein embeddings
+describeProt","without_hubness"
"6029","ACH-001280",0.603246123672969,"test","gex_pt_dp.wohub","gex
+protein embeddings
+describeProt","without_hubness"
"6030","ACH-001283",0.635569052168925,"test","gex_pt_dp.wohub","gex
+protein embeddings
+describeProt","without_hubness"
"6031","ACH-001289",0.643643059234552,"test","gex_pt_dp.wohub","gex
+protein embeddings
+describeProt","without_hubness"
"6032","ACH-001295",0.626194099713908,"test","gex_pt_dp.wohub","gex
+protein embeddings
+describeProt","without_hubness"
"6033","ACH-001300",0.631474929274955,"test","gex_pt_dp.wohub","gex
+protein embeddings
+describeProt","without_hubness"
"6034","ACH-001301",0.622833400127391,"test","gex_pt_dp.wohub","gex
+protein embeddings
+describeProt","without_hubness"
"6035","ACH-001302",0.612025847510104,"test","gex_pt_dp.wohub","gex
+protein embeddings
+describeProt","without_hubness"
"6036","ACH-001303",0.582742391334946,"test","gex_pt_dp.wohub","gex
+protein embeddings
+describeProt","without_hubness"
"6037","ACH-001306",0.632110845184275,"test","gex_pt_dp.wohub","gex
+protein embeddings
+describeProt","without_hubness"
"6038","ACH-001307",0.632911290232638,"test","gex_pt_dp.wohub","gex
+protein embeddings
+describeProt","without_hubness"
"6039","ACH-001310",0.617785468226431,"test","gex_pt_dp.wohub","gex
+protein embeddings
+describeProt","without_hubness"
"6040","ACH-001318",0.641348720194346,"test","gex_pt_dp.wohub","gex
+protein embeddings
+describeProt","without_hubness"
"6041","ACH-001322",0.633777373276786,"test","gex_pt_dp.wohub","gex
+protein embeddings
+describeProt","without_hubness"
"6042","ACH-001328",0.640329634145738,"test","gex_pt_dp.wohub","gex
+protein embeddings
+describeProt","without_hubness"
"6043","ACH-001329",0.638127253770498,"test","gex_pt_dp.wohub","gex
+protein embeddings
+describeProt","without_hubness"
"6044","ACH-001331",0.631247147883398,"test","gex_pt_dp.wohub","gex
+protein embeddings
+describeProt","without_hubness"
"6045","ACH-001332",0.617226852322315,"test","gex_pt_dp.wohub","gex
+protein embeddings
+describeProt","without_hubness"
"6046","ACH-001333",0.628906692003108,"test","gex_pt_dp.wohub","gex
+protein embeddings
+describeProt","without_hubness"
"6047","ACH-001334",0.654492747457074,"test","gex_pt_dp.wohub","gex
+protein embeddings
+describeProt","without_hubness"
"6048","ACH-001335",0.628792200728763,"test","gex_pt_dp.wohub","gex
+protein embeddings
+describeProt","without_hubness"
"6049","ACH-001336",0.649156182046634,"test","gex_pt_dp.wohub","gex
+protein embeddings
+describeProt","without_hubness"
"6050","ACH-001338",0.636689876788511,"test","gex_pt_dp.wohub","gex
+protein embeddings
+describeProt","without_hubness"
"6051","ACH-001340",0.656574918821549,"test","gex_pt_dp.wohub","gex
+protein embeddings
+describeProt","without_hubness"
"6052","ACH-001341",0.653613137111907,"test","gex_pt_dp.wohub","gex
+protein embeddings
+describeProt","without_hubness"
"6053","ACH-001344",0.607214072043418,"test","gex_pt_dp.wohub","gex
+protein embeddings
+describeProt","without_hubness"
"6054","ACH-001345",0.651712423791362,"test","gex_pt_dp.wohub","gex
+protein embeddings
+describeProt","without_hubness"
"6055","ACH-001346",0.664618939578843,"test","gex_pt_dp.wohub","gex
+protein embeddings
+describeProt","without_hubness"
"6056","ACH-001347",0.629359248737929,"test","gex_pt_dp.wohub","gex
+protein embeddings
+describeProt","without_hubness"
"6057","ACH-001353",0.629375533121487,"test","gex_pt_dp.wohub","gex
+protein embeddings
+describeProt","without_hubness"
"6058","ACH-001354",0.605346939526118,"test","gex_pt_dp.wohub","gex
+protein embeddings
+describeProt","without_hubness"
"6059","ACH-001356",0.609196422192506,"test","gex_pt_dp.wohub","gex
+protein embeddings
+describeProt","without_hubness"
"6060","ACH-001366",0.63142009956866,"test","gex_pt_dp.wohub","gex
+protein embeddings
+describeProt","without_hubness"
"6061","ACH-001367",0.612877885288902,"test","gex_pt_dp.wohub","gex
+protein embeddings
+describeProt","without_hubness"
"6062","ACH-001368",0.651457353938627,"test","gex_pt_dp.wohub","gex
+protein embeddings
+describeProt","without_hubness"
"6063","ACH-001370",0.62929018305394,"test","gex_pt_dp.wohub","gex
+protein embeddings
+describeProt","without_hubness"
"6064","ACH-001374",0.609177498167537,"test","gex_pt_dp.wohub","gex
+protein embeddings
+describeProt","without_hubness"
"6065","ACH-001375",0.61884000747388,"test","gex_pt_dp.wohub","gex
+protein embeddings
+describeProt","without_hubness"
"6066","ACH-001377",0.644201564272949,"test","gex_pt_dp.wohub","gex
+protein embeddings
+describeProt","without_hubness"
"6067","ACH-001379",0.62517400528252,"test","gex_pt_dp.wohub","gex
+protein embeddings
+describeProt","without_hubness"
"6068","ACH-001380",0.647153448281915,"test","gex_pt_dp.wohub","gex
+protein embeddings
+describeProt","without_hubness"
"6069","ACH-001382",0.594938351574021,"test","gex_pt_dp.wohub","gex
+protein embeddings
+describeProt","without_hubness"
"6070","ACH-001385",0.653321917701383,"test","gex_pt_dp.wohub","gex
+protein embeddings
+describeProt","without_hubness"
"6071","ACH-001386",0.634247453648728,"test","gex_pt_dp.wohub","gex
+protein embeddings
+describeProt","without_hubness"
"6072","ACH-001389",0.651571165682733,"test","gex_pt_dp.wohub","gex
+protein embeddings
+describeProt","without_hubness"
"6073","ACH-001390",0.609887274133148,"test","gex_pt_dp.wohub","gex
+protein embeddings
+describeProt","without_hubness"
"6074","ACH-001391",0.624553131692181,"test","gex_pt_dp.wohub","gex
+protein embeddings
+describeProt","without_hubness"
"6075","ACH-001392",0.620372577937674,"test","gex_pt_dp.wohub","gex
+protein embeddings
+describeProt","without_hubness"
"6076","ACH-001393",0.616712760651734,"test","gex_pt_dp.wohub","gex
+protein embeddings
+describeProt","without_hubness"
"6077","ACH-001394",0.619132440165279,"test","gex_pt_dp.wohub","gex
+protein embeddings
+describeProt","without_hubness"
"6078","ACH-001398",0.609102045803923,"test","gex_pt_dp.wohub","gex
+protein embeddings
+describeProt","without_hubness"
"6079","ACH-001399",0.624276095147911,"test","gex_pt_dp.wohub","gex
+protein embeddings
+describeProt","without_hubness"
"6080","ACH-001400",0.617083752084698,"test","gex_pt_dp.wohub","gex
+protein embeddings
+describeProt","without_hubness"
"6081","ACH-001402",0.635398606176218,"test","gex_pt_dp.wohub","gex
+protein embeddings
+describeProt","without_hubness"
"6082","ACH-001403",0.62562086161792,"test","gex_pt_dp.wohub","gex
+protein embeddings
+describeProt","without_hubness"
"6083","ACH-001407",0.634841228040434,"test","gex_pt_dp.wohub","gex
+protein embeddings
+describeProt","without_hubness"
"6084","ACH-001408",0.639321909485725,"test","gex_pt_dp.wohub","gex
+protein embeddings
+describeProt","without_hubness"
"6085","ACH-001409",0.587576597418241,"test","gex_pt_dp.wohub","gex
+protein embeddings
+describeProt","without_hubness"
"6086","ACH-001411",0.625284539456817,"test","gex_pt_dp.wohub","gex
+protein embeddings
+describeProt","without_hubness"
"6087","ACH-001412",0.622636166584107,"test","gex_pt_dp.wohub","gex
+protein embeddings
+describeProt","without_hubness"
"6088","ACH-001413",0.644124492684715,"test","gex_pt_dp.wohub","gex
+protein embeddings
+describeProt","without_hubness"
"6089","ACH-001414",0.649940892533246,"test","gex_pt_dp.wohub","gex
+protein embeddings
+describeProt","without_hubness"
"6090","ACH-001415",0.600778286035356,"test","gex_pt_dp.wohub","gex
+protein embeddings
+describeProt","without_hubness"
"6091","ACH-001416",0.60920186814537,"test","gex_pt_dp.wohub","gex
+protein embeddings
+describeProt","without_hubness"
"6092","ACH-001418",0.655268500294047,"test","gex_pt_dp.wohub","gex
+protein embeddings
+describeProt","without_hubness"
"6093","ACH-001419",0.62150529446263,"test","gex_pt_dp.wohub","gex
+protein embeddings
+describeProt","without_hubness"
"6094","ACH-001421",0.585323280451758,"test","gex_pt_dp.wohub","gex
+protein embeddings
+describeProt","without_hubness"
"6095","ACH-001422",0.610703250472861,"test","gex_pt_dp.wohub","gex
+protein embeddings
+describeProt","without_hubness"
"6096","ACH-001430",0.626737841282637,"test","gex_pt_dp.wohub","gex
+protein embeddings
+describeProt","without_hubness"
"6097","ACH-001431",0.620294639192725,"test","gex_pt_dp.wohub","gex
+protein embeddings
+describeProt","without_hubness"
"6098","ACH-001433",0.62641117933209,"test","gex_pt_dp.wohub","gex
+protein embeddings
+describeProt","without_hubness"
"6099","ACH-001442",0.605785653608414,"test","gex_pt_dp.wohub","gex
+protein embeddings
+describeProt","without_hubness"
"6100","ACH-001443",0.630221074033286,"test","gex_pt_dp.wohub","gex
+protein embeddings
+describeProt","without_hubness"
"6101","ACH-001450",0.601139158339773,"test","gex_pt_dp.wohub","gex
+protein embeddings
+describeProt","without_hubness"
"6102","ACH-001451",0.630586090576088,"test","gex_pt_dp.wohub","gex
+protein embeddings
+describeProt","without_hubness"
"6103","ACH-001453",0.622946214032827,"test","gex_pt_dp.wohub","gex
+protein embeddings
+describeProt","without_hubness"
"6104","ACH-001458",0.596139838216826,"test","gex_pt_dp.wohub","gex
+protein embeddings
+describeProt","without_hubness"
"6105","ACH-001459",0.610020815185408,"test","gex_pt_dp.wohub","gex
+protein embeddings
+describeProt","without_hubness"
"6106","ACH-001460",0.613057350028862,"test","gex_pt_dp.wohub","gex
+protein embeddings
+describeProt","without_hubness"
"6107","ACH-001494",0.647989293925491,"test","gex_pt_dp.wohub","gex
+protein embeddings
+describeProt","without_hubness"
"6108","ACH-001495",0.62309797242446,"test","gex_pt_dp.wohub","gex
+protein embeddings
+describeProt","without_hubness"
"6109","ACH-001496",0.669228492925368,"test","gex_pt_dp.wohub","gex
+protein embeddings
+describeProt","without_hubness"
"6110","ACH-001497",0.641729550655591,"test","gex_pt_dp.wohub","gex
+protein embeddings
+describeProt","without_hubness"
"6111","ACH-001498",0.613762766446518,"test","gex_pt_dp.wohub","gex
+protein embeddings
+describeProt","without_hubness"
"6112","ACH-001500",0.633639123316071,"test","gex_pt_dp.wohub","gex
+protein embeddings
+describeProt","without_hubness"
"6113","ACH-001509",0.595405243459028,"test","gex_pt_dp.wohub","gex
+protein embeddings
+describeProt","without_hubness"
"6114","ACH-001510",0.651836683599456,"test","gex_pt_dp.wohub","gex
+protein embeddings
+describeProt","without_hubness"
"6115","ACH-001511",0.63079704127799,"test","gex_pt_dp.wohub","gex
+protein embeddings
+describeProt","without_hubness"
"6116","ACH-001513",0.62216030062651,"test","gex_pt_dp.wohub","gex
+protein embeddings
+describeProt","without_hubness"
"6117","ACH-001515",0.625577983472983,"test","gex_pt_dp.wohub","gex
+protein embeddings
+describeProt","without_hubness"
"6118","ACH-001517",0.627346815329357,"test","gex_pt_dp.wohub","gex
+protein embeddings
+describeProt","without_hubness"
"6119","ACH-001518",0.604120427294849,"test","gex_pt_dp.wohub","gex
+protein embeddings
+describeProt","without_hubness"
"6120","ACH-001520",0.61493356647207,"test","gex_pt_dp.wohub","gex
+protein embeddings
+describeProt","without_hubness"
"6121","ACH-001521",0.610061799644728,"test","gex_pt_dp.wohub","gex
+protein embeddings
+describeProt","without_hubness"
"6122","ACH-001522",0.622480707985763,"test","gex_pt_dp.wohub","gex
+protein embeddings
+describeProt","without_hubness"
"6123","ACH-001523",0.652796346577893,"test","gex_pt_dp.wohub","gex
+protein embeddings
+describeProt","without_hubness"
"6124","ACH-001524",0.628985561074225,"test","gex_pt_dp.wohub","gex
+protein embeddings
+describeProt","without_hubness"
"6125","ACH-001525",0.623299082468755,"test","gex_pt_dp.wohub","gex
+protein embeddings
+describeProt","without_hubness"
"6126","ACH-001526",0.60628760766591,"test","gex_pt_dp.wohub","gex
+protein embeddings
+describeProt","without_hubness"
"6127","ACH-001528",0.66034826070901,"test","gex_pt_dp.wohub","gex
+protein embeddings
+describeProt","without_hubness"
"6128","ACH-001529",0.648395200691272,"test","gex_pt_dp.wohub","gex
+protein embeddings
+describeProt","without_hubness"
"6129","ACH-001530",0.60411155754929,"test","gex_pt_dp.wohub","gex
+protein embeddings
+describeProt","without_hubness"
"6130","ACH-001532",0.684691659685422,"test","gex_pt_dp.wohub","gex
+protein embeddings
+describeProt","without_hubness"
"6131","ACH-001533",0.648042831707267,"test","gex_pt_dp.wohub","gex
+protein embeddings
+describeProt","without_hubness"
"6132","ACH-001536",0.609392569157842,"test","gex_pt_dp.wohub","gex
+protein embeddings
+describeProt","without_hubness"
"6133","ACH-001538",0.643021044357613,"test","gex_pt_dp.wohub","gex
+protein embeddings
+describeProt","without_hubness"
"6134","ACH-001539",0.616471430281394,"test","gex_pt_dp.wohub","gex
+protein embeddings
+describeProt","without_hubness"
"6135","ACH-001542",0.666487020274137,"test","gex_pt_dp.wohub","gex
+protein embeddings
+describeProt","without_hubness"
"6136","ACH-001543",0.615021028065416,"test","gex_pt_dp.wohub","gex
+protein embeddings
+describeProt","without_hubness"
"6137","ACH-001544",0.621926612004192,"test","gex_pt_dp.wohub","gex
+protein embeddings
+describeProt","without_hubness"
"6138","ACH-001547",0.618835661454557,"test","gex_pt_dp.wohub","gex
+protein embeddings
+describeProt","without_hubness"
"6139","ACH-001548",0.610697444210158,"test","gex_pt_dp.wohub","gex
+protein embeddings
+describeProt","without_hubness"
"6140","ACH-001549",0.654919038830944,"test","gex_pt_dp.wohub","gex
+protein embeddings
+describeProt","without_hubness"
"6141","ACH-001550",0.606287788080916,"test","gex_pt_dp.wohub","gex
+protein embeddings
+describeProt","without_hubness"
"6142","ACH-001551",0.651765768347529,"test","gex_pt_dp.wohub","gex
+protein embeddings
+describeProt","without_hubness"
"6143","ACH-001552",0.61550644646611,"test","gex_pt_dp.wohub","gex
+protein embeddings
+describeProt","without_hubness"
"6144","ACH-001554",0.667728286639247,"test","gex_pt_dp.wohub","gex
+protein embeddings
+describeProt","without_hubness"
"6145","ACH-001555",0.607813102203898,"test","gex_pt_dp.wohub","gex
+protein embeddings
+describeProt","without_hubness"
"6146","ACH-001556",0.638046171586836,"test","gex_pt_dp.wohub","gex
+protein embeddings
+describeProt","without_hubness"
"6147","ACH-001557",0.615783892684529,"test","gex_pt_dp.wohub","gex
+protein embeddings
+describeProt","without_hubness"
"6148","ACH-001558",0.617755525533845,"test","gex_pt_dp.wohub","gex
+protein embeddings
+describeProt","without_hubness"
"6149","ACH-001559",0.610264857485244,"test","gex_pt_dp.wohub","gex
+protein embeddings
+describeProt","without_hubness"
"6150","ACH-001560",0.633060140086677,"test","gex_pt_dp.wohub","gex
+protein embeddings
+describeProt","without_hubness"
"6151","ACH-001562",0.655746513693322,"test","gex_pt_dp.wohub","gex
+protein embeddings
+describeProt","without_hubness"
"6152","ACH-001563",0.62288083703556,"test","gex_pt_dp.wohub","gex
+protein embeddings
+describeProt","without_hubness"
"6153","ACH-001566",0.629836930571724,"test","gex_pt_dp.wohub","gex
+protein embeddings
+describeProt","without_hubness"
"6154","ACH-001567",0.627961783965099,"test","gex_pt_dp.wohub","gex
+protein embeddings
+describeProt","without_hubness"
"6155","ACH-001568",0.634985347692767,"test","gex_pt_dp.wohub","gex
+protein embeddings
+describeProt","without_hubness"
"6156","ACH-001570",0.642298611266161,"test","gex_pt_dp.wohub","gex
+protein embeddings
+describeProt","without_hubness"
"6157","ACH-001574",0.617926557710641,"test","gex_pt_dp.wohub","gex
+protein embeddings
+describeProt","without_hubness"
"6158","ACH-001577",0.600906186937331,"test","gex_pt_dp.wohub","gex
+protein embeddings
+describeProt","without_hubness"
"6159","ACH-001603",0.599534240043006,"test","gex_pt_dp.wohub","gex
+protein embeddings
+describeProt","without_hubness"
"6160","ACH-001605",0.648724544196765,"test","gex_pt_dp.wohub","gex
+protein embeddings
+describeProt","without_hubness"
"6161","ACH-001606",0.629532876322755,"test","gex_pt_dp.wohub","gex
+protein embeddings
+describeProt","without_hubness"
"6162","ACH-001607",0.642155353170973,"test","gex_pt_dp.wohub","gex
+protein embeddings
+describeProt","without_hubness"
"6163","ACH-001608",0.634858350830011,"test","gex_pt_dp.wohub","gex
+protein embeddings
+describeProt","without_hubness"
"6164","ACH-001609",0.649116873310414,"test","gex_pt_dp.wohub","gex
+protein embeddings
+describeProt","without_hubness"
"6165","ACH-001610",0.591045689002485,"test","gex_pt_dp.wohub","gex
+protein embeddings
+describeProt","without_hubness"
"6166","ACH-001611",0.620781543684941,"test","gex_pt_dp.wohub","gex
+protein embeddings
+describeProt","without_hubness"
"6167","ACH-001616",0.6464882681138,"test","gex_pt_dp.wohub","gex
+protein embeddings
+describeProt","without_hubness"
"6168","ACH-001618",0.614359116587045,"test","gex_pt_dp.wohub","gex
+protein embeddings
+describeProt","without_hubness"
"6169","ACH-001619",0.577905042271634,"test","gex_pt_dp.wohub","gex
+protein embeddings
+describeProt","without_hubness"
"6170","ACH-001622",0.636734454073504,"test","gex_pt_dp.wohub","gex
+protein embeddings
+describeProt","without_hubness"
"6171","ACH-001623",0.606412461853551,"test","gex_pt_dp.wohub","gex
+protein embeddings
+describeProt","without_hubness"
"6172","ACH-001624",0.594214140579402,"test","gex_pt_dp.wohub","gex
+protein embeddings
+describeProt","without_hubness"
"6173","ACH-001625",0.624689942825392,"test","gex_pt_dp.wohub","gex
+protein embeddings
+describeProt","without_hubness"
"6174","ACH-001626",0.621557903648647,"test","gex_pt_dp.wohub","gex
+protein embeddings
+describeProt","without_hubness"
"6175","ACH-001627",0.655149542827132,"test","gex_pt_dp.wohub","gex
+protein embeddings
+describeProt","without_hubness"
"6176","ACH-001628",0.617560850630169,"test","gex_pt_dp.wohub","gex
+protein embeddings
+describeProt","without_hubness"
"6177","ACH-001630",0.663811596930126,"test","gex_pt_dp.wohub","gex
+protein embeddings
+describeProt","without_hubness"
"6178","ACH-001632",0.610091931549539,"test","gex_pt_dp.wohub","gex
+protein embeddings
+describeProt","without_hubness"
"6179","ACH-001634",0.638494084783726,"test","gex_pt_dp.wohub","gex
+protein embeddings
+describeProt","without_hubness"
"6180","ACH-001639",0.5824065277091,"test","gex_pt_dp.wohub","gex
+protein embeddings
+describeProt","without_hubness"
"6181","ACH-001641",0.631229433276076,"test","gex_pt_dp.wohub","gex
+protein embeddings
+describeProt","without_hubness"
"6182","ACH-001645",0.612379935951093,"test","gex_pt_dp.wohub","gex
+protein embeddings
+describeProt","without_hubness"
"6183","ACH-001647",0.627707311546654,"test","gex_pt_dp.wohub","gex
+protein embeddings
+describeProt","without_hubness"
"6184","ACH-001648",0.666026446134857,"test","gex_pt_dp.wohub","gex
+protein embeddings
+describeProt","without_hubness"
"6185","ACH-001649",0.629900885335104,"test","gex_pt_dp.wohub","gex
+protein embeddings
+describeProt","without_hubness"
"6186","ACH-001650",0.63503323106573,"test","gex_pt_dp.wohub","gex
+protein embeddings
+describeProt","without_hubness"
"6187","ACH-001652",0.65402517411913,"test","gex_pt_dp.wohub","gex
+protein embeddings
+describeProt","without_hubness"
"6188","ACH-001653",0.654139437542374,"test","gex_pt_dp.wohub","gex
+protein embeddings
+describeProt","without_hubness"
"6189","ACH-001654",0.658949071772866,"test","gex_pt_dp.wohub","gex
+protein embeddings
+describeProt","without_hubness"
"6190","ACH-001655",0.630169679335298,"test","gex_pt_dp.wohub","gex
+protein embeddings
+describeProt","without_hubness"
"6191","ACH-001656",0.644608603282809,"test","gex_pt_dp.wohub","gex
+protein embeddings
+describeProt","without_hubness"
"6192","ACH-001664",0.652346351555306,"test","gex_pt_dp.wohub","gex
+protein embeddings
+describeProt","without_hubness"
"6193","ACH-001668",0.634521719506951,"test","gex_pt_dp.wohub","gex
+protein embeddings
+describeProt","without_hubness"
"6194","ACH-001669",0.653168174554548,"test","gex_pt_dp.wohub","gex
+protein embeddings
+describeProt","without_hubness"
"6195","ACH-001670",0.623974173585658,"test","gex_pt_dp.wohub","gex
+protein embeddings
+describeProt","without_hubness"
"6196","ACH-001673",0.646082962897586,"test","gex_pt_dp.wohub","gex
+protein embeddings
+describeProt","without_hubness"
"6197","ACH-001674",0.628168064039618,"test","gex_pt_dp.wohub","gex
+protein embeddings
+describeProt","without_hubness"
"6198","ACH-001675",0.628518778540599,"test","gex_pt_dp.wohub","gex
+protein embeddings
+describeProt","without_hubness"
"6199","ACH-001677",0.635311809625209,"test","gex_pt_dp.wohub","gex
+protein embeddings
+describeProt","without_hubness"
"6200","ACH-001685",0.633595260825329,"test","gex_pt_dp.wohub","gex
+protein embeddings
+describeProt","without_hubness"
"6201","ACH-001687",0.6356996647112,"test","gex_pt_dp.wohub","gex
+protein embeddings
+describeProt","without_hubness"
"6202","ACH-001688",0.600444193230777,"test","gex_pt_dp.wohub","gex
+protein embeddings
+describeProt","without_hubness"
"6203","ACH-001690",0.665632271062303,"test","gex_pt_dp.wohub","gex
+protein embeddings
+describeProt","without_hubness"
"6204","ACH-001692",0.664365002003453,"test","gex_pt_dp.wohub","gex
+protein embeddings
+describeProt","without_hubness"
"6205","ACH-001694",0.644462574726614,"test","gex_pt_dp.wohub","gex
+protein embeddings
+describeProt","without_hubness"
"6206","ACH-001696",0.652683042382221,"test","gex_pt_dp.wohub","gex
+protein embeddings
+describeProt","without_hubness"
"6207","ACH-001698",0.619288143738144,"test","gex_pt_dp.wohub","gex
+protein embeddings
+describeProt","without_hubness"
"6208","ACH-001699",0.654666539934875,"test","gex_pt_dp.wohub","gex
+protein embeddings
+describeProt","without_hubness"
"6209","ACH-001701",0.607777374791372,"test","gex_pt_dp.wohub","gex
+protein embeddings
+describeProt","without_hubness"
"6210","ACH-001702",0.62051354743358,"test","gex_pt_dp.wohub","gex
+protein embeddings
+describeProt","without_hubness"
"6211","ACH-001707",0.615789024048272,"test","gex_pt_dp.wohub","gex
+protein embeddings
+describeProt","without_hubness"
"6212","ACH-001709",0.649680438089753,"test","gex_pt_dp.wohub","gex
+protein embeddings
+describeProt","without_hubness"
"6213","ACH-001711",0.590190603298349,"test","gex_pt_dp.wohub","gex
+protein embeddings
+describeProt","without_hubness"
"6214","ACH-001715",0.622475082242623,"test","gex_pt_dp.wohub","gex
+protein embeddings
+describeProt","without_hubness"
"6215","ACH-001719",0.641988437565007,"test","gex_pt_dp.wohub","gex
+protein embeddings
+describeProt","without_hubness"
"6216","ACH-001735",0.642955264436129,"test","gex_pt_dp.wohub","gex
+protein embeddings
+describeProt","without_hubness"
"6217","ACH-001736",0.644812432928861,"test","gex_pt_dp.wohub","gex
+protein embeddings
+describeProt","without_hubness"
"6218","ACH-001737",0.563087393563047,"test","gex_pt_dp.wohub","gex
+protein embeddings
+describeProt","without_hubness"
"6219","ACH-001740",0.630307749679284,"test","gex_pt_dp.wohub","gex
+protein embeddings
+describeProt","without_hubness"
"6220","ACH-001745",0.64087919315297,"test","gex_pt_dp.wohub","gex
+protein embeddings
+describeProt","without_hubness"
"6221","ACH-001750",0.64676283655128,"test","gex_pt_dp.wohub","gex
+protein embeddings
+describeProt","without_hubness"
"6222","ACH-001765",0.656275378346947,"test","gex_pt_dp.wohub","gex
+protein embeddings
+describeProt","without_hubness"
"6223","ACH-001786",0.583754705638678,"test","gex_pt_dp.wohub","gex
+protein embeddings
+describeProt","without_hubness"
"6224","ACH-001791",0.592897687719785,"test","gex_pt_dp.wohub","gex
+protein embeddings
+describeProt","without_hubness"
"6225","ACH-001793",0.622799586684288,"test","gex_pt_dp.wohub","gex
+protein embeddings
+describeProt","without_hubness"
"6226","ACH-001794",0.609055567032204,"test","gex_pt_dp.wohub","gex
+protein embeddings
+describeProt","without_hubness"
"6227","ACH-001795",0.637137432117613,"test","gex_pt_dp.wohub","gex
+protein embeddings
+describeProt","without_hubness"
"6228","ACH-001796",0.608279583211478,"test","gex_pt_dp.wohub","gex
+protein embeddings
+describeProt","without_hubness"
"6229","ACH-001799",0.615752744130838,"test","gex_pt_dp.wohub","gex
+protein embeddings
+describeProt","without_hubness"
"6230","ACH-001802",0.631480597817147,"test","gex_pt_dp.wohub","gex
+protein embeddings
+describeProt","without_hubness"
"6231","ACH-001804",0.587528302152303,"test","gex_pt_dp.wohub","gex
+protein embeddings
+describeProt","without_hubness"
"6232","ACH-001814",0.620864972783787,"test","gex_pt_dp.wohub","gex
+protein embeddings
+describeProt","without_hubness"
"6233","ACH-001819",0.660420845190262,"test","gex_pt_dp.wohub","gex
+protein embeddings
+describeProt","without_hubness"
"6234","ACH-001820",0.636065252714415,"test","gex_pt_dp.wohub","gex
+protein embeddings
+describeProt","without_hubness"
"6235","ACH-001834",0.619036551201474,"test","gex_pt_dp.wohub","gex
+protein embeddings
+describeProt","without_hubness"
"6236","ACH-001835",0.638492157539079,"test","gex_pt_dp.wohub","gex
+protein embeddings
+describeProt","without_hubness"
"6237","ACH-001836",0.630835973879383,"test","gex_pt_dp.wohub","gex
+protein embeddings
+describeProt","without_hubness"
"6238","ACH-001838",0.593417994394082,"test","gex_pt_dp.wohub","gex
+protein embeddings
+describeProt","without_hubness"
"6239","ACH-001839",0.635410747307329,"test","gex_pt_dp.wohub","gex
+protein embeddings
+describeProt","without_hubness"
"6240","ACH-001841",0.66589240755957,"test","gex_pt_dp.wohub","gex
+protein embeddings
+describeProt","without_hubness"
"6241","ACH-001842",0.58407798563014,"test","gex_pt_dp.wohub","gex
+protein embeddings
+describeProt","without_hubness"
"6242","ACH-001843",0.671597922310382,"test","gex_pt_dp.wohub","gex
+protein embeddings
+describeProt","without_hubness"
"6243","ACH-001844",0.635300486581636,"test","gex_pt_dp.wohub","gex
+protein embeddings
+describeProt","without_hubness"
"6244","ACH-001848",0.645408430637493,"test","gex_pt_dp.wohub","gex
+protein embeddings
+describeProt","without_hubness"
"6245","ACH-001849",0.638675959609782,"test","gex_pt_dp.wohub","gex
+protein embeddings
+describeProt","without_hubness"
"6246","ACH-001850",0.62863482921703,"test","gex_pt_dp.wohub","gex
+protein embeddings
+describeProt","without_hubness"
"6247","ACH-001852",0.673619255936568,"test","gex_pt_dp.wohub","gex
+protein embeddings
+describeProt","without_hubness"
"6248","ACH-001853",0.608191874534989,"test","gex_pt_dp.wohub","gex
+protein embeddings
+describeProt","without_hubness"
"6249","ACH-001856",0.633326336784792,"test","gex_pt_dp.wohub","gex
+protein embeddings
+describeProt","without_hubness"
"6250","ACH-001857",0.618032128752047,"test","gex_pt_dp.wohub","gex
+protein embeddings
+describeProt","without_hubness"
"6251","ACH-001858",0.647727388665325,"test","gex_pt_dp.wohub","gex
+protein embeddings
+describeProt","without_hubness"
"6252","ACH-001861",0.633664327433768,"test","gex_pt_dp.wohub","gex
+protein embeddings
+describeProt","without_hubness"
"6253","ACH-001862",0.62543712005686,"test","gex_pt_dp.wohub","gex
+protein embeddings
+describeProt","without_hubness"
"6254","ACH-001863",0.613013407709437,"test","gex_pt_dp.wohub","gex
+protein embeddings
+describeProt","without_hubness"
"6255","ACH-001864",0.638136087953827,"test","gex_pt_dp.wohub","gex
+protein embeddings
+describeProt","without_hubness"
"6256","ACH-001959",0.652012740008198,"test","gex_pt_dp.wohub","gex
+protein embeddings
+describeProt","without_hubness"
"6257","ACH-001960",0.654004584173445,"test","gex_pt_dp.wohub","gex
+protein embeddings
+describeProt","without_hubness"
"6258","ACH-001961",0.624232033550672,"test","gex_pt_dp.wohub","gex
+protein embeddings
+describeProt","without_hubness"
"6259","ACH-001970",0.583185013679645,"test","gex_pt_dp.wohub","gex
+protein embeddings
+describeProt","without_hubness"
"6260","ACH-001973",0.631253764406126,"test","gex_pt_dp.wohub","gex
+protein embeddings
+describeProt","without_hubness"
"6261","ACH-001977",0.647390313453154,"test","gex_pt_dp.wohub","gex
+protein embeddings
+describeProt","without_hubness"
"6262","ACH-001982",0.631362923426677,"test","gex_pt_dp.wohub","gex
+protein embeddings
+describeProt","without_hubness"
"6263","ACH-001991",0.605821702578798,"test","gex_pt_dp.wohub","gex
+protein embeddings
+describeProt","without_hubness"
"6264","ACH-001992",0.652069610654123,"test","gex_pt_dp.wohub","gex
+protein embeddings
+describeProt","without_hubness"
"6265","ACH-001993",0.625477356353432,"test","gex_pt_dp.wohub","gex
+protein embeddings
+describeProt","without_hubness"
"6266","ACH-001997",0.624740155851111,"test","gex_pt_dp.wohub","gex
+protein embeddings
+describeProt","without_hubness"
"6267","ACH-001999",0.633270810142374,"test","gex_pt_dp.wohub","gex
+protein embeddings
+describeProt","without_hubness"
"6268","ACH-002001",0.648814312249506,"test","gex_pt_dp.wohub","gex
+protein embeddings
+describeProt","without_hubness"
"6269","ACH-002002",0.66344281220122,"test","gex_pt_dp.wohub","gex
+protein embeddings
+describeProt","without_hubness"
"6270","ACH-002003",0.609332888302184,"test","gex_pt_dp.wohub","gex
+protein embeddings
+describeProt","without_hubness"
"6271","ACH-002005",0.612131309038508,"test","gex_pt_dp.wohub","gex
+protein embeddings
+describeProt","without_hubness"
"6272","ACH-002014",0.568665852268729,"test","gex_pt_dp.wohub","gex
+protein embeddings
+describeProt","without_hubness"
"6273","ACH-002015",0.641927296679558,"test","gex_pt_dp.wohub","gex
+protein embeddings
+describeProt","without_hubness"
"6274","ACH-002016",0.615908846086368,"test","gex_pt_dp.wohub","gex
+protein embeddings
+describeProt","without_hubness"
"6275","ACH-002017",0.630327098099775,"test","gex_pt_dp.wohub","gex
+protein embeddings
+describeProt","without_hubness"
"6276","ACH-002018",0.668059066067807,"test","gex_pt_dp.wohub","gex
+protein embeddings
+describeProt","without_hubness"
"6277","ACH-002019",0.635128134017909,"test","gex_pt_dp.wohub","gex
+protein embeddings
+describeProt","without_hubness"
"6278","ACH-002021",0.603754599096158,"test","gex_pt_dp.wohub","gex
+protein embeddings
+describeProt","without_hubness"
"6279","ACH-002023",0.649815144222989,"test","gex_pt_dp.wohub","gex
+protein embeddings
+describeProt","without_hubness"
"6280","ACH-002024",0.606169835113476,"test","gex_pt_dp.wohub","gex
+protein embeddings
+describeProt","without_hubness"
"6281","ACH-002025",0.643248997336703,"test","gex_pt_dp.wohub","gex
+protein embeddings
+describeProt","without_hubness"
"6282","ACH-002026",0.640794954619444,"test","gex_pt_dp.wohub","gex
+protein embeddings
+describeProt","without_hubness"
"6283","ACH-002027",0.649856213656755,"test","gex_pt_dp.wohub","gex
+protein embeddings
+describeProt","without_hubness"
"6284","ACH-002029",0.657985781854673,"test","gex_pt_dp.wohub","gex
+protein embeddings
+describeProt","without_hubness"
"6285","ACH-002039",0.616409294958308,"test","gex_pt_dp.wohub","gex
+protein embeddings
+describeProt","without_hubness"
"6286","ACH-002041",0.642159329501206,"test","gex_pt_dp.wohub","gex
+protein embeddings
+describeProt","without_hubness"
"6287","ACH-002042",0.642261942552087,"test","gex_pt_dp.wohub","gex
+protein embeddings
+describeProt","without_hubness"
"6288","ACH-002043",0.652988505344952,"test","gex_pt_dp.wohub","gex
+protein embeddings
+describeProt","without_hubness"
"6289","ACH-002044",0.664844512765904,"test","gex_pt_dp.wohub","gex
+protein embeddings
+describeProt","without_hubness"
"6290","ACH-002045",0.640494530839957,"test","gex_pt_dp.wohub","gex
+protein embeddings
+describeProt","without_hubness"
"6291","ACH-002046",0.638388113719753,"test","gex_pt_dp.wohub","gex
+protein embeddings
+describeProt","without_hubness"
"6292","ACH-002048",0.656880477796075,"test","gex_pt_dp.wohub","gex
+protein embeddings
+describeProt","without_hubness"
"6293","ACH-002059",0.656822711235124,"test","gex_pt_dp.wohub","gex
+protein embeddings
+describeProt","without_hubness"
"6294","ACH-002061",0.605302684077476,"test","gex_pt_dp.wohub","gex
+protein embeddings
+describeProt","without_hubness"
"6295","ACH-002062",0.613697749972799,"test","gex_pt_dp.wohub","gex
+protein embeddings
+describeProt","without_hubness"
"6296","ACH-002066",0.643686727284949,"test","gex_pt_dp.wohub","gex
+protein embeddings
+describeProt","without_hubness"
"6297","ACH-002067",0.61327516570837,"test","gex_pt_dp.wohub","gex
+protein embeddings
+describeProt","without_hubness"
"6298","ACH-002069",0.612478617600519,"test","gex_pt_dp.wohub","gex
+protein embeddings
+describeProt","without_hubness"
"6299","ACH-002080",0.65716542700078,"test","gex_pt_dp.wohub","gex
+protein embeddings
+describeProt","without_hubness"
"6300","ACH-002083",0.616230748845866,"test","gex_pt_dp.wohub","gex
+protein embeddings
+describeProt","without_hubness"
"6301","ACH-002084",0.630072747602517,"test","gex_pt_dp.wohub","gex
+protein embeddings
+describeProt","without_hubness"
"6302","ACH-002105",0.610926952199655,"test","gex_pt_dp.wohub","gex
+protein embeddings
+describeProt","without_hubness"
"6303","ACH-002106",0.607065084446105,"test","gex_pt_dp.wohub","gex
+protein embeddings
+describeProt","without_hubness"
"6304","ACH-002109",0.621950360063137,"test","gex_pt_dp.wohub","gex
+protein embeddings
+describeProt","without_hubness"
"6305","ACH-002110",0.645184916654838,"test","gex_pt_dp.wohub","gex
+protein embeddings
+describeProt","without_hubness"
"6306","ACH-002114",0.633184777169541,"test","gex_pt_dp.wohub","gex
+protein embeddings
+describeProt","without_hubness"
"6307","ACH-002116",0.636773907403162,"test","gex_pt_dp.wohub","gex
+protein embeddings
+describeProt","without_hubness"
"6308","ACH-002119",0.643960337621929,"test","gex_pt_dp.wohub","gex
+protein embeddings
+describeProt","without_hubness"
"6309","ACH-002140",0.627446521637187,"test","gex_pt_dp.wohub","gex
+protein embeddings
+describeProt","without_hubness"
"6310","ACH-002141",0.624416833882734,"test","gex_pt_dp.wohub","gex
+protein embeddings
+describeProt","without_hubness"
"6311","ACH-002143",0.599131254810381,"test","gex_pt_dp.wohub","gex
+protein embeddings
+describeProt","without_hubness"
"6312","ACH-002150",0.652926284256324,"test","gex_pt_dp.wohub","gex
+protein embeddings
+describeProt","without_hubness"
"6313","ACH-002156",0.628476891735345,"test","gex_pt_dp.wohub","gex
+protein embeddings
+describeProt","without_hubness"
"6314","ACH-002160",0.62963003865391,"test","gex_pt_dp.wohub","gex
+protein embeddings
+describeProt","without_hubness"
"6315","ACH-002161",0.649852618777812,"test","gex_pt_dp.wohub","gex
+protein embeddings
+describeProt","without_hubness"
"6316","ACH-002179",0.59622504228374,"test","gex_pt_dp.wohub","gex
+protein embeddings
+describeProt","without_hubness"
"6317","ACH-002181",0.624307807743175,"test","gex_pt_dp.wohub","gex
+protein embeddings
+describeProt","without_hubness"
"6318","ACH-002183",0.611142444398306,"test","gex_pt_dp.wohub","gex
+protein embeddings
+describeProt","without_hubness"
"6319","ACH-002186",0.620716316010121,"test","gex_pt_dp.wohub","gex
+protein embeddings
+describeProt","without_hubness"
"6320","ACH-002189",0.620628897243137,"test","gex_pt_dp.wohub","gex
+protein embeddings
+describeProt","without_hubness"
"6321","ACH-002198",0.645991423088646,"test","gex_pt_dp.wohub","gex
+protein embeddings
+describeProt","without_hubness"
"6322","ACH-002202",0.636295278642415,"test","gex_pt_dp.wohub","gex
+protein embeddings
+describeProt","without_hubness"
"6323","ACH-002210",0.636930179390837,"test","gex_pt_dp.wohub","gex
+protein embeddings
+describeProt","without_hubness"
"6324","ACH-002212",0.621575310035692,"test","gex_pt_dp.wohub","gex
+protein embeddings
+describeProt","without_hubness"
"6325","ACH-002217",0.617738877711262,"test","gex_pt_dp.wohub","gex
+protein embeddings
+describeProt","without_hubness"
"6326","ACH-002228",0.631999663803615,"test","gex_pt_dp.wohub","gex
+protein embeddings
+describeProt","without_hubness"
"6327","ACH-002229",0.614421059876638,"test","gex_pt_dp.wohub","gex
+protein embeddings
+describeProt","without_hubness"
"6328","ACH-002230",0.622257944833864,"test","gex_pt_dp.wohub","gex
+protein embeddings
+describeProt","without_hubness"
"6329","ACH-002233",0.592381704840421,"test","gex_pt_dp.wohub","gex
+protein embeddings
+describeProt","without_hubness"
"6330","ACH-002234",0.633897128903677,"test","gex_pt_dp.wohub","gex
+protein embeddings
+describeProt","without_hubness"
"6331","ACH-002239",0.623138978078218,"test","gex_pt_dp.wohub","gex
+protein embeddings
+describeProt","without_hubness"
"6332","ACH-002243",0.62920027332533,"test","gex_pt_dp.wohub","gex
+protein embeddings
+describeProt","without_hubness"
"6333","ACH-002247",0.670339781338113,"test","gex_pt_dp.wohub","gex
+protein embeddings
+describeProt","without_hubness"
"6334","ACH-002249",0.638041347297303,"test","gex_pt_dp.wohub","gex
+protein embeddings
+describeProt","without_hubness"
"6335","ACH-002250",0.641694808925692,"test","gex_pt_dp.wohub","gex
+protein embeddings
+describeProt","without_hubness"
"6336","ACH-002251",0.636740558373927,"test","gex_pt_dp.wohub","gex
+protein embeddings
+describeProt","without_hubness"
"6337","ACH-002257",0.608385690739888,"test","gex_pt_dp.wohub","gex
+protein embeddings
+describeProt","without_hubness"
"6338","ACH-002261",0.620247242849928,"test","gex_pt_dp.wohub","gex
+protein embeddings
+describeProt","without_hubness"
"6339","ACH-002263",0.642569159067058,"test","gex_pt_dp.wohub","gex
+protein embeddings
+describeProt","without_hubness"
"6340","ACH-002265",0.622203725065869,"test","gex_pt_dp.wohub","gex
+protein embeddings
+describeProt","without_hubness"
"6341","ACH-002269",0.628794406745232,"test","gex_pt_dp.wohub","gex
+protein embeddings
+describeProt","without_hubness"
"6342","ACH-002278",0.587278446519674,"test","gex_pt_dp.wohub","gex
+protein embeddings
+describeProt","without_hubness"
"6343","ACH-002280",0.599425872147313,"test","gex_pt_dp.wohub","gex
+protein embeddings
+describeProt","without_hubness"
"6344","ACH-002282",0.605258036483973,"test","gex_pt_dp.wohub","gex
+protein embeddings
+describeProt","without_hubness"
"6345","ACH-002283",0.62681149593995,"test","gex_pt_dp.wohub","gex
+protein embeddings
+describeProt","without_hubness"
"6346","ACH-002284",0.61869097461733,"test","gex_pt_dp.wohub","gex
+protein embeddings
+describeProt","without_hubness"
"6347","ACH-002285",0.637793388338021,"test","gex_pt_dp.wohub","gex
+protein embeddings
+describeProt","without_hubness"
"6348","ACH-002294",0.630742782783601,"test","gex_pt_dp.wohub","gex
+protein embeddings
+describeProt","without_hubness"
"6349","ACH-002295",0.638540495926246,"test","gex_pt_dp.wohub","gex
+protein embeddings
+describeProt","without_hubness"
"6350","ACH-002296",0.645173335683125,"test","gex_pt_dp.wohub","gex
+protein embeddings
+describeProt","without_hubness"
"6351","ACH-002297",0.641425146957333,"test","gex_pt_dp.wohub","gex
+protein embeddings
+describeProt","without_hubness"
"6352","ACH-002298",0.634430847775357,"test","gex_pt_dp.wohub","gex
+protein embeddings
+describeProt","without_hubness"
"6353","ACH-002304",0.629001327143125,"test","gex_pt_dp.wohub","gex
+protein embeddings
+describeProt","without_hubness"
"6354","ACH-002305",0.641131595620623,"test","gex_pt_dp.wohub","gex
+protein embeddings
+describeProt","without_hubness"
"6355","ACH-002399",0.614405859817683,"test","gex_pt_dp.wohub","gex
+protein embeddings
+describeProt","without_hubness"
"6356","ACH-002446",0.616486623661032,"test","gex_pt_dp.wohub","gex
+protein embeddings
+describeProt","without_hubness"
"6357","ACH-002458",0.608181163147232,"test","gex_pt_dp.wohub","gex
+protein embeddings
+describeProt","without_hubness"
"6358","ACH-002459",0.654225058065895,"test","gex_pt_dp.wohub","gex
+protein embeddings
+describeProt","without_hubness"
"6359","ACH-002460",0.624467253006895,"test","gex_pt_dp.wohub","gex
+protein embeddings
+describeProt","without_hubness"
"6360","ACH-002461",0.625651296488662,"test","gex_pt_dp.wohub","gex
+protein embeddings
+describeProt","without_hubness"
"6361","ACH-002462",0.636676728886661,"test","gex_pt_dp.wohub","gex
+protein embeddings
+describeProt","without_hubness"
"6362","ACH-002463",0.616057935507242,"test","gex_pt_dp.wohub","gex
+protein embeddings
+describeProt","without_hubness"
"6363","ACH-002464",0.611179735734711,"test","gex_pt_dp.wohub","gex
+protein embeddings
+describeProt","without_hubness"
"6364","ACH-002465",0.633124997581783,"test","gex_pt_dp.wohub","gex
+protein embeddings
+describeProt","without_hubness"
"6365","ACH-002467",0.623548425066685,"test","gex_pt_dp.wohub","gex
+protein embeddings
+describeProt","without_hubness"
"6366","ACH-002471",0.592741256001219,"test","gex_pt_dp.wohub","gex
+protein embeddings
+describeProt","without_hubness"
"6367","ACH-002508",0.632006406770987,"test","gex_pt_dp.wohub","gex
+protein embeddings
+describeProt","without_hubness"
"6368","ACH-002510",0.618739025304626,"test","gex_pt_dp.wohub","gex
+protein embeddings
+describeProt","without_hubness"
"6369","ACH-002511",0.61884005861011,"test","gex_pt_dp.wohub","gex
+protein embeddings
+describeProt","without_hubness"
"6370","ACH-002512",0.591153573787972,"test","gex_pt_dp.wohub","gex
+protein embeddings
+describeProt","without_hubness"
"6371","ACH-002647",0.594842700905544,"test","gex_pt_dp.wohub","gex
+protein embeddings
+describeProt","without_hubness"
"6372","ACH-002659",0.638408486553734,"test","gex_pt_dp.wohub","gex
+protein embeddings
+describeProt","without_hubness"
"6373","ACH-002664",0.657047774299108,"test","gex_pt_dp.wohub","gex
+protein embeddings
+describeProt","without_hubness"
"6374","ACH-002669",0.647279838303581,"test","gex_pt_dp.wohub","gex
+protein embeddings
+describeProt","without_hubness"
"6375","ACH-002672",0.635610383753622,"test","gex_pt_dp.wohub","gex
+protein embeddings
+describeProt","without_hubness"
"6376","ACH-002680",0.647188017103003,"test","gex_pt_dp.wohub","gex
+protein embeddings
+describeProt","without_hubness"
"6377","ACH-002687",0.630910796770919,"test","gex_pt_dp.wohub","gex
+protein embeddings
+describeProt","without_hubness"
"6378","ACH-002693",0.62120058923272,"test","gex_pt_dp.wohub","gex
+protein embeddings
+describeProt","without_hubness"
"6379","ACH-002710",0.649303011027634,"test","gex_pt_dp.wohub","gex
+protein embeddings
+describeProt","without_hubness"
"6380","ACH-002785",0.64169248849842,"test","gex_pt_dp.wohub","gex
+protein embeddings
+describeProt","without_hubness"
"6381","ACH-002800",0.627841001712764,"test","gex_pt_dp.wohub","gex
+protein embeddings
+describeProt","without_hubness"
"6382","ACH-002834",0.598054202699416,"test","gex_pt_dp.wohub","gex
+protein embeddings
+describeProt","without_hubness"
"6383","ACH-002847",0.63531959350043,"test","gex_pt_dp.wohub","gex
+protein embeddings
+describeProt","without_hubness"
"6384","ACH-002926",0.639901169162239,"test","gex_pt_dp.wohub","gex
+protein embeddings
+describeProt","without_hubness"
